date,value
1990-04-02,0.55000
1990-04-03,0.55500
1990-04-04,0.56000
1990-04-05,0.54000
1990-04-06,0.53600
1990-04-09,0.53600
1990-04-10,0.54000
1990-04-11,0.55100
1990-04-13,0.52800
1990-04-16,0.56200
1990-04-17,0.55300
1990-04-18,0.53200
1990-04-19,0.53100
1990-04-20,0.53800
1990-04-24,0.53000
1990-04-25,0.52200
1990-04-26,0.52800
1990-04-30,0.52500
1990-05-01,0.54500
1990-05-02,0.52900
1990-05-03,0.50700
1990-05-04,0.50600
1990-05-07,0.50200
1990-05-08,0.53300
1990-05-09,0.52100
1990-05-10,0.52700
1990-05-14,0.52900
1990-05-15,0.51900
1990-05-16,0.51600
1990-05-17,0.51900
1990-05-18,0.51800
1990-05-21,0.51400
1990-05-23,0.50700
1990-05-24,0.50900
1990-05-25,0.49600
1990-05-30,0.51100
1990-05-31,0.50400
1990-06-01,0.49800
1990-06-04,0.49000
1990-06-05,0.47500
1990-06-06,0.49000
1990-06-07,0.48700
1990-06-08,0.49200
1990-06-11,0.48700
1990-06-12,0.49800
1990-06-13,0.50200
1990-06-14,0.49900
1990-06-15,0.49800
1990-06-19,0.48400
1990-06-20,0.49200
1990-06-21,0.49200
1990-06-22,0.50000
1990-06-25,0.50300
1990-06-26,0.49600
1990-06-27,0.49600
1990-06-28,0.50400
1990-06-29,0.49700
1990-07-02,0.49700
1990-07-03,0.49300
1990-07-05,0.49200
1990-07-06,0.48800
1990-07-09,0.49000
1990-07-10,0.49600
1990-07-11,0.50200
1990-07-13,0.53700
1990-07-16,0.55600
1990-07-17,0.55400
1990-07-18,0.55400
1990-07-19,0.55700
1990-07-20,0.54900
1990-07-23,0.55600
1990-07-24,0.56100
1990-07-25,0.55500
1990-07-26,0.56100
1990-07-27,0.55700
1990-07-30,0.57100
1990-07-31,0.57100
1990-08-01,0.59600
1990-08-02,0.62000
1990-08-03,0.64000
1990-08-06,0.73600
1990-08-07,0.77400
1990-08-08,0.67400
1990-08-09,0.69000
1990-08-10,0.74100
1990-08-13,0.76900
1990-08-14,0.75500
1990-08-15,0.75100
1990-08-16,0.77200
1990-08-17,0.82700
1990-08-20,0.86200
1990-08-21,0.87000
1990-08-22,0.97600
1990-08-23,1.05800
1990-08-24,0.99000
1990-08-27,0.84200
1990-08-28,0.85000
1990-08-29,0.78900
1990-08-30,0.80800
1990-09-04,0.87300
1990-09-05,0.88100
1990-09-06,0.95000
1990-09-07,0.91300
1990-09-10,0.93800
1990-09-11,0.89800
1990-09-12,0.90400
1990-09-13,0.92300
1990-09-14,0.91800
1990-09-17,0.94000
1990-09-18,0.95500
1990-09-19,0.96300
1990-09-20,1.00100
1990-09-21,1.06700
1990-09-24,1.16700
1990-09-25,1.18700
1990-09-26,1.21100
1990-09-27,1.23900
1990-09-28,1.30000
1990-10-01,1.24000
1990-10-02,1.16000
1990-10-03,1.22000
1990-10-05,1.32700
1990-10-08,1.32000
1990-10-09,1.38700
1990-10-11,1.40100
1990-10-12,1.43100
1990-10-15,1.39300
1990-10-16,1.33500
1990-10-17,1.23800
1990-10-18,1.14500
1990-10-19,1.01900
1990-10-22,0.89500
1990-10-23,0.94600
1990-10-24,0.99100
1990-10-25,1.10400
1990-10-26,1.07300
1990-10-29,1.12400
1990-10-30,1.11300
1990-10-31,1.03700
1990-11-01,1.03900
1990-11-02,1.00900
1990-11-05,0.98000
1990-11-06,0.98900
1990-11-07,1.04200
1990-11-08,1.08800
1990-11-09,1.02300
1990-11-12,0.98000
1990-11-13,0.99300
1990-11-14,0.96200
1990-11-15,0.91900
1990-11-16,0.89700
1990-11-20,0.89000
1990-11-23,0.91700
1990-11-26,0.97200
1990-11-27,0.96800
1990-11-28,0.96700
1990-11-29,0.95300
1990-11-30,0.91400
1990-12-03,0.88400
1990-12-04,0.88200
1990-12-05,0.85000
1990-12-06,0.83000
1990-12-07,0.81800
1990-12-10,0.82000
1990-12-11,0.78200
1990-12-12,0.73700
1990-12-13,0.73300
1990-12-14,0.75100
1990-12-17,0.75300
1990-12-18,0.75700
1990-12-20,0.78800
1990-12-21,0.79700
1990-12-24,0.82200
1990-12-26,0.82000
1990-12-27,0.81700
1990-12-28,0.81400
1990-12-31,0.82900
1991-01-02,0.77300
1991-01-03,0.73000
1991-01-04,0.69600
1991-01-07,0.77400
1991-01-08,0.76500
1991-01-09,0.79100
1991-01-10,0.79900
1991-01-11,0.79900
1991-01-14,0.94500
1991-01-15,0.88200
1991-01-16,0.91900
1991-01-17,0.63000
1991-01-18,0.61800
1991-01-21,0.66800
1991-01-22,0.71800
1991-01-23,0.71400
1991-01-24,0.69600
1991-01-25,0.69400
1991-01-28,0.68300
1991-01-29,0.70500
1991-01-30,0.65500
1991-01-31,0.66100
1991-02-01,0.65000
1991-02-04,0.64700
1991-02-05,0.66900
1991-02-06,0.69500
1991-02-07,0.68000
1991-02-08,0.69300
1991-02-11,0.72400
1991-02-12,0.71800
1991-02-13,0.67100
1991-02-14,0.66000
1991-02-15,0.62600
1991-02-18,0.62600
1991-02-19,0.60400
1991-02-20,0.64500
1991-02-21,0.60400
1991-02-22,0.57700
1991-02-25,0.59000
1991-02-26,0.56500
1991-02-27,0.54900
1991-03-01,0.54300
1991-03-04,0.55900
1991-03-05,0.57100
1991-03-06,0.55900
1991-03-07,0.55700
1991-03-08,0.55800
1991-03-11,0.54800
1991-03-12,0.56300
1991-03-14,0.56100
1991-03-15,0.55200
1991-03-18,0.54900
1991-03-19,0.57300
1991-03-20,0.56400
1991-03-21,0.57200
1991-03-22,0.57000
1991-03-25,0.55200
1991-03-26,0.55600
1991-03-27,0.54900
1991-03-28,0.55200
1991-04-01,0.53600
1991-04-02,0.53800
1991-04-03,0.52900
1991-04-04,0.54100
1991-04-05,0.54500
1991-04-08,0.54700
1991-04-09,0.55200
1991-04-10,0.56100
1991-04-11,0.55500
1991-04-12,0.56200
1991-04-15,0.57000
1991-04-16,0.55200
1991-04-17,0.55700
1991-04-18,0.55000
1991-04-19,0.55400
1991-04-22,0.56900
1991-04-23,0.56600
1991-04-25,0.55600
1991-04-26,0.55400
1991-04-29,0.55200
1991-04-30,0.53400
1991-05-01,0.55400
1991-05-02,0.54900
1991-05-03,0.55400
1991-05-06,0.56200
1991-05-07,0.56500
1991-05-08,0.56300
1991-05-09,0.57400
1991-05-10,0.56700
1991-05-13,0.56100
1991-05-14,0.56300
1991-05-15,0.57300
1991-05-16,0.57500
1991-05-17,0.57800
1991-05-20,0.57700
1991-05-21,0.57500
1991-05-22,0.57400
1991-05-23,0.57900
1991-05-24,0.57300
1991-05-28,0.57600
1991-05-29,0.57000
1991-05-30,0.58300
1991-05-31,0.57800
1991-06-03,0.57200
1991-06-04,0.56400
1991-06-05,0.55200
1991-06-06,0.55100
1991-06-07,0.54700
1991-06-10,0.53400
1991-06-12,0.54700
1991-06-13,0.54100
1991-06-14,0.54300
1991-06-17,0.54300
1991-06-18,0.54000
1991-06-19,0.54000
1991-06-20,0.54900
1991-06-21,0.54700
1991-06-24,0.54100
1991-06-25,0.54000
1991-06-26,0.54300
1991-06-28,0.56200
1991-07-02,0.56900
1991-07-03,0.56500
1991-07-04,0.56500
1991-07-08,0.57800
1991-07-09,0.57400
1991-07-10,0.58500
1991-07-11,0.58300
1991-07-12,0.60100
1991-07-16,0.59100
1991-07-17,0.60000
1991-07-18,0.58800
1991-07-19,0.59300
1991-07-22,0.59000
1991-07-23,0.57800
1991-07-24,0.58900
1991-07-25,0.59000
1991-07-26,0.59500
1991-07-29,0.59500
1991-07-31,0.60900
1991-08-02,0.60100
1991-08-05,0.60200
1991-08-06,0.58700
1991-08-07,0.59100
1991-08-08,0.59900
1991-08-09,0.60700
1991-08-12,0.61000
1991-08-13,0.61000
1991-08-14,0.60700
1991-08-15,0.61600
1991-08-16,0.61900
1991-08-19,0.65800
1991-08-21,0.63100
1991-08-22,0.63500
1991-08-23,0.63400
1991-08-26,0.63700
1991-08-27,0.63100
1991-08-28,0.64400
1991-08-29,0.65200
1991-08-30,0.66000
1991-09-02,0.66500
1991-09-03,0.65700
1991-09-04,0.63500
1991-09-05,0.63700
1991-09-06,0.63400
1991-09-09,0.62700
1991-09-10,0.62000
1991-09-11,0.62800
1991-09-12,0.62300
1991-09-13,0.62600
1991-09-16,0.62900
1991-09-17,0.62000
1991-09-18,0.62700
1991-09-19,0.62700
1991-09-20,0.63200
1991-09-23,0.64400
1991-09-24,0.64100
1991-09-25,0.64000
1991-09-26,0.63600
1991-09-27,0.65000
1991-09-30,0.64100
1991-10-01,0.63700
1991-10-02,0.64400
1991-10-03,0.64900
1991-10-04,0.64300
1991-10-07,0.65600
1991-10-08,0.65800
1991-10-10,0.65800
1991-10-14,0.67700
1991-10-15,0.67800
1991-10-17,0.68300
1991-10-18,0.68400
1991-10-21,0.68800
1991-10-22,0.69100
1991-10-23,0.67500
1991-10-24,0.68700
1991-10-25,0.67800
1991-10-28,0.68600
1991-10-29,0.68700
1991-10-30,0.68400
1991-10-31,0.68900
1991-11-01,0.69600
1991-11-04,0.70500
1991-11-05,0.70900
1991-11-06,0.70000
1991-11-08,0.67900
1991-11-11,0.66200
1991-11-12,0.65200
1991-11-13,0.64000
1991-11-15,0.65800
1991-11-18,0.63600
1991-11-19,0.62500
1991-11-21,0.61700
1991-11-22,0.60200
1991-11-25,0.60600
1991-11-26,0.59800
1991-11-27,0.60200
1991-11-28,0.60200
1991-11-29,0.61800
1991-12-02,0.60100
1991-12-03,0.57800
1991-12-04,0.58200
1991-12-05,0.57300
1991-12-06,0.54700
1991-12-09,0.51500
1991-12-10,0.51500
1991-12-11,0.52200
1991-12-12,0.52800
1991-12-13,0.54000
1991-12-16,0.53700
1991-12-17,0.52700
1991-12-18,0.51800
1991-12-19,0.50800
1991-12-20,0.48700
1991-12-23,0.49000
1991-12-24,0.48900
1991-12-26,0.47400
1991-12-27,0.47500
1991-12-30,0.47000
1991-12-31,0.48000
1992-01-03,0.48500
1992-01-06,0.48500
1992-01-07,0.46900
1992-01-08,0.45600
1992-01-09,0.46500
1992-01-10,0.48400
1992-01-13,0.51900
1992-01-14,0.50100
1992-01-15,0.51400
1992-01-16,0.52500
1992-01-17,0.52800
1992-01-20,0.53100
1992-01-22,0.51500
1992-01-23,0.52000
1992-01-27,0.54300
1992-01-28,0.53000
1992-01-30,0.52500
1992-01-31,0.53600
1992-02-03,0.53700
1992-02-04,0.56000
1992-02-05,0.56800
1992-02-06,0.55900
1992-02-07,0.57000
1992-02-10,0.57400
1992-02-11,0.56200
1992-02-12,0.56300
1992-02-13,0.56600
1992-02-14,0.55400
1992-02-18,0.52200
1992-02-19,0.53100
1992-02-20,0.53200
1992-02-21,0.53100
1992-02-24,0.52000
1992-02-25,0.51700
1992-02-26,0.51300
1992-02-28,0.51900
1992-03-02,0.50600
1992-03-03,0.51400
1992-03-04,0.51700
1992-03-05,0.51400
1992-03-06,0.50900
1992-03-09,0.50600
1992-03-10,0.51000
1992-03-11,0.50200
1992-03-12,0.51300
1992-03-16,0.52800
1992-03-17,0.53000
1992-03-18,0.52100
1992-03-19,0.53100
1992-03-20,0.51700
1992-03-23,0.52200
1992-03-24,0.51500
1992-03-25,0.51100
1992-03-26,0.50700
1992-03-27,0.50100
1992-03-30,0.50200
1992-03-31,0.51200
1992-04-01,0.52600
1992-04-02,0.52400
1992-04-03,0.53800
1992-04-06,0.54300
1992-04-07,0.54300
1992-04-08,0.54400
1992-04-09,0.53600
1992-04-10,0.54300
1992-04-13,0.53600
1992-04-14,0.53500
1992-04-15,0.54000
1992-04-16,0.55100
1992-04-20,0.55300
1992-04-21,0.56000
1992-04-22,0.54400
1992-04-23,0.54000
1992-04-24,0.53900
1992-04-27,0.53900
1992-04-28,0.54800
1992-04-29,0.55800
1992-04-30,0.56500
1992-05-01,0.57100
1992-05-04,0.57900
1992-05-05,0.57400
1992-05-06,0.57700
1992-05-07,0.58300
1992-05-11,0.59100
1992-05-12,0.58700
1992-05-13,0.57600
1992-05-14,0.57000
1992-05-15,0.57300
1992-05-19,0.56400
1992-05-20,0.55400
1992-05-21,0.56200
1992-05-22,0.56400
1992-05-26,0.59900
1992-05-27,0.59600
1992-05-28,0.60200
1992-06-01,0.60700
1992-06-02,0.61100
1992-06-03,0.60900
1992-06-04,0.61000
1992-06-05,0.61700
1992-06-08,0.61400
1992-06-10,0.61600
1992-06-11,0.61000
1992-06-12,0.61200
1992-06-16,0.60500
1992-06-17,0.60900
1992-06-18,0.61100
1992-06-19,0.61300
1992-06-22,0.62000
1992-06-23,0.62400
1992-06-25,0.63300
1992-06-26,0.62400
1992-06-29,0.62500
1992-06-30,0.60800
1992-07-01,0.60600
1992-07-06,0.60400
1992-07-07,0.59100
1992-07-08,0.59200
1992-07-09,0.59800
1992-07-10,0.60300
1992-07-13,0.60800
1992-07-14,0.60400
1992-07-15,0.61000
1992-07-16,0.60700
1992-07-17,0.60500
1992-07-20,0.61500
1992-07-21,0.61000
1992-07-22,0.61800
1992-07-23,0.62800
1992-07-24,0.63200
1992-07-27,0.63300
1992-07-28,0.62800
1992-07-29,0.61700
1992-07-30,0.61100
1992-07-31,0.61300
1992-08-03,0.59800
1992-08-04,0.58700
1992-08-05,0.58500
1992-08-07,0.58700
1992-08-10,0.58200
1992-08-11,0.57300
1992-08-12,0.58000
1992-08-13,0.58900
1992-08-14,0.59000
1992-08-17,0.59600
1992-08-18,0.59000
1992-08-19,0.58500
1992-08-20,0.58800
1992-08-21,0.58200
1992-08-24,0.59700
1992-08-25,0.58400
1992-08-26,0.58700
1992-08-27,0.59400
1992-08-28,0.60300
1992-08-31,0.61500
1992-09-01,0.61600
1992-09-02,0.60500
1992-09-04,0.60700
1992-09-07,0.60700
1992-09-08,0.61500
1992-09-10,0.61800
1992-09-11,0.62400
1992-09-14,0.63700
1992-09-15,0.62400
1992-09-16,0.63000
1992-09-17,0.62300
1992-09-18,0.61900
1992-09-21,0.62200
1992-09-22,0.62800
1992-09-23,0.64100
1992-09-24,0.63400
1992-09-25,0.62800
1992-09-28,0.63300
1992-09-29,0.63400
1992-09-30,0.63000
1992-10-01,0.63200
1992-10-02,0.63200
1992-10-05,0.62900
1992-10-06,0.62700
1992-10-07,0.63000
1992-10-08,0.63100
1992-10-09,0.64800
1992-10-12,0.64600
1992-10-13,0.63400
1992-10-14,0.63300
1992-10-15,0.63900
1992-10-16,0.62900
1992-10-20,0.62300
1992-10-21,0.61500
1992-10-22,0.60800
1992-10-23,0.60700
1992-10-26,0.60500
1992-10-27,0.60000
1992-10-28,0.60300
1992-10-29,0.58400
1992-10-30,0.58100
1992-11-02,0.58200
1992-11-03,0.57300
1992-11-04,0.56500
1992-11-05,0.57100
1992-11-06,0.55500
1992-11-10,0.56200
1992-11-11,0.56500
1992-11-12,0.55900
1992-11-13,0.56000
1992-11-16,0.57200
1992-11-17,0.56600
1992-11-18,0.54900
1992-11-19,0.55900
1992-11-20,0.55900
1992-11-23,0.54500
1992-11-24,0.55000
1992-11-25,0.55800
1992-11-27,0.55800
1992-11-30,0.55000
1992-12-01,0.54200
1992-12-02,0.54100
1992-12-03,0.52400
1992-12-04,0.52100
1992-12-07,0.53200
1992-12-08,0.51800
1992-12-09,0.52700
1992-12-10,0.54300
1992-12-11,0.53100
1992-12-14,0.52500
1992-12-15,0.51800
1992-12-16,0.53600
1992-12-17,0.54400
1992-12-18,0.54300
1992-12-21,0.55500
1992-12-22,0.55700
1992-12-23,0.57700
1992-12-24,0.57700
1992-12-28,0.56600
1992-12-29,0.56800
1992-12-30,0.56800
1992-12-31,0.56500
1993-01-04,0.54500
1993-01-06,0.53900
1993-01-07,0.53300
1993-01-08,0.53400
1993-01-11,0.53700
1993-01-12,0.51700
1993-01-13,0.51600
1993-01-14,0.52600
1993-01-15,0.52700
1993-01-18,0.52700
1993-01-19,0.52100
1993-01-20,0.51200
1993-01-21,0.51600
1993-01-25,0.54400
1993-01-26,0.55400
1993-01-27,0.54400
1993-01-28,0.56800
1993-02-01,0.56400
1993-02-05,0.56200
1993-02-08,0.56100
1993-02-09,0.55900
1993-02-10,0.55800
1993-02-11,0.55500
1993-02-12,0.54000
1993-02-16,0.53500
1993-02-17,0.53000
1993-02-18,0.52700
1993-02-19,0.53700
1993-02-22,0.54900
1993-02-23,0.55800
1993-02-24,0.55800
1993-02-25,0.57600
1993-02-26,0.56700
1993-03-01,0.56700
1993-03-02,0.56200
1993-03-03,0.56800
1993-03-04,0.58400
1993-03-05,0.57700
1993-03-08,0.56200
1993-03-09,0.56600
1993-03-10,0.56200
1993-03-11,0.55400
1993-03-15,0.55400
1993-03-16,0.56000
1993-03-17,0.56000
1993-03-18,0.56200
1993-03-19,0.55600
1993-03-22,0.54800
1993-03-23,0.56000
1993-03-24,0.55800
1993-03-25,0.55600
1993-03-26,0.54800
1993-03-29,0.54000
1993-03-30,0.53100
1993-03-31,0.54200
1993-04-01,0.55000
1993-04-02,0.55600
1993-04-05,0.55100
1993-04-06,0.54300
1993-04-07,0.55400
1993-04-08,0.54800
1993-04-12,0.55400
1993-04-13,0.55100
1993-04-14,0.55500
1993-04-15,0.55500
1993-04-16,0.55500
1993-04-19,0.55000
1993-04-22,0.54200
1993-04-23,0.55300
1993-04-26,0.55300
1993-04-27,0.55000
1993-04-29,0.55600
1993-04-30,0.55100
1993-05-03,0.55800
1993-05-04,0.56000
1993-05-05,0.56100
1993-05-06,0.56000
1993-05-07,0.56500
1993-05-10,0.56800
1993-05-11,0.56300
1993-05-12,0.55500
1993-05-13,0.54400
1993-05-14,0.54000
1993-05-17,0.54700
1993-05-18,0.54700
1993-05-19,0.54800
1993-05-21,0.55300
1993-05-24,0.54500
1993-05-25,0.54800
1993-05-26,0.54700
1993-05-27,0.55100
1993-05-28,0.55200
1993-06-01,0.55300
1993-06-02,0.54900
1993-06-03,0.54300
1993-06-04,0.54000
1993-06-07,0.53200
1993-06-08,0.53000
1993-06-09,0.53400
1993-06-10,0.52600
1993-06-11,0.52400
1993-06-14,0.51800
1993-06-15,0.51500
1993-06-16,0.51900
1993-06-17,0.51700
1993-06-23,0.51900
1993-06-24,0.51800
1993-06-25,0.51800
1993-06-28,0.52300
1993-06-29,0.52400
1993-06-30,0.52100
1993-07-01,0.51100
1993-07-02,0.50200
1993-07-06,0.50600
1993-07-07,0.50000
1993-07-08,0.49100
1993-07-09,0.49800
1993-07-14,0.48100
1993-07-15,0.48700
1993-07-16,0.47600
1993-07-20,0.48400
1993-07-21,0.49000
1993-07-22,0.48600
1993-07-23,0.49100
1993-07-26,0.49200
1993-07-27,0.50900
1993-07-28,0.50500
1993-07-29,0.49600
1993-07-30,0.48700
1993-08-02,0.49600
1993-08-03,0.49000
1993-08-04,0.48800
1993-08-05,0.48200
1993-08-06,0.47500
1993-08-09,0.48100
1993-08-10,0.47700
1993-08-11,0.49200
1993-08-12,0.50100
1993-08-13,0.51200
1993-08-16,0.50000
1993-08-17,0.50300
1993-08-19,0.50500
1993-08-20,0.50900
1993-08-23,0.51600
1993-08-24,0.51200
1993-08-25,0.51100
1993-08-30,0.52400
1993-09-01,0.52000
1993-09-03,0.52300
1993-09-08,0.50700
1993-09-09,0.51300
1993-09-10,0.51200
1993-09-13,0.51300
1993-09-15,0.51800
1993-09-16,0.51500
1993-09-20,0.55000
1993-09-21,0.55300
1993-09-22,0.54700
1993-09-23,0.55400
1993-09-28,0.55800
1993-09-29,0.57500
1993-09-30,0.58600
1993-10-01,0.57600
1993-10-04,0.56600
1993-10-05,0.56500
1993-10-06,0.56900
1993-10-07,0.57400
1993-10-08,0.57700
1993-10-12,0.57800
1993-10-13,0.57500
1993-10-19,0.56500
1993-10-20,0.56800
1993-10-22,0.56300
1993-10-25,0.56100
1993-10-26,0.55900
1993-10-27,0.56500
1993-10-28,0.56200
1993-10-29,0.55000
1993-11-03,0.55300
1993-11-04,0.54700
1993-11-05,0.52800
1993-11-09,0.52200
1993-11-11,0.53900
1993-11-12,0.53700
1993-11-15,0.53600
1993-11-16,0.53100
1993-11-17,0.54400
1993-11-22,0.54900
1993-11-24,0.52700
1993-11-29,0.49200
1993-11-30,0.49300
1993-12-01,0.49100
1993-12-02,0.46900
1993-12-06,0.44700
1993-12-08,0.41900
1993-12-09,0.42300
1993-12-10,0.44200
1993-12-13,0.42700
1993-12-14,0.42700
1993-12-15,0.43300
1993-12-20,0.45100
1993-12-21,0.44600
1993-12-22,0.45200
1993-12-23,0.45000
1993-12-27,0.45000
1993-12-29,0.45800
1993-12-30,0.45600
1994-01-04,0.48300
1994-01-10,0.48600
1994-01-11,0.51200
1994-01-12,0.50900
1994-01-13,0.51800
1994-01-14,0.59800
1994-01-18,0.53100
1994-01-19,0.54000
1994-01-20,0.52000
1994-01-24,0.53400
1994-01-25,0.54700
1994-01-26,0.56600
1994-01-27,0.57600
1994-01-28,0.57100
1994-01-31,0.55100
1994-02-01,0.57700
1994-02-02,0.60400
1994-02-03,0.59100
1994-02-04,0.57300
1994-02-07,0.53800
1994-02-08,0.54800
1994-02-09,0.50500
1994-02-10,0.51400
1994-02-11,0.52300
1994-02-14,0.48900
1994-02-17,0.43400
1994-02-22,0.44900
1994-02-23,0.45200
1994-02-24,0.46200
1994-02-25,0.46800
1994-02-28,0.45200
1994-03-01,0.46600
1994-03-02,0.45800
1994-03-03,0.45800
1994-03-04,0.45400
1994-03-07,0.44000
1994-03-08,0.44200
1994-03-10,0.43400
1994-03-11,0.44200
1994-03-14,0.44100
1994-03-15,0.46000
1994-03-16,0.46100
1994-03-17,0.45900
1994-03-18,0.46100
1994-03-21,0.46600
1994-03-22,0.46300
1994-03-23,0.45800
1994-03-24,0.45800
1994-03-29,0.44700
1994-03-30,0.42900
1994-03-31,0.43100
1994-04-04,0.47000
1994-04-05,0.46600
1994-04-06,0.46100
1994-04-07,0.45400
1994-04-08,0.45700
1994-04-11,0.46200
1994-04-12,0.46400
1994-04-13,0.46600
1994-04-18,0.47700
1994-04-19,0.46800
1994-04-22,0.47900
1994-04-26,0.47700
1994-04-27,0.47200
1994-04-28,0.46400
1994-04-29,0.46700
1994-05-02,0.46800
1994-05-03,0.45800
1994-05-04,0.45600
1994-05-05,0.46300
1994-05-06,0.47500
1994-05-09,0.47700
1994-05-10,0.47000
1994-05-11,0.47500
1994-05-12,0.47600
1994-05-13,0.47800
1994-05-16,0.47200
1994-05-17,0.46400
1994-05-18,0.47100
1994-05-20,0.47800
1994-05-24,0.47200
1994-05-27,0.48000
1994-05-31,0.48900
1994-06-01,0.48600
1994-06-03,0.47700
1994-06-06,0.46900
1994-06-07,0.45300
1994-06-08,0.45900
1994-06-09,0.46500
1994-06-10,0.46900
1994-06-13,0.47700
1994-06-14,0.48500
1994-06-15,0.51200
1994-06-16,0.51000
1994-06-20,0.52000
1994-06-23,0.51200
1994-06-24,0.50900
1994-06-27,0.50400
1994-06-28,0.50400
1994-06-29,0.49900
1994-06-30,0.50700
1994-07-01,0.51000
1994-07-05,0.51000
1994-07-06,0.49700
1994-07-07,0.48800
1994-07-08,0.49400
1994-07-11,0.50300
1994-07-12,0.50900
1994-07-13,0.51100
1994-07-14,0.51300
1994-07-19,0.50500
1994-07-20,0.50700
1994-07-21,0.50800
1994-07-22,0.51400
1994-07-26,0.51600
1994-07-27,0.51500
1994-07-28,0.52200
1994-07-29,0.54000
1994-08-05,0.49600
1994-08-09,0.50200
1994-08-10,0.50000
1994-08-11,0.49600
1994-08-12,0.48400
1994-08-15,0.49000
1994-08-16,0.48500
1994-08-17,0.49900
1994-08-19,0.47700
1994-08-22,0.47000
1994-08-24,0.48400
1994-08-29,0.49700
1994-08-30,0.49300
1994-08-31,0.49900
1994-09-01,0.49900
1994-09-09,0.49700
1994-09-13,0.48000
1994-09-14,0.46900
1994-09-15,0.46600
1994-09-19,0.48600
1994-09-20,0.48200
1994-09-22,0.49300
1994-09-26,0.48800
1994-09-27,0.48400
1994-09-28,0.49000
1994-09-29,0.50200
1994-10-03,0.50500
1994-10-04,0.49900
1994-10-06,0.50800
1994-10-12,0.47900
1994-10-13,0.48000
1994-10-14,0.48300
1994-10-17,0.49300
1994-10-18,0.50700
1994-10-19,0.51600
1994-10-20,0.53600
1994-10-21,0.51900
1994-10-24,0.52900
1994-10-25,0.53100
1994-10-26,0.53300
1994-10-27,0.52200
1994-10-31,0.51700
1994-11-01,0.53200
1994-11-02,0.52700
1994-11-03,0.52600
1994-11-04,0.52300
1994-11-08,0.51900
1994-11-11,0.52200
1994-11-15,0.50700
1994-11-17,0.49600
1994-11-21,0.50000
1994-11-22,0.50600
1994-11-23,0.52200
1994-11-28,0.52000
1994-11-29,0.50800
1994-11-30,0.50100
1994-12-05,0.47900
1994-12-07,0.48000
1994-12-13,0.49500
1994-12-16,0.48200
1994-12-19,0.47400
1994-12-20,0.47300
1994-12-22,0.47300
1994-12-23,0.47500
1994-12-28,0.49600
1994-12-29,0.50100
1994-12-30,0.50600
1995-01-04,0.49100
1995-01-05,0.49300
1995-01-06,0.48600
1995-01-09,0.47500
1995-01-10,0.46400
1995-01-11,0.46000
1995-01-13,0.45000
1995-01-17,0.48300
1995-01-18,0.48500
1995-01-19,0.47300
1995-01-20,0.46800
1995-01-23,0.46700
1995-01-24,0.46400
1995-01-25,0.45800
1995-01-26,0.45900
1995-01-27,0.46900
1995-02-01,0.47200
1995-02-03,0.49100
1995-02-06,0.48700
1995-02-07,0.48100
1995-02-08,0.47300
1995-02-09,0.46500
1995-02-10,0.46900
1995-02-13,0.45400
1995-02-14,0.46000
1995-02-15,0.45000
1995-02-17,0.46500
1995-02-21,0.46000
1995-02-22,0.46200
1995-02-23,0.46100
1995-02-24,0.46400
1995-02-27,0.45700
1995-02-28,0.45900
1995-03-01,0.44600
1995-03-03,0.45700
1995-03-06,0.44900
1995-03-07,0.44000
1995-03-08,0.43200
1995-03-09,0.42800
1995-03-10,0.43200
1995-03-13,0.43700
1995-03-14,0.42600
1995-03-15,0.43500
1995-03-16,0.44100
1995-03-17,0.45000
1995-03-20,0.44900
1995-03-22,0.46100
1995-03-23,0.45600
1995-03-24,0.45300
1995-03-27,0.46400
1995-03-28,0.46200
1995-03-29,0.47200
1995-03-30,0.47100
1995-03-31,0.47200
1995-04-03,0.47100
1995-04-04,0.47600
1995-04-05,0.48000
1995-04-07,0.49800
1995-04-10,0.49800
1995-04-11,0.50800
1995-04-13,0.49600
1995-04-18,0.51000
1995-04-19,0.50300
1995-04-21,0.50800
1995-04-24,0.50600
1995-04-25,0.50800
1995-04-26,0.50500
1995-04-27,0.51300
1995-04-28,0.51200
1995-05-02,0.51400
1995-05-04,0.51400
1995-05-05,0.51500
1995-05-08,0.51400
1995-05-09,0.50000
1995-05-10,0.50800
1995-05-12,0.50400
1995-05-15,0.50700
1995-05-16,0.50800
1995-05-18,0.51800
1995-05-19,0.52100
1995-05-26,0.49300
1995-05-30,0.49600
1995-05-31,0.50000
1995-06-01,0.49900
1995-06-05,0.49700
1995-06-07,0.48800
1995-06-09,0.47700
1995-06-12,0.48100
1995-06-13,0.47900
1995-06-14,0.48600
1995-06-15,0.48300
1995-06-16,0.47900
1995-06-19,0.46500
1995-06-20,0.46700
1995-06-21,0.46200
1995-06-23,0.45900
1995-06-27,0.47900
1995-06-28,0.47900
1995-06-29,0.47200
1995-06-30,0.46500
1995-07-03,0.46500
1995-07-05,0.46200
1995-07-06,0.46700
1995-07-07,0.45700
1995-07-10,0.46500
1995-07-11,0.46300
1995-07-12,0.46700
1995-07-13,0.46200
1995-07-14,0.46600
1995-07-18,0.46600
1995-07-19,0.46200
1995-07-20,0.45700
1995-07-21,0.45900
1995-07-24,0.46300
1995-07-26,0.48000
1995-07-27,0.48200
1995-07-28,0.48000
1995-07-31,0.48000
1995-08-02,0.48900
1995-08-03,0.48700
1995-08-04,0.48700
1995-08-07,0.48800
1995-08-10,0.49200
1995-08-11,0.49200
1995-08-14,0.48500
1995-08-16,0.49300
1995-08-21,0.50800
1995-08-25,0.50100
1995-08-28,0.50300
1995-08-29,0.50300
1995-08-31,0.50800
1995-09-01,0.51500
1995-09-19,0.52000
1995-09-20,0.50400
1995-09-21,0.49300
1995-09-22,0.49000
1995-09-25,0.49600
1995-09-28,0.50700
1995-09-29,0.50100
1995-10-02,0.50100
1995-10-03,0.50200
1995-10-04,0.49700
1995-10-05,0.48800
1995-10-06,0.49200
1995-10-11,0.49900
1995-10-12,0.49600
1995-10-13,0.49800
1995-10-16,0.49700
1995-10-17,0.49600
1995-10-20,0.49700
1995-10-24,0.50900
1995-10-25,0.51000
1995-10-26,0.51800
1995-10-27,0.51700
1995-10-31,0.52000
1995-11-03,0.53100
1995-11-08,0.51600
1995-11-10,0.51500
1995-11-15,0.51800
1995-11-21,0.52500
1995-11-22,0.52800
1995-11-27,0.53600
1995-11-29,0.52300
1995-11-30,0.51600
1995-12-01,0.52300
1995-12-05,0.53000
1995-12-06,0.53900
1995-12-08,0.55700
1995-12-11,0.55900
1995-12-15,0.54900
1995-12-19,0.54800
1995-12-20,0.54900
1995-12-21,0.54900
1995-12-22,0.55000
1995-12-26,0.57900
1995-12-28,0.57400
1996-01-02,0.58600
1996-01-04,0.57700
1996-01-05,0.60800
1996-01-08,0.64500
1996-01-09,0.62300
1996-01-15,0.53100
1996-01-17,0.53700
1996-01-18,0.54000
1996-01-24,0.52900
1996-01-25,0.49600
1996-01-26,0.50000
1996-01-29,0.50000
1996-01-30,0.50900
1996-01-31,0.51500
1996-02-07,0.52100
1996-02-08,0.52500
1996-02-09,0.53100
1996-02-12,0.53100
1996-02-15,0.55800
1996-02-16,0.54800
1996-02-20,0.53500
1996-02-22,0.56900
1996-02-23,0.56700
1996-02-26,0.58600
1996-02-29,0.61800
1996-03-04,0.51800
1996-03-05,0.52900
1996-03-07,0.54200
1996-03-08,0.54300
1996-03-11,0.56800
1996-03-12,0.56000
1996-03-13,0.54700
1996-03-14,0.55200
1996-03-15,0.59600
1996-03-20,0.65500
1996-03-21,0.61200
1996-03-22,0.63400
1996-03-26,0.66400
1996-03-27,0.61300
1996-03-28,0.59000
1996-03-29,0.59100
1996-04-01,0.60900
1996-04-02,0.63200
1996-04-04,0.64300
1996-04-08,0.65100
1996-04-09,0.67400
1996-04-10,0.69300
1996-04-11,0.70100
1996-04-12,0.65300
1996-04-15,0.64400
1996-04-16,0.60800
1996-04-17,0.59400
1996-04-18,0.56300
1996-04-23,0.58200
1996-04-24,0.59100
1996-04-25,0.59400
1996-04-26,0.59800
1996-04-29,0.59800
1996-04-30,0.57500
1996-05-01,0.56800
1996-05-02,0.56600
1996-05-03,0.57400
1996-05-06,0.59700
1996-05-07,0.60300
1996-05-08,0.60400
1996-05-09,0.57200
1996-05-10,0.57600
1996-05-13,0.58100
1996-05-14,0.57400
1996-05-15,0.56400
1996-05-16,0.54400
1996-05-21,0.53000
1996-05-23,0.53500
1996-05-24,0.53300
1996-05-29,0.53400
1996-05-31,0.51600
1996-06-03,0.51900
1996-06-05,0.51000
1996-06-06,0.51200
1996-06-07,0.51900
1996-06-10,0.51000
1996-06-13,0.50600
1996-06-14,0.51400
1996-06-18,0.52100
1996-06-19,0.50600
1996-06-20,0.51100
1996-06-21,0.51100
1996-06-24,0.51200
1996-06-25,0.50600
1996-06-28,0.53600
1996-07-02,0.54100
1996-07-03,0.54700
1996-07-05,0.54700
1996-07-12,0.56500
1996-07-16,0.56900
1996-07-19,0.55600
1996-07-24,0.55600
1996-07-26,0.54400
1996-07-29,0.54600
1996-08-01,0.57500
1996-08-06,0.57600
1996-08-07,0.58300
1996-08-12,0.60700
1996-08-13,0.61400
1996-08-14,0.61800
1996-08-15,0.61600
1996-08-16,0.63500
1996-08-19,0.64700
1996-08-26,0.62400
1996-08-27,0.62500
1996-08-29,0.64900
1996-08-30,0.64400
1996-09-05,0.66800
1996-09-06,0.67800
1996-09-11,0.69300
1996-09-12,0.70300
1996-09-23,0.67600
1996-09-25,0.71400
1996-09-26,0.69600
1996-09-27,0.69400
1996-09-30,0.69100
1996-10-02,0.70100
1996-10-03,0.72800
1996-10-04,0.72800
1996-10-08,0.74600
1996-10-09,0.72300
1996-10-10,0.69300
1996-10-11,0.69700
1996-10-15,0.71200
1996-10-16,0.69700
1996-10-17,0.70600
1996-10-23,0.68800
1996-10-25,0.68800
1996-10-28,0.68800
1996-10-29,0.67200
1996-10-30,0.65700
1996-10-31,0.65200
1996-11-04,0.66100
1996-11-05,0.65400
1996-11-06,0.65200
1996-11-07,0.66300
1996-11-08,0.68300
1996-11-11,0.67700
1996-11-12,0.68000
1996-11-13,0.70800
1996-11-15,0.72400
1996-11-19,0.72400
1996-11-20,0.70700
1996-11-22,0.71600
1996-11-25,0.71400
1996-11-26,0.70400
1996-11-27,0.71300
1996-11-29,0.71300
1996-12-02,0.72900
1996-12-03,0.73800
1996-12-05,0.74200
1996-12-09,0.71000
1996-12-11,0.64900
1996-12-12,0.66800
1996-12-13,0.69800
1996-12-16,0.72900
1996-12-17,0.71400
1996-12-18,0.70600
1996-12-23,0.65900
1996-12-24,0.66200
1996-12-26,0.64800
1996-12-27,0.65700
1996-12-30,0.66100
1996-12-31,0.68700
1997-01-02,0.70700
1997-01-03,0.69400
1997-01-06,0.71500
1997-01-07,0.69600
1997-01-08,0.70500
1997-01-09,0.69900
1997-01-10,0.69200
1997-01-13,0.66800
1997-01-14,0.66400
1997-01-17,0.65700
1997-01-20,0.64200
1997-01-21,0.63300
1997-01-22,0.65300
1997-01-23,0.64900
1997-01-27,0.66400
1997-01-30,0.72200
1997-01-31,0.70000
1997-02-03,0.66700
1997-02-04,0.67300
1997-02-07,0.62000
1997-02-10,0.63900
1997-02-11,0.64000
1997-02-12,0.65200
1997-02-13,0.63300
1997-02-14,0.64400
1997-02-18,0.62300
1997-02-20,0.58900
1997-02-24,0.57100
1997-02-25,0.58700
1997-02-27,0.58200
1997-02-28,0.56500
1997-03-04,0.54200
1997-03-06,0.54800
1997-03-07,0.55500
1997-03-10,0.54500
1997-03-11,0.54500
1997-03-12,0.57100
1997-03-13,0.56900
1997-03-14,0.57000
1997-03-18,0.56800
1997-03-19,0.56700
1997-03-20,0.56300
1997-03-21,0.56500
1997-03-24,0.56000
1997-03-25,0.57100
1997-03-27,0.55900
1997-03-31,0.55100
1997-04-01,0.54700
1997-04-02,0.53400
1997-04-04,0.54400
1997-04-07,0.55000
1997-04-08,0.54200
1997-04-09,0.54700
1997-04-10,0.55800
1997-04-11,0.55000
1997-04-15,0.55500
1997-04-16,0.53100
1997-04-17,0.53600
1997-04-22,0.52500
1997-04-23,0.53000
1997-04-24,0.53200
1997-04-25,0.53200
1997-04-28,0.52800
1997-04-29,0.54100
1997-04-30,0.53800
1997-05-01,0.53100
1997-05-02,0.51900
1997-05-06,0.52700
1997-05-07,0.52200
1997-05-08,0.53500
1997-05-09,0.53600
1997-05-12,0.55800
1997-05-13,0.55600
1997-05-14,0.55300
1997-05-15,0.55400
1997-05-20,0.56300
1997-05-21,0.56200
1997-05-22,0.56900
1997-05-23,0.56800
1997-05-27,0.54600
1997-05-28,0.55100
1997-05-29,0.55700
1997-05-30,0.55200
1997-06-03,0.54000
1997-06-05,0.52700
1997-06-10,0.51000
1997-06-11,0.51100
1997-06-12,0.51200
1997-06-16,0.51600
1997-06-17,0.52400
1997-06-18,0.51600
1997-06-19,0.51700
1997-06-20,0.51600
1997-06-26,0.52300
1997-06-27,0.53400
1997-06-30,0.53900
1997-07-01,0.54900
1997-07-02,0.55000
1997-07-07,0.52900
1997-07-09,0.52500
1997-07-10,0.51900
1997-07-11,0.52100
1997-07-14,0.51400
1997-07-15,0.52800
1997-07-17,0.53700
1997-07-22,0.53300
1997-07-24,0.53700
1997-07-28,0.54900
1997-07-29,0.55600
1997-07-31,0.56100
1997-08-01,0.56800
1997-08-04,0.58900
1997-08-07,0.56100
1997-08-11,0.55000
1997-08-12,0.55700
1997-08-13,0.56700
1997-08-14,0.56400
1997-08-19,0.56500
1997-08-20,0.56100
1997-08-21,0.54700
1997-08-22,0.54600
1997-08-25,0.54200
1997-08-26,0.53800
1997-08-27,0.55300
1997-08-28,0.54800
1997-08-29,0.54800
1997-09-02,0.54400
1997-09-03,0.53400
1997-09-04,0.52500
1997-09-05,0.53700
1997-09-08,0.53000
1997-09-09,0.52200
1997-09-10,0.51500
1997-09-11,0.51800
1997-09-12,0.52500
1997-09-17,0.53500
1997-09-22,0.54900
1997-09-23,0.54000
1997-09-25,0.56400
1997-09-26,0.57800
1997-09-29,0.57900
1997-09-30,0.56900
1997-10-01,0.56700
1997-10-02,0.58400
1997-10-03,0.61000
1997-10-06,0.58200
1997-10-07,0.58000
1997-10-08,0.58400
1997-10-09,0.58200
1997-10-10,0.58400
1997-10-13,0.56600
1997-10-16,0.56900
1997-10-17,0.56000
1997-10-20,0.56500
1997-10-22,0.57100
1997-10-23,0.57200
1997-10-29,0.56100
1997-10-30,0.57500
1997-10-31,0.57300
1997-11-03,0.57200
1997-11-04,0.56200
1997-11-06,0.55200
1997-11-07,0.55500
1997-11-10,0.55400
1997-11-11,0.55800
1997-11-12,0.56200
1997-11-13,0.56700
1997-11-17,0.55800
1997-11-18,0.55700
1997-11-20,0.53400
1997-11-24,0.53200
1997-11-25,0.52700
1997-11-26,0.49700
1997-12-02,0.48800
1997-12-03,0.49400
1997-12-04,0.49300
1997-12-05,0.50100
1997-12-08,0.49700
1997-12-09,0.49600
1997-12-10,0.48200
1997-12-11,0.49000
1997-12-12,0.50400
1997-12-15,0.50200
1997-12-16,0.50600
1997-12-17,0.50400
1997-12-18,0.51300
1997-12-22,0.48700
1997-12-23,0.49900
1997-12-24,0.49300
1997-12-26,0.48600
1997-12-29,0.47800
1997-12-30,0.50000
1997-12-31,0.51300
1998-01-02,0.49000
1998-01-05,0.47600
1998-01-06,0.47100
1998-01-08,0.48100
1998-01-15,0.47200
1998-01-21,0.46300
1998-01-22,0.46100
1998-01-23,0.45300
1998-01-26,0.48500
1998-01-27,0.48300
1998-01-29,0.50900
1998-01-30,0.49200
1998-02-06,0.46100
1998-02-09,0.45700
1998-02-12,0.44700
1998-02-13,0.44500
1998-02-17,0.43600
1998-02-18,0.45000
1998-02-23,0.42800
1998-02-25,0.43300
1998-02-26,0.43400
1998-03-02,0.42600
1998-03-03,0.42600
1998-03-05,0.42500
1998-03-06,0.41600
1998-03-11,0.39100
1998-03-12,0.38800
1998-03-13,0.39000
1998-03-17,0.37800
1998-03-19,0.39800
1998-03-20,0.39800
1998-03-23,0.44000
1998-03-24,0.42700
1998-03-25,0.44100
1998-03-26,0.44400
1998-03-27,0.44200
1998-03-30,0.42500
1998-03-31,0.41400
1998-04-01,0.42500
1998-04-02,0.41500
1998-04-03,0.42300
1998-04-06,0.41300
1998-04-07,0.41300
1998-04-08,0.41700
1998-04-09,0.41500
1998-04-13,0.41700
1998-04-16,0.44700
1998-04-17,0.43700
1998-04-20,0.43000
1998-04-21,0.43000
1998-04-24,0.42300
1998-04-27,0.42700
1998-04-29,0.42700
1998-04-30,0.43900
1998-05-01,0.45300
1998-05-07,0.42800
1998-05-11,0.42300
1998-05-12,0.42600
1998-05-13,0.42200
1998-05-20,0.39700
1998-05-21,0.40900
1998-05-22,0.40100
1998-05-26,0.39500
1998-05-27,0.39500
1998-05-28,0.38800
1998-06-01,0.40300
1998-06-02,0.39600
1998-06-05,0.39300
1998-06-09,0.38100
1998-06-16,0.37800
1998-06-17,0.37800
1998-06-26,0.39000
1998-06-29,0.39300
1998-07-01,0.40100
1998-07-06,0.38700
1998-07-07,0.39100
1998-07-09,0.38600
1998-07-10,0.39400
1998-07-13,0.39600
1998-07-20,0.37900
1998-07-22,0.37600
1998-07-23,0.37600
1998-07-24,0.38000
1998-07-28,0.37600
1998-08-03,0.37600
1998-08-04,0.37300
1998-08-05,0.37900
1998-08-06,0.38700
1998-08-10,0.37500
1998-08-11,0.37200
1998-08-13,0.38300
1998-08-14,0.37800
1998-08-17,0.37700
1998-08-19,0.36100
1998-08-20,0.37400
1998-08-25,0.37100
1998-08-26,0.36300
1998-08-28,0.36700
1998-08-31,0.37200
1998-09-01,0.39300
1998-09-02,0.39000
1998-09-03,0.40700
1998-09-04,0.39800
1998-09-08,0.39500
1998-09-15,0.41700
1998-09-17,0.42900
1998-09-21,0.44300
1998-09-22,0.43500
1998-09-23,0.43000
1998-09-29,0.43200
1998-09-30,0.44800
1998-10-02,0.43000
1998-10-12,0.41900
1998-10-14,0.41600
1998-10-20,0.41100
1998-10-21,0.41700
1998-10-23,0.41200
1998-10-30,0.42000
1998-11-02,0.41400
1998-11-05,0.40400
1998-11-09,0.38400
1998-11-10,0.39100
1998-11-11,0.39100
1998-11-18,0.35100
1998-11-20,0.35100
1998-11-23,0.33600
1998-11-30,0.31400
1998-12-02,0.30600
1998-12-08,0.29900
1998-12-09,0.30200
1998-12-11,0.29900
1998-12-15,0.30900
1998-12-17,0.30000
1998-12-18,0.30000
1998-12-21,0.28200
1998-12-24,0.29800
1998-12-28,0.30500
1998-12-29,0.31200
1999-01-05,0.33600
1999-01-11,0.36900
1999-01-12,0.35600
1999-01-14,0.32200
1999-01-15,0.29700
1999-01-19,0.31900
1999-01-20,0.31300
1999-01-21,0.32400
1999-01-26,0.31300
1999-01-27,0.32500
1999-01-28,0.33300
1999-02-02,0.32800
1999-02-05,0.31100
1999-02-08,0.30000
1999-02-11,0.30300
1999-02-12,0.29900
1999-02-17,0.29000
1999-02-22,0.30200
1999-02-24,0.32400
1999-02-25,0.32600
1999-02-26,0.31900
1999-03-01,0.31400
1999-03-02,0.32100
1999-03-04,0.33600
1999-03-05,0.33700
1999-03-08,0.35600
1999-03-09,0.34800
1999-03-10,0.37400
1999-03-11,0.36700
1999-03-15,0.37000
1999-03-16,0.37100
1999-03-17,0.38600
1999-03-18,0.38800
1999-03-19,0.39600
1999-03-22,0.39600
1999-03-23,0.40100
1999-03-24,0.39400
1999-03-26,0.42100
1999-03-29,0.43000
1999-03-30,0.43800
1999-03-31,0.43700
1999-04-01,0.43600
1999-04-05,0.44300
1999-04-06,0.44000
1999-04-07,0.41100
1999-04-09,0.42400
1999-04-13,0.42700
1999-04-14,0.42100
1999-04-16,0.43100
1999-04-21,0.43300
1999-04-23,0.42800
1999-04-27,0.42500
1999-04-28,0.43400
1999-05-03,0.45100
1999-05-04,0.45000
1999-05-05,0.44900
1999-05-06,0.42800
1999-05-07,0.41800
1999-05-10,0.42600
1999-05-11,0.41500
1999-05-12,0.41500
1999-05-14,0.42600
1999-05-17,0.42000
1999-05-18,0.39700
1999-05-19,0.39500
1999-05-20,0.39800
1999-05-24,0.39700
1999-06-01,0.39000
1999-06-02,0.39700
1999-06-03,0.39900
1999-06-04,0.41500
1999-06-07,0.42700
1999-06-08,0.42600
1999-06-09,0.43700
1999-06-10,0.43200
1999-06-11,0.45400
1999-06-15,0.46000
1999-06-16,0.44400
1999-06-17,0.45600
1999-06-18,0.44300
1999-06-22,0.44200
1999-06-23,0.45700
1999-06-25,0.45200
1999-06-28,0.45800
1999-06-30,0.49300
1999-07-02,0.49200
1999-07-08,0.50800
1999-07-15,0.51900
1999-07-19,0.51700
1999-07-20,0.49700
1999-07-21,0.50000
1999-07-23,0.52200
1999-08-02,0.53600
1999-08-03,0.53000
1999-08-06,0.54800
1999-08-11,0.56300
1999-08-12,0.56300
1999-08-17,0.57300
1999-08-18,0.57300
1999-08-26,0.57000
1999-08-27,0.57600
1999-09-02,0.57600
1999-09-07,0.60100
1999-09-13,0.63000
1999-09-15,0.61700
1999-09-16,0.61700
1999-09-23,0.63200
1999-09-27,0.63400
1999-09-29,0.62700
1999-09-30,0.62600
1999-10-04,0.60800
1999-10-08,0.54000
1999-10-11,0.55800
1999-10-12,0.59500
1999-10-14,0.59300
1999-10-15,0.60700
1999-10-19,0.59400
1999-10-26,0.62000
1999-10-27,0.61200
1999-10-28,0.58400
1999-11-01,0.60000
1999-11-08,0.62200
1999-11-09,0.64200
1999-11-15,0.67700
1999-11-16,0.68800
1999-11-18,0.67900
1999-11-24,0.71600
1999-12-01,0.66500
1999-12-06,0.69900
1999-12-07,0.68800
1999-12-08,0.69400
1999-12-09,0.67100
1999-12-10,0.65700
1999-12-13,0.66400
1999-12-14,0.68400
1999-12-20,0.72900
1999-12-22,0.71600
1999-12-27,0.72000
1999-12-29,0.72900
1999-12-30,0.71900
2000-01-06,0.73400
2000-01-10,0.73400
2000-01-11,0.74400
2000-01-13,0.72600
2000-01-14,0.76400
2000-01-18,0.79700
2000-01-19,0.84200
2000-01-20,0.92000
2000-01-21,0.91200
2000-01-24,0.83800
2000-01-25,0.82200
2000-01-27,0.76400
2000-01-28,0.75800
2000-01-31,0.76900
2000-02-01,0.80000
2000-02-03,0.83100
2000-02-04,0.83600
2000-02-07,0.79900
2000-02-08,0.71800
2000-02-09,0.76500
2000-02-10,0.75700
2000-02-11,0.75600
2000-02-14,0.76900
2000-02-15,0.77200
2000-02-16,0.77900
2000-02-17,0.75900
2000-02-18,0.76200
2000-02-23,0.76300
2000-02-24,0.77300
2000-02-25,0.80300
2000-02-29,0.80600
2000-03-02,0.85100
2000-03-03,0.85200
2000-03-06,0.85700
2000-03-07,0.87900
2000-03-08,0.81700
2000-03-09,0.83500
2000-03-14,0.76900
2000-03-22,0.69500
2000-03-23,0.70000
2000-03-24,0.69900
2000-03-29,0.74400
2000-03-30,0.77800
2000-03-31,0.77400
2000-04-03,0.73400
2000-04-04,0.68300
2000-04-05,0.70200
2000-04-06,0.69900
2000-04-07,0.68400
2000-04-10,0.67200
2000-04-12,0.70500
2000-04-14,0.70400
2000-04-17,0.73500
2000-04-19,0.79800
2000-04-20,0.77700
2000-04-24,0.74300
2000-04-25,0.73000
2000-04-27,0.73500
2000-04-28,0.72700
2000-05-01,0.72500
2000-05-02,0.74200
2000-05-03,0.69500
2000-05-04,0.70600
2000-05-08,0.71000
2000-05-09,0.72300
2000-05-10,0.74200
2000-05-11,0.79000
2000-05-15,0.80100
2000-05-16,0.80100
2000-05-17,0.78600
2000-05-18,0.81200
2000-05-19,0.80000
2000-05-22,0.77200
2000-05-23,0.76100
2000-05-25,0.80400
2000-05-26,0.78100
2000-05-31,0.75200
2000-06-02,0.76400
2000-06-07,0.75700
2000-06-09,0.75200
2000-06-13,0.79500
2000-06-19,0.74400
2000-06-22,0.81700
2000-06-30,0.83500
2000-07-05,0.80300
2000-07-07,0.78900
2000-07-10,0.78000
2000-07-11,0.78800
2000-07-14,0.81800
2000-07-17,0.80400
2000-07-21,0.78800
2000-07-26,0.78500
2000-07-27,0.79000
2000-07-28,0.78700
2000-08-01,0.80000
2000-08-02,0.80100
2000-08-03,0.82100
2000-08-04,0.84100
2000-08-15,0.86500
2000-08-22,0.91400
2000-08-24,0.96500
2000-08-25,0.98400
2000-08-29,1.02100
2000-09-07,1.06100
2000-09-12,1.10000
2000-09-13,1.03900
2000-09-18,1.05900
2000-09-20,1.03900
2000-09-21,1.00800
2000-09-22,0.98000
2000-09-25,0.95700
2000-09-29,0.94100
2000-10-05,0.94500
2000-10-10,1.04100
2000-10-12,1.08600
2000-10-13,1.02500
2000-10-16,0.98600
2000-10-18,0.96700
2000-10-20,0.96900
2000-10-24,1.00900
2000-10-26,0.98000
2000-10-27,0.94900
2000-10-30,0.94900
2000-11-01,0.95100
2000-11-03,0.93200
2000-11-06,0.93600
2000-11-07,0.97200
2000-11-08,0.99700
2000-11-09,1.03700
2000-11-10,1.04100
2000-11-13,1.05400
2000-11-14,1.08400
2000-11-15,1.09000
2000-11-16,1.04100
2000-11-17,1.08300
2000-11-20,1.09600
2000-11-22,1.09800
2000-11-24,1.09800
2000-11-27,1.05400
2000-11-28,0.99100
2000-11-29,1.00300
2000-11-30,1.01700
2000-12-05,0.96700
2000-12-06,1.01800
2000-12-07,0.95800
2000-12-08,0.90700
2000-12-12,0.93200
2000-12-21,0.71700
2000-12-22,0.78200
2000-12-27,0.79100
2000-12-28,0.76100
2001-01-05,0.85800
2001-01-12,0.85400
2001-01-18,0.90200
2001-01-19,0.91500
2001-01-25,0.89000
2001-01-26,0.93300
2001-01-29,0.90100
2001-01-31,0.86800
2001-02-01,0.82800
2001-02-05,0.87300
2001-02-06,0.88000
2001-02-07,0.87600
2001-02-09,0.85000
2001-02-16,0.77800
2001-02-22,0.75900
2001-02-23,0.78100
2001-02-26,0.78800
2001-02-27,0.80000
2001-03-02,0.77500
2001-03-07,0.79700
2001-03-08,0.77300
2001-03-09,0.75500
2001-03-12,0.76800
2001-03-13,0.74700
2001-03-16,0.71900
2001-03-19,0.70400
2001-03-22,0.74100
2001-03-23,0.74100
2001-03-27,0.75400
2001-03-28,0.72000
2001-03-29,0.73000
2001-04-06,0.73200
2001-04-10,0.79000
2001-04-11,0.80100
2001-04-12,0.80400
2001-04-17,0.80600
2001-04-19,0.79300
2001-04-24,0.74900
2001-04-26,0.78900
2001-04-30,0.78700
2001-05-01,0.81500
2001-05-02,0.80200
2001-05-03,0.84200
2001-05-04,0.84300
2001-05-08,0.83000
2001-05-09,0.84800
2001-05-10,0.83700
2001-05-11,0.83300
2001-05-14,0.79100
2001-05-15,0.79600
2001-05-16,0.79700
2001-05-17,0.80700
2001-05-18,0.82800
2001-05-21,0.83800
2001-05-22,0.84300
2001-05-23,0.84500
2001-05-24,0.82800
2001-05-25,0.81700
2001-05-29,0.80000
2001-05-30,0.79800
2001-05-31,0.79100
2001-06-01,0.77100
2001-06-04,0.76700
2001-06-05,0.76600
2001-06-06,0.77400
2001-06-07,0.76700
2001-06-08,0.77600
2001-06-11,0.79200
2001-06-12,0.81600
2001-06-13,0.80700
2001-06-14,0.83700
2001-06-18,0.77500
2001-06-19,0.77800
2001-06-20,0.74600
2001-06-21,0.75000
2001-06-25,0.74100
2001-06-26,0.73700
2001-06-28,0.71300
2001-07-02,0.72600
2001-07-03,0.73400
2001-07-05,0.73000
2001-07-06,0.75100
2001-07-09,0.74000
2001-07-10,0.72900
2001-07-11,0.70400
2001-07-12,0.70900
2001-07-13,0.69000
2001-07-16,0.68900
2001-07-18,0.67600
2001-07-19,0.66900
2001-07-20,0.69300
2001-07-23,0.69600
2001-07-24,0.69700
2001-07-25,0.71800
2001-07-26,0.73200
2001-07-27,0.72900
2001-07-30,0.72500
2001-07-31,0.72800
2001-08-01,0.72600
2001-08-02,0.75400
2001-08-03,0.75200
2001-08-06,0.74400
2001-08-08,0.75200
2001-08-10,0.77100
2001-08-13,0.76700
2001-08-14,0.78100
2001-08-16,0.76600
2001-08-17,0.73200
2001-08-20,0.74400
2001-08-21,0.76100
2001-08-22,0.75900
2001-08-23,0.76100
2001-08-24,0.77400
2001-08-27,0.77900
2001-08-28,0.80300
2001-08-29,0.79300
2001-08-30,0.77800
2001-08-31,0.79400
2001-09-04,0.78600
2001-09-05,0.79800
2001-09-06,0.80300
2001-09-07,0.82100
2001-09-10,0.81600
2001-09-11,0.87100
2001-09-12,0.80000
2001-09-13,0.77600
2001-09-14,0.82200
2001-09-17,0.76800
2001-09-18,0.70900
2001-09-19,0.69300
2001-09-20,0.68400
2001-09-21,0.66700
2001-09-24,0.66700
2001-09-25,0.60300
2001-09-27,0.64500
2001-09-28,0.65000
2001-10-01,0.64600
2001-10-04,0.64300
2001-10-05,0.63200
2001-10-09,0.63700
2001-10-10,0.63700
2001-10-11,0.65600
2001-10-12,0.65600
2001-10-16,0.60900
2001-10-18,0.59100
2001-10-19,0.61600
2001-10-22,0.60700
2001-10-23,0.59800
2001-10-24,0.61900
2001-10-25,0.61000
2001-10-26,0.61200
2001-10-29,0.62200
2001-10-30,0.61600
2001-10-31,0.59400
2001-11-02,0.56900
2001-11-05,0.56100
2001-11-06,0.55700
2001-11-07,0.55900
2001-11-08,0.59500
2001-11-09,0.61400
2001-11-12,0.58100
2001-11-13,0.59200
2001-11-14,0.54200
2001-11-15,0.50100
2001-11-16,0.50500
2001-11-19,0.50600
2001-11-20,0.52000
2001-11-21,0.52000
2001-11-26,0.49500
2001-11-27,0.52400
2001-11-29,0.50300
2001-11-30,0.52200
2001-12-03,0.53400
2001-12-04,0.51600
2001-12-05,0.50600
2001-12-06,0.47200
2001-12-10,0.46900
2001-12-11,0.45600
2001-12-12,0.46600
2001-12-13,0.47300
2001-12-14,0.51300
2001-12-17,0.51700
2001-12-18,0.53700
2001-12-19,0.54600
2001-12-20,0.52900
2001-12-21,0.53200
2001-12-26,0.58100
2001-12-27,0.57000
2001-12-28,0.55100
2001-12-31,0.53500
2002-01-02,0.56300
2002-01-03,0.54900
2002-01-04,0.56900
2002-01-08,0.55500
2002-01-09,0.52200
2002-01-10,0.54700
2002-01-11,0.52400
2002-01-14,0.50500
2002-01-15,0.50600
2002-01-16,0.52000
2002-01-17,0.51100
2002-01-18,0.50900
2002-01-23,0.52600
2002-01-24,0.53900
2002-01-25,0.54400
2002-01-29,0.52600
2002-01-30,0.52200
2002-01-31,0.53800
2002-02-04,0.54300
2002-02-05,0.54500
2002-02-06,0.53200
2002-02-07,0.53000
2002-02-08,0.54100
2002-02-12,0.54700
2002-02-13,0.56100
2002-02-14,0.55900
2002-02-15,0.56100
2002-02-19,0.54500
2002-02-21,0.55500
2002-02-25,0.53600
2002-02-26,0.56300
2002-02-27,0.56200
2002-02-28,0.57700
2002-03-01,0.59100
2002-03-04,0.58900
2002-03-05,0.60600
2002-03-06,0.59100
2002-03-07,0.60600
2002-03-08,0.61400
2002-03-11,0.62700
2002-03-12,0.63000
2002-03-13,0.63700
2002-03-14,0.62900
2002-03-15,0.63600
2002-03-18,0.64900
2002-03-19,0.65200
2002-03-20,0.64800
2002-03-22,0.63300
2002-03-25,0.62900
2002-03-26,0.65300
2002-03-28,0.67000
2002-04-01,0.69000
2002-04-02,0.70800
2002-04-03,0.70500
2002-04-04,0.68700
2002-04-08,0.68500
2002-04-09,0.67100
2002-04-10,0.67400
2002-04-11,0.64700
2002-04-12,0.60200
2002-04-15,0.63200
2002-04-16,0.64200
2002-04-17,0.65000
2002-04-18,0.64900
2002-04-19,0.65600
2002-04-22,0.65500
2002-04-23,0.66400
2002-04-24,0.66700
2002-04-25,0.67700
2002-04-26,0.68500
2002-04-29,0.69200
2002-04-30,0.69100
2002-05-01,0.67100
2002-05-02,0.66100
2002-05-03,0.66300
2002-05-06,0.64700
2002-05-07,0.65400
2002-05-08,0.66500
2002-05-09,0.66600
2002-05-13,0.69400
2002-05-16,0.68000
2002-05-20,0.68000
2002-05-21,0.67100
2002-05-22,0.68000
2002-05-23,0.67100
2002-05-24,0.66000
2002-05-29,0.64200
2002-05-30,0.62700
2002-05-31,0.62800
2002-06-03,0.62800
2002-06-04,0.63400
2002-06-05,0.62900
2002-06-06,0.62600
2002-06-07,0.62600
2002-06-10,0.62000
2002-06-11,0.62100
2002-06-13,0.66400
2002-06-17,0.66800
2002-06-18,0.65700
2002-06-19,0.65600
2002-06-20,0.66700
2002-06-24,0.68400
2002-06-25,0.67300
2002-06-26,0.67000
2002-06-27,0.68100
2002-07-01,0.68800
2002-07-02,0.69300
2002-07-08,0.67500
2002-07-09,0.67400
2002-07-10,0.67400
2002-07-12,0.70900
2002-07-15,0.70300
2002-07-16,0.71500
2002-07-17,0.71200
2002-07-18,0.70200
2002-07-19,0.70600
2002-07-22,0.67500
2002-07-23,0.66200
2002-07-24,0.68100
2002-07-25,0.68500
2002-07-26,0.68700
2002-07-29,0.68300
2002-07-30,0.70800
2002-07-31,0.69200
2002-08-01,0.67300
2002-08-02,0.67900
2002-08-05,0.66800
2002-08-06,0.67900
2002-08-07,0.67400
2002-08-08,0.68200
2002-08-09,0.68100
2002-08-12,0.70100
2002-08-13,0.70400
2002-08-14,0.71400
2002-08-15,0.73700
2002-08-16,0.74300
2002-08-19,0.74200
2002-08-21,0.76200
2002-08-22,0.75200
2002-08-23,0.74600
2002-08-26,0.74600
2002-08-28,0.75700
2002-08-29,0.77400
2002-08-30,0.77500
2002-09-03,0.72800
2002-09-05,0.77300
2002-09-06,0.78500
2002-09-11,0.80000
2002-09-12,0.78100
2002-09-16,0.79800
2002-09-17,0.80100
2002-09-18,0.81500
2002-09-19,0.81200
2002-09-20,0.81000
2002-09-23,0.82000
2002-09-24,0.82600
2002-09-25,0.83400
2002-09-26,0.81600
2002-09-30,0.82600
2002-10-01,0.85100
2002-10-02,0.85000
2002-10-03,0.81400
2002-10-04,0.81300
2002-10-07,0.81400
2002-10-08,0.81400
2002-10-09,0.81200
2002-10-10,0.82000
2002-10-11,0.81100
2002-10-15,0.82100
2002-10-17,0.81100
2002-10-18,0.80800
2002-10-22,0.75800
2002-10-23,0.75500
2002-10-24,0.76200
2002-10-29,0.71400
2002-10-30,0.72700
2002-10-31,0.73700
2002-11-01,0.73800
2002-11-05,0.72400
2002-11-06,0.70300
2002-11-07,0.68500
2002-11-08,0.68100
2002-11-11,0.68000
2002-11-12,0.68000
2002-11-13,0.66500
2002-11-14,0.67100
2002-11-15,0.68000
2002-11-19,0.70700
2002-11-20,0.72900
2002-11-21,0.73000
2002-11-25,0.71600
2002-11-26,0.72200
2002-11-27,0.74000
2002-12-02,0.75500
2002-12-03,0.75200
2002-12-04,0.72200
2002-12-06,0.72500
2002-12-09,0.72900
2002-12-10,0.74200
2002-12-11,0.74400
2002-12-12,0.77100
2002-12-16,0.83100
2002-12-17,0.80700
2002-12-18,0.82700
2002-12-19,0.85000
2002-12-20,0.85000
2002-12-23,0.88600
2002-12-24,0.91300
2002-12-26,0.92000
2002-12-30,0.88400
2002-12-31,0.87900
2003-01-02,0.88800
2003-01-03,0.92100
2003-01-06,0.89200
2003-01-07,0.84200
2003-01-09,0.85000
2003-01-13,0.86100
2003-01-14,0.87700
2003-01-16,0.87500
2003-01-17,0.87500
2003-01-21,0.87700
2003-01-22,0.89300
2003-01-23,0.86900
2003-01-28,0.90300
2003-01-30,0.94700
2003-01-31,0.93900
2003-02-03,0.92800
2003-02-05,1.04600
2003-02-06,1.08100
2003-02-07,1.16100
2003-02-11,1.05300
2003-02-14,1.03700
2003-02-18,1.04300
2003-02-19,1.07600
2003-02-20,1.01600
2003-02-26,1.10600
2003-02-27,1.07700
2003-03-04,1.06800
2003-03-05,1.06500
2003-03-06,1.07300
2003-03-10,1.08700
2003-03-12,1.02100
2003-03-13,0.92900
2003-03-17,0.88100
2003-03-18,0.81400
2003-03-19,0.78400
2003-03-20,0.78100
2003-03-24,0.72800
2003-03-27,0.76200
2003-03-28,0.75500
2003-04-04,0.74000
2003-04-07,0.74500
2003-04-11,0.76100
2003-04-14,0.76800
2003-04-15,0.80300
2003-04-22,0.78500
2003-04-25,0.70800
2003-04-28,0.69400
2003-04-29,0.67700
2003-04-30,0.69000
2003-05-01,0.68200
2003-05-02,0.67200
2003-05-05,0.69600
2003-05-06,0.66900
2003-05-07,0.68000
2003-05-08,0.69600
2003-05-09,0.70600
2003-05-12,0.69500
2003-05-14,0.75200
2003-05-16,0.74400
2003-05-19,0.71700
2003-05-20,0.72100
2003-05-21,0.73600
2003-05-22,0.73200
2003-05-28,0.70800
2003-06-03,0.74100
2003-06-04,0.72800
2003-06-05,0.75500
2003-06-11,0.77300
2003-06-12,0.75100
2003-06-17,0.74400
2003-06-18,0.72900
2003-06-19,0.72500
2003-06-20,0.74600
2003-06-24,0.73700
2003-06-25,0.76900
2003-06-26,0.73600
2003-06-27,0.74900
2003-07-01,0.77700
2003-07-02,0.76800
2003-07-03,0.77000
2003-07-07,0.76000
2003-07-08,0.77100
2003-07-09,0.79200
2003-07-10,0.79200
2003-07-11,0.79800
2003-07-15,0.80600
2003-07-16,0.78300
2003-07-18,0.79100
2003-07-22,0.74700
2003-07-25,0.77000
2003-07-29,0.78200
2003-07-31,0.79300
2003-08-01,0.84200
2003-08-04,0.82700
2003-08-05,0.84600
2003-08-06,0.82700
2003-08-11,0.82800
2003-08-12,0.83100
2003-08-13,0.80500
2003-08-14,0.81800
2003-08-15,0.80900
2003-08-18,0.80100
2003-08-19,0.79700
2003-08-20,0.81200
2003-08-22,0.83000
2003-08-25,0.82000
2003-08-26,0.82800
2003-09-03,0.75900
2003-09-04,0.76200
2003-09-05,0.75200
2003-09-09,0.75500
2003-09-11,0.74400
2003-09-12,0.73600
2003-09-15,0.73400
2003-09-16,0.72800
2003-09-19,0.70000
2003-09-22,0.69000
2003-09-23,0.70800
2003-09-24,0.74100
2003-09-25,0.73600
2003-09-26,0.74200
2003-09-29,0.74900
2003-09-30,0.77600
2003-10-01,0.79000
2003-10-02,0.80000
2003-10-08,0.80100
2003-10-13,0.86600
2003-10-14,0.86200
2003-10-16,0.85600
2003-10-17,0.82400
2003-10-22,0.80300
2003-10-23,0.81700
2003-10-24,0.81300
2003-10-27,0.80000
2003-10-28,0.79400
2003-10-29,0.78500
2003-10-30,0.77300
2003-10-31,0.79600
2003-11-03,0.77600
2003-11-05,0.81100
2003-11-06,0.81000
2003-11-11,0.83000
2003-11-12,0.83400
2003-11-18,0.87600
2003-11-20,0.86100
2003-11-21,0.85900
2003-11-25,0.81600
2003-11-26,0.83000
2003-12-01,0.82500
2003-12-02,0.86300
2003-12-03,0.87000
2003-12-04,0.88300
2003-12-05,0.86900
2003-12-08,0.89200
2003-12-10,0.84900
2003-12-15,0.87000
2003-12-16,0.86700
2003-12-17,0.89900
2003-12-18,0.90300
2003-12-23,0.87800
2003-12-24,0.90300
2003-12-30,0.91400
2003-12-31,0.88900
2004-01-08,0.99100
2004-01-09,1.01800
2004-01-13,1.02700
2004-01-14,0.98200
2004-01-20,1.03500
2004-01-28,0.97400
2004-01-29,0.95000
2004-01-30,0.93500
2004-02-03,0.95000
2004-02-04,0.90800
2004-02-05,0.89900
2004-02-06,0.87900
2004-02-10,0.90300
2004-02-11,0.91600
2004-02-12,0.91600
2004-02-13,0.95300
2004-02-17,0.98200
2004-02-18,0.99000
2004-02-19,0.94700
2004-02-23,0.90900
2004-02-25,0.96300
2004-03-01,1.00500
2004-03-08,0.85600
2004-03-09,0.92600
2004-03-11,0.92100
2004-03-15,0.94600
2004-03-17,0.98500
2004-03-19,0.97200
2004-03-22,0.96200
2004-03-23,0.97500
2004-03-24,0.95000
2004-03-26,0.93800
2004-03-29,0.91800
2004-03-30,0.93900
2004-03-31,0.93600
2004-04-01,0.88100
2004-04-05,0.88200
2004-04-06,0.90800
2004-04-07,0.93600
2004-04-08,0.96300
2004-04-12,0.99500
2004-04-13,0.97900
2004-04-14,0.99100
2004-04-16,1.01700
2004-04-19,0.99300
2004-04-20,0.97900
2004-04-21,0.97500
2004-04-22,0.99400
2004-04-23,0.98400
2004-04-26,1.00800
2004-04-27,0.99400
2004-04-28,0.99900
2004-04-29,1.01900
2004-04-30,1.02400
2004-05-03,1.05000
2004-05-04,1.05800
2004-05-05,1.08800
2004-05-06,1.08100
2004-05-07,1.12100
2004-05-11,1.14600
2004-05-12,1.14900
2004-05-13,1.16900
2004-05-17,1.15600
2004-05-18,1.11200
2004-05-19,1.10600
2004-05-20,1.08000
2004-05-21,1.05400
2004-05-24,1.09400
2004-05-25,1.06000
2004-05-27,0.98900
2004-05-28,1.01300
2004-06-01,1.07100
2004-06-02,1.01900
2004-06-04,1.00800
2004-06-08,0.99200
2004-06-09,1.00700
2004-06-10,1.02500
2004-06-14,1.00700
2004-06-16,1.01200
2004-06-18,1.04700
2004-06-21,1.01800
2004-06-23,1.04300
2004-06-24,1.06600
2004-06-25,1.06300
2004-06-29,1.02800
2004-06-30,1.06300
2004-07-02,1.12700
2004-07-06,1.13900
2004-07-08,1.14200
2004-07-12,1.08800
2004-07-13,1.09800
2004-07-16,1.13200
2004-07-21,1.12600
2004-07-22,1.17000
2004-07-23,1.18700
2004-07-26,1.17400
2004-07-30,1.21800
2004-08-02,1.20800
2004-08-03,1.22500
2004-08-05,1.22200
2004-08-06,1.20700
2004-08-09,1.22400
2004-08-11,1.18900
2004-08-12,1.22400
2004-08-18,1.25900
2004-08-23,1.25000
2004-08-24,1.25200
2004-09-02,1.26500
2004-09-07,1.25500
2004-09-08,1.25300
2004-09-09,1.30100
2004-09-10,1.23300
2004-09-13,1.28200
2004-09-16,1.35300
2004-09-17,1.38600
2004-09-20,1.37100
2004-09-21,1.39500
2004-09-24,1.45600
2004-09-27,1.49400
2004-09-28,1.50400
2004-09-29,1.51000
2004-09-30,1.49100
2004-10-01,1.51300
2004-10-04,1.49200
2004-10-05,1.49000
2004-10-06,1.48800
2004-10-07,1.47300
2004-10-08,1.49600
2004-10-11,1.50700
2004-10-12,1.48400
2004-10-13,1.55800
2004-10-14,1.60300
2004-10-15,1.60600
2004-10-18,1.55000
2004-10-22,1.59200
2004-10-25,1.55100
2004-10-26,1.56000
2004-10-27,1.46300
2004-10-28,1.40900
2004-10-29,1.42000
2004-11-01,1.35700
2004-11-02,1.33800
2004-11-08,1.32100
2004-11-09,1.30900
2004-11-12,1.32200
2004-11-15,1.29700
2004-11-16,1.28100
2004-11-23,1.36400
2004-11-24,1.39400
2004-12-01,1.22600
2004-12-02,1.19200
2004-12-03,1.14900
2004-12-06,1.13400
2004-12-08,1.14800
2004-12-09,1.20200
2004-12-10,1.13400
2004-12-13,1.20300
2004-12-14,1.26300
2004-12-15,1.36000
2004-12-20,1.29500
2004-12-21,1.30200
2004-12-22,1.27200
2004-12-27,1.14900
2004-12-29,1.22800
2004-12-30,1.21000
2005-01-04,1.19800
2005-01-06,1.29000
2005-01-10,1.29900
2005-01-11,1.31700
2005-01-20,1.36400
2005-01-24,1.42900
2005-01-25,1.44300
2005-01-27,1.39400
2005-01-31,1.34500
2005-02-01,1.30500
2005-02-02,1.28300
2005-02-03,1.24600
2005-02-07,1.20500
2005-02-08,1.23200
2005-02-09,1.26900
2005-02-10,1.30800
2005-02-14,1.29100
2005-02-15,1.29400
2005-02-16,1.36700
2005-02-17,1.33400
2005-02-18,1.36000
2005-02-22,1.43600
2005-02-25,1.46300
2005-02-28,1.47700
2005-03-01,1.48800
2005-03-02,1.51900
2005-03-03,1.48700
2005-03-08,1.53200
2005-03-09,1.51900
2005-03-10,1.51900
2005-03-14,1.54800
2005-03-16,1.61900
2005-03-17,1.59800
2005-03-21,1.62600
2005-03-22,1.59400
2005-03-24,1.59300
2005-03-28,1.58400
2005-04-01,1.73900
2005-04-04,1.69600
2005-04-05,1.67900
2005-04-06,1.64100
2005-04-07,1.58300
2005-04-12,1.51700
2005-04-13,1.52000
2005-04-15,1.53600
2005-04-18,1.50500
2005-04-19,1.53800
2005-04-20,1.55700
2005-04-21,1.59200
2005-04-22,1.60800
2005-04-25,1.57200
2005-04-26,1.56200
2005-04-27,1.51500
2005-04-28,1.53800
2005-04-29,1.46900
2005-05-03,1.50800
2005-05-04,1.53200
2005-05-05,1.51800
2005-05-06,1.50400
2005-05-10,1.53100
2005-05-11,1.48400
2005-05-16,1.41100
2005-05-17,1.42700
2005-05-18,1.41200
2005-05-19,1.43800
2005-05-20,1.41400
2005-05-23,1.40800
2005-05-24,1.43400
2005-05-26,1.49300
2005-05-27,1.50000
2005-05-31,1.51700
2005-06-01,1.60200
2005-06-02,1.61400
2005-06-03,1.67600
2005-06-06,1.65700
2005-06-07,1.64400
2005-06-08,1.59300
2005-06-10,1.65200
2005-06-15,1.64800
2005-06-16,1.65900
2005-06-17,1.69100
2005-06-20,1.69400
2005-06-21,1.65400
2005-06-28,1.62800
2005-07-07,1.74900
2005-07-08,1.70100
2005-07-11,1.66300
2005-07-12,1.71900
2005-07-13,1.67800
2005-07-14,1.63400
2005-07-19,1.62400
2005-07-20,1.59800
2005-07-25,1.64100
2005-07-26,1.64400
2005-07-27,1.63700
2005-07-28,1.65800
2005-08-02,1.70100
2005-08-03,1.66400
2005-08-05,1.72300
2005-08-08,1.79600
2005-08-09,1.77600
2005-08-10,1.85600
2005-08-11,1.92800
2005-08-18,1.82900
2005-08-22,1.84200
2005-08-24,1.94200
2005-08-25,1.92100
2005-08-29,1.97200
2005-08-31,2.28800
2005-09-06,2.15300
2005-09-07,2.08900
2005-09-12,1.84500
2005-09-13,1.88300
2005-09-14,2.00400
2005-09-16,1.90500
2005-09-19,2.16500
2005-09-20,2.15300
2005-09-21,2.19800
2005-09-22,2.25300
2005-09-26,2.39500
2005-10-03,2.90000
2005-10-04,3.10000
2005-10-05,3.13000
2005-10-06,2.74500
2005-10-07,2.84000
2005-10-10,2.78200
2005-10-11,2.77700
2005-10-12,2.80000
2005-10-13,2.37900
2005-10-14,2.30500
2005-10-17,2.56800
2005-10-18,2.52700
2005-10-19,2.13800
2005-10-21,1.93300
2005-10-24,1.83800
2005-10-26,1.92700
2005-10-27,1.93800
2005-10-28,1.96400
2005-10-31,1.89400
2005-11-01,1.82400
2005-11-02,1.78000
2005-11-03,1.82800
2005-11-07,1.76000
2005-11-09,1.77900
2005-11-10,1.71500
2005-11-11,1.69000
2005-11-14,1.69500
2005-11-15,1.63100
2005-11-16,1.67700
2005-11-17,1.64500
2005-11-18,1.64700
2005-11-21,1.65000
2005-11-22,1.68400
2005-11-29,1.56400
2005-11-30,1.60700
2005-12-01,1.65200
2005-12-02,1.68000
2005-12-05,1.72300
2005-12-08,1.78100
2005-12-09,1.72200
2005-12-12,1.74200
2005-12-13,1.80600
2005-12-14,1.80700
2005-12-16,1.72000
2005-12-19,1.69400
2005-12-22,1.71900
2005-12-23,1.70500
2005-12-27,1.63900
2005-12-28,1.77500
2006-01-03,1.81900
2006-01-04,1.85500
2006-01-06,1.83500
2006-01-09,1.79200
2006-01-13,1.72000
2006-01-18,1.78100
2006-01-19,1.83100
2006-01-20,1.94000
2006-01-23,1.92800
2006-01-24,1.84500
2006-01-25,1.78800
2006-01-26,1.81600
2006-01-27,1.84500
2006-01-30,1.89800
2006-02-01,1.82900
2006-02-02,1.80200
2006-02-03,1.79000
2006-02-08,1.73500
2006-02-09,1.73700
2006-02-10,1.71200
2006-02-13,1.71700
2006-02-14,1.68700
2006-02-15,1.71600
2006-02-16,1.73900
2006-02-17,1.72800
2006-02-22,1.75300
2006-02-24,1.80900
2006-02-27,1.75800
2006-02-28,1.81400
2006-03-01,1.83800
2006-03-03,1.92400
2006-03-06,1.84100
2006-03-07,1.80400
2006-03-08,1.78300
2006-03-09,1.82700
2006-03-10,1.79500
2006-03-13,1.85300
2006-03-14,1.92100
2006-03-15,1.87100
2006-03-16,1.90100
2006-03-17,1.87800
2006-03-20,1.82000
2006-03-21,1.85500
2006-03-22,1.83500
2006-03-23,1.88100
2006-03-24,1.88200
2006-03-27,1.87700
2006-03-29,1.96400
2006-03-30,1.97200
2006-03-31,1.95000
2006-04-03,1.95200
2006-04-04,1.95100
2006-04-05,1.97800
2006-04-06,1.98300
2006-04-07,1.98400
2006-04-10,2.03300
2006-04-11,2.04200
2006-04-12,2.04600
2006-04-17,2.10600
2006-04-20,2.14900
2006-04-21,2.21300
2006-04-25,2.16900
2006-04-26,2.11700
2006-04-28,2.08800
2006-05-01,2.15100
2006-05-02,2.16500
2006-05-03,2.08800
2006-05-05,2.03400
2006-05-08,2.04400
2006-05-09,2.07600
2006-05-10,2.14400
2006-05-11,2.17700
2006-05-17,2.00800
2006-05-18,2.03400
2006-05-19,2.00300
2006-05-22,1.99900
2006-05-23,2.04700
2006-05-24,2.02400
2006-05-25,2.07800
2006-05-26,2.07600
2006-05-30,2.09600
2006-06-02,2.14200
2006-06-05,2.14300
2006-06-06,2.15200
2006-06-07,2.13000
2006-06-08,2.14500
2006-06-09,2.21800
2006-06-12,2.17000
2006-06-13,2.07800
2006-06-14,2.07900
2006-06-15,2.08500
2006-06-19,1.98300
2006-06-20,1.99100
2006-06-21,1.99900
2006-06-23,2.06000
2006-06-26,2.03700
2006-06-27,2.02800
2006-07-05,2.12200
2006-07-06,2.14700
2006-07-07,2.10200
2006-07-11,2.08100
2006-07-12,2.09600
2006-07-14,2.23100
2006-07-17,2.19500
2006-07-18,2.22800
2006-07-19,2.17600
2006-07-20,2.13900
2006-07-21,2.14000
2006-07-24,2.19500
2006-07-25,2.14000
2006-07-26,2.14700
2006-07-31,2.16700
2006-08-03,2.24500
2006-08-04,2.22000
2006-08-07,2.24000
2006-08-08,2.19800
2006-08-09,2.16500
2006-08-10,2.09200
2006-08-11,2.08500
2006-08-14,2.05400
2006-08-15,2.09700
2006-08-16,2.10300
2006-08-17,2.07000
2006-08-18,2.10400
2006-08-21,2.12700
2006-08-22,2.16800
2006-08-23,2.12600
2006-08-24,2.16000
2006-08-25,2.13800
2006-08-28,2.05100
2006-08-29,2.03400
2006-08-30,2.04300
2006-08-31,2.04600
2006-09-01,2.01500
2006-09-05,1.96600
2006-09-06,1.96600
2006-09-07,1.95800
2006-09-08,1.91400
2006-09-11,1.85100
2006-09-12,1.72300
2006-09-13,1.73600
2006-09-14,1.69000
2006-09-15,1.69600
2006-09-18,1.73000
2006-09-19,1.69300
2006-09-20,1.70600
2006-09-22,1.70000
2006-09-25,1.77300
2006-09-26,1.76900
2006-09-27,1.85200
2006-10-03,1.69100
2006-10-05,1.75800
2006-10-06,1.76900
2006-10-09,1.79400
2006-10-10,1.75400
2006-10-11,1.73900
2006-10-12,1.77000
2006-10-13,1.77200
2006-10-16,1.82600
2006-10-17,1.75100
2006-10-18,1.72500
2006-10-19,1.74600
2006-10-20,1.71500
2006-10-23,1.69700
2006-10-25,1.76500
2006-10-26,1.72400
2006-10-27,1.74300
2006-11-01,1.64600
2006-11-02,1.63400
2006-11-03,1.68500
2006-11-06,1.72200
2006-11-09,1.75900
2006-11-10,1.71900
2006-11-13,1.67900
2006-11-14,1.68600
2006-11-15,1.71900
2006-11-16,1.71500
2006-11-17,1.72800
2006-11-20,1.73300
2006-11-21,1.78900
2006-11-22,1.73800
2006-11-27,1.72000
2006-11-28,1.79200
2006-11-29,1.89700
2006-11-30,1.91300
2006-12-01,1.92100
2006-12-04,1.89900
2006-12-05,1.88800
2006-12-06,1.92100
2006-12-08,1.82700
2006-12-12,1.80900
2006-12-15,1.87800
2006-12-18,1.82300
2006-12-19,1.72500
2006-12-20,1.75400
2006-12-21,1.78100
2006-12-22,1.75800
2006-12-26,1.71400
2006-12-27,1.72500
2006-12-28,1.72400
2006-12-29,1.73600
2007-01-02,1.73100
2007-01-03,1.67700
2007-01-04,1.63900
2007-01-05,1.62900
2007-01-08,1.62200
2007-01-09,1.62500
2007-01-11,1.56700
2007-01-12,1.60000
2007-01-16,1.64700
2007-01-17,1.65100
2007-01-18,1.62500
2007-01-19,1.65100
2007-01-22,1.64700
2007-01-23,1.69900
2007-01-24,1.68000
2007-01-25,1.65300
2007-01-31,1.75900
2007-02-02,1.73300
2007-02-06,1.73000
2007-02-07,1.71400
2007-02-08,1.78200
2007-02-09,1.78200
2007-02-12,1.71100
2007-02-13,1.73800
2007-02-14,1.68500
2007-02-16,1.69200
2007-02-20,1.66900
2007-02-21,1.72700
2007-02-22,1.76100
2007-02-23,1.78500
2007-02-26,1.78800
2007-02-27,1.78500
2007-02-28,1.85300
2007-03-01,1.85600
2007-03-02,1.85200
2007-03-05,1.80000
2007-03-06,1.81600
2007-03-07,1.83700
2007-03-08,1.83300
2007-03-09,1.78100
2007-03-12,1.75500
2007-03-13,1.80500
2007-03-14,1.81900
2007-03-15,1.79700
2007-03-16,1.80300
2007-03-20,1.79300
2007-03-21,1.78800
2007-03-22,1.82900
2007-03-23,1.83400
2007-03-26,1.90400
2007-03-27,1.91800
2007-03-28,1.95000
2007-03-29,2.02600
2007-03-30,2.01700
2007-04-02,2.00800
2007-04-03,1.98300
2007-04-04,2.03100
2007-04-05,2.03000
2007-04-09,1.99500
2007-04-10,2.03100
2007-04-11,2.06400
2007-04-12,2.10300
2007-04-13,2.08800
2007-04-16,2.05600
2007-04-17,2.00000
2007-04-18,2.00400
2007-04-19,2.00100
2007-04-20,2.02700
2007-04-23,2.05700
2007-04-24,2.01300
2007-04-25,2.06600
2007-04-26,2.05100
2007-04-27,2.07100
2007-04-30,2.04900
2007-05-01,2.03800
2007-05-02,2.00100
2007-05-03,2.00500
2007-05-04,2.02700
2007-05-07,1.99200
2007-05-08,2.01800
2007-05-09,2.00800
2007-05-10,2.02300
2007-05-11,2.02500
2007-05-14,2.03000
2007-05-15,2.04800
2007-05-16,2.02700
2007-05-17,2.09200
2007-05-18,2.07600
2007-05-21,2.10800
2007-05-22,2.07000
2007-05-23,2.09200
2007-05-24,2.08900
2007-05-25,2.09900
2007-05-29,2.04000
2007-05-30,2.02500
2007-05-31,2.04400
2007-06-01,2.07200
2007-06-04,2.09100
2007-06-05,2.09500
2007-06-06,2.10200
2007-06-07,2.10500
2007-06-08,2.03300
2007-06-11,2.06200
2007-06-12,2.04400
2007-06-13,2.08000
2007-06-14,2.13700
2007-06-15,2.11100
2007-06-18,2.16800
2007-06-19,2.16200
2007-06-20,2.12900
2007-06-21,2.12200
2007-06-22,2.13700
2007-06-25,2.14000
2007-06-26,2.05200
2007-06-27,2.08200
2007-06-28,2.07300
2007-06-29,2.09000
2007-07-02,2.11900
2007-07-03,2.13400
2007-07-05,2.15200
2007-07-06,2.14700
2007-07-09,2.14200
2007-07-10,2.17400
2007-07-11,2.14500
2007-07-12,2.14800
2007-07-13,2.16100
2007-07-16,2.10200
2007-07-17,2.08000
2007-07-18,2.13900
2007-07-19,2.15200
2007-07-20,2.13600
2007-07-23,2.10000
2007-07-24,2.08800
2007-07-25,2.14500
2007-07-26,2.10800
2007-07-27,2.15600
2007-07-30,2.15300
2007-07-31,2.19800
2007-08-01,2.15400
2007-08-02,2.14900
2007-08-03,2.10500
2007-08-06,2.00800
2007-08-07,2.02000
2007-08-08,2.04800
2007-08-09,2.08000
2007-08-10,2.07100
2007-08-13,2.06200
2007-08-14,2.07800
2007-08-15,2.12600
2007-08-16,2.09800
2007-08-17,2.10800
2007-08-20,2.08300
2007-08-21,2.05500
2007-08-22,2.05600
2007-08-23,2.08100
2007-08-24,2.11800
2007-08-27,2.11200
2007-08-28,2.09300
2007-08-29,2.14100
2007-08-30,2.13100
2007-08-31,2.13500
2007-09-04,2.14200
2007-09-05,2.17500
2007-09-06,2.20600
2007-09-07,2.20200
2007-09-10,2.23600
2007-09-11,2.23900
2007-09-12,2.26100
2007-09-13,2.29300
2007-09-14,2.26800
2007-09-17,2.29900
2007-09-18,2.32600
2007-09-19,2.31100
2007-09-20,2.32500
2007-09-21,2.31800
2007-09-24,2.30600
2007-09-25,2.26400
2007-09-26,2.25800
2007-09-27,2.32400
2007-09-28,2.28800
2007-10-01,2.28200
2007-10-02,2.26200
2007-10-03,2.27000
2007-10-04,2.33100
2007-10-05,2.29100
2007-10-08,2.23400
2007-10-09,2.24700
2007-10-10,2.27800
2007-10-11,2.30500
2007-10-12,2.31700
2007-10-15,2.37000
2007-10-16,2.40300
2007-10-17,2.38000
2007-10-18,2.42500
2007-10-19,2.39800
2007-10-22,2.38100
2007-10-23,2.36900
2007-10-24,2.41400
2007-10-25,2.47300
2007-10-26,2.49800
2007-10-29,2.55200
2007-10-30,2.49600
2007-10-31,2.59200
2007-11-01,2.57300
2007-11-02,2.66100
2007-11-05,2.64100
2007-11-06,2.70400
2007-11-07,2.70500
2007-11-08,2.69800
2007-11-09,2.71200
2007-11-12,2.65800
2007-11-13,2.58700
2007-11-14,2.63900
2007-11-15,2.62800
2007-11-16,2.65800
2007-11-19,2.67200
2007-11-20,2.76200
2007-11-21,2.75400
2007-11-23,2.77300
2007-11-26,2.75100
2007-11-27,2.71800
2007-11-28,2.65100
2007-11-29,2.63200
2007-11-30,2.56800
2007-12-03,2.57400
2007-12-04,2.55200
2007-12-05,2.54400
2007-12-06,2.57000
2007-12-07,2.56300
2007-12-10,2.53000
2007-12-11,2.54200
2007-12-12,2.66700
2007-12-13,2.65700
2007-12-14,2.60800
2007-12-17,2.59600
2007-12-18,2.55500
2007-12-19,2.59700
2007-12-20,2.59000
2007-12-21,2.60700
2007-12-24,2.59100
2007-12-26,2.63500
2007-12-27,2.70300
2007-12-28,2.66900
2007-12-31,2.67300
2008-01-02,2.74500
2008-01-03,2.75100
2008-01-04,2.71600
2008-01-07,2.63500
2008-01-08,2.66000
2008-01-09,2.63400
2008-01-10,2.59000
2008-01-11,2.56800
2008-01-14,2.62300
2008-01-15,2.58300
2008-01-16,2.60000
2008-01-17,2.57500
2008-01-18,2.58600
2008-01-22,2.54500
2008-01-23,2.50100
2008-01-24,2.51600
2008-01-25,2.56500
2008-01-28,2.56800
2008-01-29,2.58000
2008-01-30,2.59100
2008-01-31,2.57200
2008-02-01,2.49800
2008-02-04,2.53400
2008-02-05,2.49700
2008-02-06,2.48100
2008-02-07,2.52700
2008-02-08,2.61700
2008-02-11,2.70500
2008-02-12,2.68500
2008-02-13,2.71100
2008-02-14,2.75400
2008-02-15,2.74500
2008-02-19,2.85100
2008-02-20,2.85700
2008-02-21,2.82300
2008-02-22,2.84300
2008-02-25,2.85300
2008-02-26,2.89000
2008-02-27,2.84600
2008-02-28,2.93500
2008-02-29,2.91500
2008-03-03,2.96300
2008-03-04,2.92200
2008-03-05,3.06900
2008-03-06,3.09300
2008-03-07,3.08300
2008-03-10,3.10100
2008-03-11,3.16800
2008-03-12,3.20200
2008-03-13,3.29600
2008-03-14,3.32000
2008-03-17,3.25500
2008-03-18,3.28900
2008-03-19,3.19600
2008-03-20,3.15000
2008-03-24,2.95200
2008-03-25,2.97500
2008-03-26,3.09000
2008-03-27,3.17000
2008-03-28,3.13700
2008-03-31,3.06100
2008-04-01,3.06200
2008-04-02,3.08700
2008-04-03,3.07100
2008-04-04,3.12400
2008-04-07,3.25000
2008-04-08,3.29000
2008-04-09,3.43700
2008-04-10,3.38000
2008-04-11,3.40200
2008-04-14,3.41200
2008-04-15,3.48500
2008-04-16,3.47600
2008-04-17,3.46400
2008-04-18,3.49000
2008-04-21,3.51200
2008-04-22,3.51200
2008-04-23,3.50200
2008-04-24,3.44100
2008-04-25,3.49200
2008-04-28,3.42800
2008-04-29,3.37500
2008-04-30,3.32900
2008-05-01,3.25300
2008-05-02,3.35000
2008-05-05,3.44300
2008-05-06,3.47700
2008-05-07,3.57500
2008-05-08,3.65500
2008-05-09,3.75800
2008-05-12,3.65800
2008-05-13,3.80400
2008-05-14,3.73100
2008-05-15,3.73300
2008-05-16,3.83000
2008-05-19,3.81000
2008-05-20,3.89800
2008-05-21,4.06200
2008-05-22,4.07300
2008-05-23,4.00200
2008-05-27,3.91900
2008-05-28,3.94900
2008-05-29,3.77700
2008-05-30,3.73600
2008-06-02,3.80600
2008-06-03,3.73100
2008-06-04,3.61900
2008-06-05,3.75300
2008-06-06,4.00000
2008-06-09,3.92800
2008-06-10,3.86100
2008-06-11,4.04500
2008-06-12,3.99600
2008-06-13,3.89800
2008-06-16,3.87300
2008-06-17,3.87900
2008-06-18,3.90800
2008-06-19,3.76500
2008-06-20,3.82100
2008-06-23,3.86300
2008-06-24,3.86400
2008-06-25,3.82700
2008-06-26,3.95600
2008-06-27,4.03100
2008-06-30,4.02000
2008-07-01,4.03500
2008-07-02,4.17300
2008-07-03,4.20700
2008-07-07,4.08400
2008-07-08,3.92200
2008-07-09,3.94200
2008-07-10,4.13200
2008-07-11,4.17300
2008-07-14,4.15800
2008-07-15,4.01200
2008-07-16,3.94000
2008-07-17,3.84000
2008-07-18,3.80900
2008-07-21,3.87000
2008-07-22,3.78300
2008-07-23,3.64800
2008-07-24,3.67600
2008-07-25,3.63200
2008-07-28,3.67400
2008-07-29,3.59000
2008-07-30,3.64600
2008-07-31,3.55400
2008-08-01,3.53000
2008-08-04,3.45100
2008-08-05,3.37700
2008-08-06,3.32600
2008-08-07,3.32900
2008-08-08,3.17100
2008-08-11,3.14800
2008-08-12,3.10800
2008-08-13,3.16500
2008-08-14,3.14700
2008-08-15,3.17100
2008-08-18,3.14100
2008-08-19,3.18900
2008-08-20,3.24100
2008-08-21,3.36900
2008-08-22,3.22500
2008-08-25,3.25400
2008-08-26,3.35900
2008-08-27,3.38300
2008-08-28,3.30400
2008-08-29,3.29600
2008-09-02,3.25200
2008-09-03,3.25700
2008-09-04,3.19200
2008-09-05,3.19300
2008-09-08,3.23100
2008-09-09,3.09400
2008-09-10,3.11400
2008-09-11,4.31600
2008-09-12,4.81400
2008-09-15,4.04100
2008-09-16,3.97000
2008-09-17,3.00800
2008-09-18,3.17700
2008-09-19,3.14900
2008-09-22,3.33000
2008-09-23,3.30700
2008-09-24,3.29500
2008-09-25,3.13400
2008-09-26,3.12000
2008-09-29,2.85900
2008-09-30,3.02200
2008-10-01,2.92400
2008-10-02,2.79600
2008-10-03,2.72700
2008-10-06,2.59000
2008-10-07,2.57500
2008-10-08,2.58100
2008-10-09,2.45600
2008-10-10,2.37500
2008-10-13,2.45200
2008-10-14,2.37300
2008-10-15,2.23200
2008-10-16,2.20700
2008-10-17,2.19300
2008-10-20,2.28600
2008-10-21,2.19100
2008-10-22,2.08500
2008-10-23,2.10100
2008-10-24,2.02300
2008-10-27,1.95800
2008-10-28,1.98000
2008-10-29,2.05400
2008-10-30,1.99900
2008-10-31,2.09400
2008-11-03,1.99300
2008-11-04,2.14000
2008-11-05,2.10300
2008-11-06,1.98500
2008-11-07,2.02100
2008-11-10,2.05900
2008-11-11,1.94600
2008-11-12,1.85100
2008-11-13,1.93500
2008-11-14,1.85700
2008-11-17,1.82300
2008-11-18,1.79600
2008-11-19,1.77200
2008-11-20,1.68400
2008-11-21,1.71100
2008-11-24,1.80000
2008-11-25,1.70900
2008-11-26,1.77100
2008-11-28,1.76000
2008-12-01,1.63300
2008-12-02,1.60400
2008-12-03,1.59300
2008-12-04,1.49100
2008-12-05,1.36200
2008-12-08,1.40000
2008-12-09,1.34900
2008-12-10,1.20500
2008-12-11,1.34600
2008-12-12,1.34900
2008-12-15,1.31500
2008-12-16,1.35000
2008-12-17,1.35000
2008-12-18,1.35500
2008-12-19,1.37100
2008-12-22,1.32700
2008-12-23,1.36500
2008-12-24,1.26200
2008-12-26,1.29700
2008-12-29,1.32600
2008-12-30,1.28700
2008-12-31,1.32000
2009-01-02,1.51000
2009-01-05,1.58600
2009-01-06,1.64800
2009-01-07,1.58800
2009-01-08,1.55700
2009-01-09,1.52000
2009-01-12,1.51100
2009-01-13,1.54800
2009-01-14,1.49100
2009-01-15,1.48500
2009-01-16,1.46200
2009-01-20,1.39800
2009-01-21,1.39600
2009-01-22,1.31200
2009-01-23,1.40900
2009-01-26,1.39800
2009-01-27,1.35700
2009-01-28,1.39900
2009-01-29,1.39700
2009-01-30,1.41600
2009-02-02,1.35000
2009-02-03,1.30100
2009-02-04,1.31500
2009-02-05,1.35000
2009-02-06,1.33000
2009-02-09,1.32200
2009-02-10,1.26800
2009-02-11,1.28300
2009-02-12,1.30300
2009-02-13,1.28300
2009-02-17,1.16200
2009-02-18,1.13000
2009-02-19,1.19500
2009-02-20,1.19400
2009-02-23,1.16900
2009-02-24,1.20400
2009-02-25,1.23300
2009-02-26,1.27500
2009-02-27,1.26500
2009-03-02,1.13200
2009-03-03,1.15600
2009-03-04,1.18000
2009-03-05,1.13400
2009-03-06,1.20600
2009-03-09,1.19400
2009-03-10,1.17300
2009-03-11,1.11100
2009-03-12,1.19200
2009-03-13,1.17000
2009-03-16,1.18300
2009-03-17,1.22500
2009-03-18,1.24900
2009-03-19,1.30500
2009-03-20,1.34200
2009-03-23,1.44800
2009-03-24,1.46200
2009-03-25,1.45700
2009-03-26,1.47000
2009-03-27,1.42200
2009-03-30,1.33600
2009-03-31,1.34100
2009-04-01,1.33600
2009-04-02,1.45300
2009-04-03,1.43600
2009-04-06,1.42600
2009-04-07,1.39000
2009-04-08,1.41100
2009-04-09,1.42400
2009-04-13,1.39800
2009-04-14,1.40000
2009-04-15,1.41100
2009-04-16,1.42100
2009-04-17,1.42600
2009-04-20,1.33200
2009-04-21,1.33900
2009-04-22,1.31800
2009-04-23,1.30000
2009-04-24,1.34700
2009-04-27,1.30400
2009-04-28,1.28800
2009-04-29,1.30300
2009-04-30,1.29400
2009-05-01,1.38100
2009-05-04,1.39500
2009-05-05,1.38500
2009-05-06,1.44100
2009-05-07,1.45000
2009-05-08,1.49100
2009-05-11,1.46700
2009-05-12,1.49500
2009-05-13,1.47500
2009-05-14,1.47200
2009-05-15,1.41200
2009-05-18,1.47100
2009-05-19,1.48000
2009-05-20,1.53800
2009-05-21,1.52600
2009-05-22,1.54100
2009-05-26,1.53400
2009-05-27,1.54400
2009-05-28,1.59200
2009-05-29,1.67200
2009-06-01,1.74500
2009-06-02,1.78500
2009-06-03,1.71800
2009-06-04,1.76200
2009-06-05,1.77000
2009-06-08,1.78000
2009-06-09,1.80100
2009-06-10,1.83100
2009-06-11,1.85100
2009-06-12,1.84300
2009-06-15,1.81300
2009-06-16,1.83800
2009-06-17,1.88100
2009-06-18,1.86000
2009-06-19,1.83000
2009-06-22,1.75700
2009-06-23,1.80200
2009-06-24,1.80300
2009-06-25,1.83000
2009-06-26,1.79100
2009-06-29,1.82900
2009-06-30,1.78800
2009-07-01,1.78100
2009-07-02,1.71400
2009-07-06,1.66900
2009-07-07,1.63000
2009-07-08,1.59100
2009-07-09,1.58700
2009-07-10,1.58300
2009-07-13,1.56400
2009-07-14,1.57100
2009-07-15,1.64900
2009-07-16,1.65400
2009-07-17,1.70600
2009-07-20,1.75000
2009-07-21,1.77000
2009-07-22,1.77900
2009-07-23,1.82400
2009-07-24,1.84000
2009-07-27,1.84100
2009-07-28,1.81300
2009-07-29,1.71000
2009-07-30,1.80100
2009-07-31,1.83100
2009-08-03,1.88300
2009-08-04,1.91100
2009-08-05,1.96400
2009-08-06,1.92200
2009-08-07,1.90000
2009-08-10,1.93200
2009-08-11,1.89600
2009-08-12,1.89100
2009-08-13,1.90500
2009-08-14,1.85300
2009-08-17,1.83000
2009-08-18,1.86200
2009-08-19,1.91000
2009-08-20,1.88500
2009-08-21,1.91200
2009-08-24,1.91900
2009-08-25,1.84000
2009-08-26,1.84700
2009-08-27,1.86900
2009-08-28,1.86700
2009-08-31,1.78100
2009-09-01,1.74500
2009-09-02,1.73500
2009-09-03,1.72500
2009-09-04,1.67900
2009-09-08,1.74300
2009-09-09,1.75600
2009-09-10,1.76000
2009-09-11,1.71600
2009-09-14,1.72600
2009-09-15,1.76000
2009-09-16,1.80200
2009-09-17,1.81900
2009-09-18,1.81600
2009-09-21,1.74500
2009-09-22,1.83600
2009-09-23,1.76100
2009-09-24,1.70400
2009-09-25,1.70000
2009-09-28,1.71100
2009-09-29,1.69900
2009-09-30,1.79400
2009-10-01,1.78500
2009-10-02,1.78000
2009-10-05,1.78100
2009-10-06,1.80800
2009-10-07,1.78000
2009-10-08,1.82500
2009-10-09,1.86900
2009-10-12,1.89200
2009-10-13,1.91100
2009-10-14,1.93400
2009-10-15,1.99700
2009-10-16,2.01800
2009-10-19,2.03000
2009-10-20,2.01800
2009-10-21,2.08500
2009-10-22,2.08600
2009-10-23,2.05300
2009-10-26,2.03200
2009-10-27,2.03800
2009-10-28,1.98200
2009-10-29,2.04700
2009-10-30,1.97600
2009-11-02,2.01000
2009-11-03,2.03400
2009-11-04,2.02000
2009-11-05,1.99800
2009-11-06,1.94700
2009-11-09,1.99600
2009-11-10,1.99900
2009-11-11,2.00200
2009-11-12,1.94600
2009-11-13,1.92000
2009-11-16,1.98700
2009-11-17,2.03200
2009-11-18,2.02400
2009-11-19,1.98400
2009-11-20,1.96800
2009-11-23,1.96400
2009-11-24,1.96000
2009-11-25,1.97500
2009-11-27,1.95400
2009-11-30,2.00400
2009-12-01,2.02800
2009-12-02,1.99200
2009-12-03,2.00100
2009-12-04,2.00600
2009-12-07,1.97700
2009-12-08,1.98300
2009-12-09,1.90400
2009-12-10,1.89400
2009-12-11,1.90900
2009-12-14,1.90500
2009-12-15,1.90100
2009-12-16,1.98700
2009-12-17,1.95300
2009-12-18,1.96700
2009-12-21,1.91300
2009-12-22,1.91900
2009-12-23,1.98900
2009-12-24,2.02000
2009-12-28,2.05400
2009-12-29,2.07600
2009-12-30,2.08000
2009-12-31,2.08800
2010-01-04,2.16500
2010-01-05,2.16500
2010-01-06,2.17300
2010-01-07,2.15600
2010-01-08,2.19000
2010-01-11,2.15600
2010-01-12,2.11600
2010-01-13,2.08200
2010-01-14,2.07600
2010-01-15,2.04900
2010-01-19,2.04400
2010-01-20,2.00600
2010-01-21,1.98800
2010-01-22,1.94000
2010-01-25,1.96500
2010-01-26,1.96400
2010-01-27,1.92300
2010-01-28,1.92800
2010-01-29,1.91000
2010-02-01,1.95400
2010-02-02,2.02100
2010-02-03,2.00800
2010-02-04,1.91500
2010-02-08,1.87000
2010-02-09,1.95400
2010-02-10,1.94500
2010-02-11,1.95600
2010-02-12,1.92200
2010-02-16,1.98600
2010-02-17,2.00800
2010-02-18,2.05400
2010-02-19,2.07600
2010-02-22,2.07300
2010-02-23,2.04900
2010-02-24,2.05700
2010-02-25,2.01400
2010-02-26,2.05500
2010-03-01,2.05600
2010-03-02,2.07700
2010-03-03,2.11500
2010-03-04,2.09100
2010-03-05,2.11600
2010-03-08,2.11100
2010-03-09,2.09700
2010-03-10,2.12300
2010-03-11,2.12500
2010-03-12,2.10500
2010-03-15,2.06400
2010-03-16,2.12100
2010-03-17,2.13400
2010-03-18,2.11400
2010-03-19,2.08600
2010-03-22,2.09100
2010-03-23,2.10700
2010-03-24,2.07500
2010-03-25,2.08900
2010-03-26,2.10900
2010-03-29,2.14700
2010-03-30,2.15200
2010-03-31,2.18800
2010-04-01,2.23900
2010-04-05,2.29000
2010-04-06,2.27900
2010-04-07,2.25200
2010-04-08,2.24900
2010-04-09,2.24400
2010-04-12,2.23300
2010-04-13,2.22300
2010-04-14,2.24600
2010-04-15,2.26000
2010-04-16,2.22400
2010-04-19,2.16300
2010-04-20,2.18300
2010-04-21,2.20400
2010-04-22,2.21900
2010-04-23,2.26400
2010-04-26,2.23600
2010-04-27,2.21600
2010-04-28,2.25700
2010-04-29,2.29200
2010-04-30,2.32400
2010-05-03,2.34800
2010-05-04,2.26200
2010-05-05,2.18500
2010-05-06,2.10800
2010-05-07,2.08500
2010-05-10,2.12400
2010-05-11,2.12500
2010-05-12,2.16800
2010-05-13,2.13600
2010-05-14,2.07900
2010-05-17,2.00700
2010-05-18,1.97400
2010-05-19,1.96100
2010-05-20,1.90900
2010-05-21,1.92200
2010-05-24,1.93000
2010-05-25,1.91500
2010-05-26,1.94200
2010-05-27,2.03700
2010-05-28,2.03900
2010-06-01,1.99000
2010-06-02,2.03600
2010-06-03,2.05800
2010-06-04,1.98000
2010-06-07,1.97800
2010-06-08,1.98100
2010-06-09,2.02000
2010-06-10,2.06000
2010-06-11,2.03600
2010-06-14,2.02900
2010-06-15,2.08000
2010-06-16,2.12400
2010-06-17,2.15200
2010-06-18,2.14600
2010-06-21,2.14100
2010-06-22,2.11100
2010-06-23,2.05700
2010-06-24,2.04300
2010-06-25,2.12800
2010-06-28,2.10500
2010-06-29,2.01900
2010-06-30,1.99300
2010-07-01,1.91700
2010-07-02,1.90500
2010-07-06,1.91300
2010-07-07,1.97800
2010-07-08,2.02900
2010-07-09,2.05100
2010-07-12,2.00400
2010-07-13,2.06200
2010-07-14,2.04400
2010-07-15,2.03700
2010-07-16,2.02500
2010-07-19,2.02900
2010-07-20,2.04400
2010-07-21,2.00900
2010-07-22,2.07000
2010-07-23,2.07500
2010-07-26,2.06600
2010-07-27,2.01900
2010-07-28,2.00000
2010-07-29,2.04100
2010-07-30,2.09300
2010-08-02,2.15500
2010-08-03,2.19000
2010-08-04,2.19400
2010-08-05,2.18400
2010-08-06,2.16600
2010-08-09,2.16400
2010-08-10,2.14100
2010-08-11,2.08300
2010-08-12,2.02700
2010-08-13,2.04200
2010-08-16,2.02500
2010-08-17,2.05900
2010-08-18,2.07500
2010-08-19,2.05700
2010-08-20,2.03700
2010-08-23,2.00600
2010-08-24,1.98200
2010-08-25,2.02400
2010-08-26,2.05400
2010-08-27,2.09800
2010-08-30,2.05900
2010-08-31,2.01000
2010-09-01,2.05300
2010-09-02,2.06600
2010-09-03,2.06400
2010-09-07,2.06600
2010-09-08,2.08400
2010-09-09,2.07600
2010-09-10,2.12700
2010-09-13,2.12900
2010-09-14,2.13100
2010-09-15,2.12600
2010-09-16,2.08900
2010-09-17,2.09800
2010-09-20,2.13500
2010-09-21,2.11200
2010-09-22,2.09900
2010-09-23,2.09900
2010-09-24,2.13000
2010-09-27,2.11400
2010-09-28,2.13600
2010-09-29,2.21300
2010-09-30,2.23900
2010-10-01,2.27000
2010-10-04,2.26600
2010-10-05,2.27200
2010-10-06,2.28000
2010-10-07,2.22400
2010-10-08,2.26700
2010-10-11,2.25200
2010-10-12,2.23400
2010-10-13,2.27000
2010-10-14,2.26900
2010-10-15,2.22400
2010-10-18,2.25800
2010-10-19,2.17600
2010-10-20,2.23600
2010-10-21,2.21800
2010-10-22,2.26400
2010-10-25,2.25500
2010-10-26,2.25000
2010-10-27,2.23500
2010-10-28,2.23600
2010-10-29,2.25300
2010-11-01,2.28600
2010-11-02,2.26200
2010-11-03,2.30200
2010-11-04,2.34600
2010-11-05,2.36600
2010-11-08,2.37200
2010-11-09,2.39300
2010-11-10,2.42400
2010-11-11,2.41900
2010-11-12,2.35000
2010-11-15,2.34800
2010-11-16,2.29800
2010-11-17,2.24200
2010-11-18,2.28800
2010-11-19,2.25700
2010-11-22,2.24800
2010-11-23,2.25300
2010-11-24,2.33000
2010-11-26,2.34600
2010-11-29,2.36900
2010-11-30,2.29100
2010-12-01,2.37000
2010-12-02,2.41800
2010-12-03,2.46100
2010-12-06,2.43900
2010-12-07,2.41100
2010-12-08,2.41800
2010-12-09,2.43400
2010-12-10,2.41500
2010-12-13,2.41800
2010-12-14,2.43000
2010-12-15,2.45800
2010-12-16,2.46200
2010-12-17,2.45900
2010-12-20,2.44200
2010-12-21,2.43500
2010-12-22,2.49500
2010-12-23,2.53700
2010-12-27,2.49600
2010-12-28,2.48000
2010-12-29,2.50100
2010-12-30,2.45900
2010-12-31,2.52800
2011-01-03,2.52800
2011-01-04,2.48700
2011-01-05,2.52400
2011-01-06,2.51200
2011-01-07,2.50200
2011-01-10,2.57000
2011-01-11,2.61500
2011-01-12,2.62500
2011-01-13,2.63200
2011-01-14,2.66300
2011-01-18,2.66300
2011-01-19,2.66800
2011-01-20,2.63500
2011-01-21,2.66900
2011-01-24,2.62300
2011-01-25,2.61800
2011-01-26,2.71100
2011-01-27,2.69000
2011-01-28,2.70500
2011-01-31,2.74200
2011-02-01,2.76900
2011-02-02,2.80400
2011-02-03,2.79500
2011-02-04,2.75800
2011-02-07,2.75500
2011-02-08,2.79000
2011-02-09,2.82000
2011-02-10,2.78700
2011-02-11,2.76100
2011-02-14,2.82300
2011-02-15,2.80400
2011-02-16,2.83500
2011-02-17,2.81400
2011-02-18,2.80600
2011-02-22,2.88000
2011-02-23,3.00500
2011-02-24,2.93700
2011-02-25,3.00600
2011-02-28,2.99800
2011-03-01,3.14700
2011-03-02,3.15700
2011-03-03,3.14700
2011-03-04,3.18300
2011-03-07,3.12600
2011-03-08,3.08500
2011-03-09,3.12700
2011-03-10,3.08300
2011-03-11,3.07900
2011-03-14,3.11900
2011-03-15,3.02600
2011-03-16,3.06700
2011-03-17,3.15400
2011-03-18,3.12200
2011-03-21,3.13000
2011-03-22,3.15400
2011-03-23,3.13700
2011-03-24,3.14300
2011-03-25,3.16000
2011-03-28,3.12700
2011-03-29,3.12200
2011-03-30,3.11900
2011-03-31,3.16100
2011-04-01,3.20200
2011-04-04,3.22800
2011-04-05,3.23500
2011-04-06,3.25100
2011-04-07,3.25100
2011-04-08,3.37500
2011-04-11,3.29200
2011-04-12,3.20100
2011-04-13,3.23800
2011-04-14,3.24100
2011-04-15,3.27600
2011-04-18,3.23600
2011-04-19,3.20700
2011-04-20,3.27200
2011-04-21,3.25400
2011-04-25,3.25700
2011-04-26,3.29500
2011-04-27,3.33200
2011-04-28,3.32200
2011-04-29,3.36800
2011-05-02,3.35100
2011-05-03,3.30100
2011-05-04,3.23700
2011-05-05,2.98800
2011-05-06,2.99800
2011-05-09,3.10900
2011-05-10,3.14600
2011-05-11,3.05900
2011-05-12,3.04000
2011-05-13,3.09900
2011-05-16,3.02000
2011-05-17,2.97800
2011-05-18,3.02300
2011-05-19,3.02400
2011-05-20,3.05800
2011-05-23,2.96400
2011-05-24,3.02600
2011-05-25,3.07800
2011-05-26,3.06500
2011-05-27,3.07900
2011-05-31,3.13400
2011-06-01,3.09800
2011-06-02,3.12000
2011-06-03,3.13700
2011-06-06,3.08200
2011-06-07,3.14400
2011-06-08,3.15400
2011-06-09,3.19800
2011-06-10,3.16300
2011-06-13,3.16200
2011-06-14,3.19800
2011-06-15,3.07300
2011-06-16,3.08300
2011-06-17,3.06200
2011-06-20,2.99600
2011-06-21,2.94000
2011-06-22,3.00400
2011-06-23,2.88000
2011-06-24,2.83100
2011-06-27,2.83800
2011-06-28,2.88000
2011-06-29,2.98400
2011-07-06,3.02000
2011-07-07,3.15000
2011-07-08,3.13700
2011-07-18,3.13100
2011-07-19,3.15600
2011-07-20,3.17800
2011-07-21,3.16800
2011-07-22,3.18800
2011-07-25,3.16400
2011-07-26,3.17000
2011-07-27,3.15300
2011-07-28,3.17100
2011-07-29,3.16100
2011-08-01,3.15300
2011-08-02,3.13700
2011-08-03,3.07500
2011-08-04,2.95400
2011-08-05,2.99500
2011-08-08,2.86300
2011-08-09,2.86100
2011-08-10,2.89000
2011-08-11,2.94900
2011-08-12,2.96100
2011-08-15,2.99600
2011-08-16,3.00600
2011-08-17,3.03700
2011-08-18,2.93500
2011-08-19,2.98800
2011-08-22,2.97700
2011-08-23,3.02100
2011-08-24,3.01800
2011-08-25,3.03900
2011-08-26,3.05900
2011-08-29,3.06000
2011-08-30,3.10900
2011-08-31,3.11300
2011-09-01,3.08800
2011-09-02,3.03800
2011-09-06,3.04300
2011-09-07,3.05000
2011-09-08,3.01800
2011-09-09,2.96200
2011-09-12,2.93800
2011-09-13,2.92200
2011-09-14,2.93700
2011-09-15,3.01900
2011-09-16,3.00200
2011-09-19,2.93800
2011-09-20,2.94600
2011-09-21,2.91900
2011-09-22,2.85300
2011-09-23,2.82700
2011-09-26,2.86000
2011-09-27,2.92800
2011-09-28,2.87700
2011-09-29,2.89400
2011-09-30,2.84400
2011-10-03,2.81500
2011-10-04,2.83800
2011-10-05,2.83500
2011-10-06,2.91600
2011-10-07,2.88100
2011-10-10,2.91100
2011-10-11,2.88900
2011-10-12,2.91700
2011-10-13,2.97200
2011-10-14,3.05600
2011-10-17,2.98600
2011-10-18,3.01000
2011-10-19,2.98200
2011-10-20,3.02800
2011-10-21,3.01000
2011-10-24,3.03600
2011-10-25,3.02500
2011-10-26,3.00600
2011-10-27,3.08800
2011-10-28,3.05100
2011-10-31,3.02800
2011-11-01,3.01100
2011-11-02,2.99100
2011-11-03,3.03600
2011-11-04,3.06700
2011-11-07,3.11400
2011-11-08,3.11900
2011-11-09,3.09500
2011-11-10,3.13100
2011-11-11,3.17800
2011-11-14,3.15800
2011-11-15,3.15600
2011-11-16,3.08600
2011-11-17,3.05200
2011-11-18,3.01900
2011-11-21,2.96400
2011-11-22,3.00500
2011-11-23,2.93600
2011-11-25,2.91400
2011-11-28,2.93900
2011-11-29,2.99100
2011-11-30,3.00100
2011-12-01,2.96900
2011-12-02,2.96800
2011-12-05,2.94100
2011-12-06,2.97700
2011-12-07,2.94300
2011-12-08,2.86700
2011-12-09,2.84100
2011-12-12,2.82400
2011-12-13,2.85400
2011-12-14,2.76100
2011-12-15,2.74900
2011-12-16,2.76800
2011-12-19,2.73900
2011-12-20,2.82900
2011-12-21,2.87400
2011-12-22,2.91000
2011-12-23,2.88500
2011-12-27,2.89400
2011-12-28,2.89100
2011-12-29,2.93000
2011-12-30,2.91700
2012-01-03,3.04000
2012-01-04,3.10000
2012-01-05,3.06000
2012-01-06,3.10200
2012-01-09,3.13400
2012-01-10,3.16800
2012-01-11,3.13600
2012-01-12,3.10000
2012-01-13,3.09500
2012-01-17,3.07900
2012-01-18,3.07600
2012-01-19,3.09300
2012-01-20,3.04500
2012-01-23,3.05500
2012-01-24,3.07000
2012-01-25,3.06200
2012-01-26,3.08200
2012-01-27,3.10000
2012-01-30,3.06800
2012-01-31,3.07900
2012-02-01,3.07900
2012-02-02,3.08500
2012-02-03,3.13400
2012-02-06,3.21700
2012-02-07,3.21200
2012-02-08,3.19700
2012-02-09,3.21600
2012-02-10,3.17000
2012-02-13,3.15000
2012-02-14,3.16500
2012-02-15,3.19100
2012-02-16,3.21500
2012-02-17,3.19700
2012-02-21,3.23700
2012-02-22,3.29000
2012-02-23,3.31300
2012-02-24,3.33000
2012-02-27,3.29400
2012-02-28,3.23900
2012-02-29,3.21200
2012-03-01,3.27300
2012-03-02,3.20500
2012-03-05,3.22000
2012-03-06,3.20400
2012-03-07,3.23600
2012-03-08,3.28800
2012-03-09,3.29400
2012-03-12,3.27800
2012-03-13,3.29800
2012-03-14,3.29200
2012-03-15,3.24600
2012-03-16,3.30900
2012-03-19,3.27200
2012-03-20,3.26300
2012-03-21,3.23500
2012-03-22,3.20300
2012-03-23,3.23500
2012-03-26,3.26900
2012-03-27,3.26200
2012-03-28,3.27500
2012-03-29,3.22800
2012-03-30,3.24200
2012-04-02,3.31500
2012-04-03,3.30200
2012-04-04,3.23400
2012-04-05,3.22400
2012-04-09,3.20400
2012-04-10,3.15800
2012-04-11,3.16700
2012-04-12,3.24000
2012-04-13,3.26300
2012-04-16,3.22000
2012-04-17,3.22300
2012-04-18,3.21600
2012-04-19,3.18700
2012-04-20,3.20100
2012-04-23,3.18100
2012-04-24,3.19400
2012-04-25,3.22800
2012-04-26,3.26100
2012-04-27,3.23900
2012-04-30,3.26000
2012-05-01,3.24400
2012-05-02,3.21200
2012-05-03,3.15300
2012-05-04,3.07000
2012-05-07,3.04500
2012-05-08,3.04900
2012-05-09,3.04800
2012-05-10,3.03800
2012-05-11,3.02300
2012-05-14,3.01100
2012-05-15,2.98800
2012-05-16,2.95200
2012-05-17,2.89300
2012-05-18,2.88200
2012-05-21,2.91800
2012-05-22,2.88800
2012-05-23,2.86400
2012-05-24,2.86900
2012-05-25,2.87600
2012-05-29,2.86400
2012-05-30,2.78700
2012-05-31,2.75300
2012-06-01,2.68500
2012-06-04,2.67300
2012-06-05,2.68700
2012-06-06,2.72700
2012-06-07,2.70000
2012-06-08,2.72700
2012-06-11,2.66100
2012-06-12,2.66900
2012-06-13,2.65500
2012-06-14,2.70600
2012-06-15,2.70800
2012-06-18,2.69100
2012-06-19,2.71900
2012-06-20,2.64600
2012-06-21,2.60000
2012-06-22,2.62700
2012-06-25,2.62100
2012-06-26,2.65800
2012-06-27,2.67300
2012-06-28,2.63300
2012-06-29,2.77400
2012-07-02,2.74900
2012-07-03,2.82700
2012-07-05,2.82500
2012-07-06,2.78900
2012-07-09,2.82300
2012-07-10,2.82800
2012-07-11,2.86300
2012-07-12,2.85100
2012-07-13,2.89400
2012-07-16,2.93400
2012-07-17,2.91000
2012-07-18,2.93600
2012-07-19,3.00900
2012-07-20,3.00600
2012-07-23,2.91000
2012-07-24,2.90300
2012-07-25,2.91400
2012-07-26,2.94100
2012-07-27,2.96300
2012-07-30,2.94800
2012-07-31,2.91400
2012-08-01,2.94000
2012-08-02,2.93900
2012-08-03,3.03300
2012-08-06,3.05100
2012-08-07,3.10400
2012-08-08,3.12300
2012-08-09,3.15400
2012-08-10,3.12700
2012-08-13,3.13400
2012-08-14,3.14900
2012-08-15,3.18500
2012-08-16,3.20300
2012-08-17,3.16300
2012-08-20,3.16200
2012-08-21,3.19500
2012-08-22,3.22800
2012-08-23,3.20900
2012-08-24,3.20500
2012-08-27,3.22500
2012-08-28,3.27800
2012-08-29,3.24900
2012-08-30,3.25800
2012-08-31,3.27900
2012-09-04,3.23700
2012-09-05,3.21000
2012-09-06,3.21800
2012-09-07,3.24200
2012-09-10,3.24700
2012-09-11,3.25700
2012-09-12,3.26300
2012-09-13,3.26500
2012-09-14,3.28400
2012-09-17,3.18300
2012-09-18,3.14100
2012-09-19,3.06800
2012-09-20,3.12800
2012-09-21,3.16500
2012-09-24,3.12900
2012-09-25,3.13500
2012-09-26,3.13400
2012-09-27,3.16800
2012-09-28,3.15600
2012-10-01,3.15100
2012-10-02,3.13800
2012-10-03,3.07700
2012-10-04,3.19900
2012-10-05,3.15800
2012-10-08,3.15900
2012-10-09,3.20800
2012-10-10,3.21100
2012-10-11,3.25000
2012-10-12,3.20800
2012-10-15,3.18700
2012-10-16,3.16200
2012-10-17,3.15700
2012-10-18,3.16200
2012-10-19,3.09600
2012-10-22,3.02800
2012-10-23,2.99900
2012-10-24,2.99500
2012-10-25,3.01300
2012-10-26,3.04100
2012-10-29,3.01700
2012-10-30,2.97500
2012-10-31,2.96100
2012-11-01,2.93800
2012-11-02,2.86500
2012-11-05,2.88800
2012-11-06,2.94700
2012-11-07,2.90000
2012-11-08,2.89100
2012-11-09,2.94200
2012-11-12,2.93600
2012-11-13,2.89200
2012-11-14,2.94000
2012-11-15,2.91400
2012-11-16,2.93400
2012-11-19,3.05200
2012-11-20,3.01500
2012-11-21,3.04600
2012-11-23,3.04200
2012-11-26,3.01800
2012-11-27,2.99500
2012-11-28,2.97500
2012-11-29,3.01200
2012-11-30,3.01500
2012-12-03,3.00000
2012-12-04,2.94500
2012-12-05,2.94300
2012-12-06,2.90100
2012-12-07,2.84900
2012-12-10,2.85900
2012-12-11,2.87200
2012-12-12,2.90800
2012-12-13,2.87600
2012-12-14,2.90100
2012-12-17,2.87100
2012-12-18,2.90000
2012-12-19,2.92900
2012-12-20,2.97700
2012-12-21,3.01700
2012-12-24,2.99700
2012-12-26,3.03400
2012-12-27,3.05600
2012-12-28,2.97400
2012-12-31,2.98400
2013-01-02,2.99300
2013-01-03,2.99400
2013-01-04,2.99100
2013-01-07,3.03300
2013-01-08,3.08800
2013-01-09,3.08300
2013-01-10,3.06500
2013-01-11,3.05800
2013-01-14,3.13100
2013-01-15,3.09500
2013-01-16,3.05900
2013-01-17,3.07200
2013-01-18,3.08700
2013-01-22,3.11900
2013-01-23,3.13500
2013-01-24,3.13800
2013-01-25,3.11300
2013-01-28,3.10600
2013-01-29,3.17900
2013-01-30,3.18400
2013-01-31,3.19000
2013-02-01,3.23800
2013-02-04,3.23000
2013-02-05,3.23800
2013-02-06,3.22600
2013-02-07,3.25400
2013-02-08,3.28600
2013-02-11,3.29900
2013-02-12,3.29300
2013-02-13,3.28300
2013-02-14,3.28200
2013-02-15,3.26600
2013-02-19,3.23800
2013-02-20,3.20000
2013-02-21,3.19000
2013-02-22,3.19500
2013-02-25,3.16300
2013-02-26,3.12700
2013-02-27,3.07900
2013-02-28,3.04900
2013-03-01,3.01600
2013-03-04,3.00500
2013-03-05,3.02100
2013-03-06,3.01900
2013-03-07,3.01300
2013-03-08,3.00400
2013-03-11,2.99300
2013-03-12,3.01600
2013-03-13,2.97500
2013-03-14,2.98800
2013-03-15,2.98800
2013-03-18,2.97200
2013-03-19,2.89100
2013-03-20,2.92600
2013-03-21,2.92100
2013-03-22,2.88300
2013-03-25,2.87400
2013-03-26,2.92300
2013-03-27,2.97400
2013-03-28,2.98200
2013-04-01,3.00200
2013-04-02,3.01900
2013-04-03,2.97500
2013-04-04,2.93300
2013-04-05,2.88200
2013-04-08,2.91200
2013-04-09,2.91600
2013-04-10,2.89100
2013-04-11,2.87400
2013-04-12,2.79700
2013-04-15,2.72900
2013-04-16,2.70700
2013-04-17,2.63600
2013-04-18,2.69400
2013-04-19,2.69900
2013-04-22,2.71300
2013-04-23,2.68300
2013-04-24,2.71900
2013-04-25,2.78300
2013-04-26,2.75800
2013-04-29,2.75900
2013-04-30,2.68800
2013-05-01,2.60400
2013-05-02,2.67300
2013-05-03,2.70600
2013-05-06,2.71000
2013-05-07,2.73400
2013-05-08,2.77700
2013-05-09,2.77300
2013-05-10,2.74800
2013-05-13,2.74100
2013-05-14,2.70000
2013-05-15,2.70400
2013-05-16,2.74500
2013-05-17,2.78600
2013-05-20,2.81000
2013-05-21,2.75700
2013-05-22,2.70900
2013-05-23,2.71000
2013-05-24,2.71300
2013-05-28,2.76600
2013-05-29,2.72000
2013-05-30,2.70600
2013-05-31,2.65700
2013-06-03,2.73400
2013-06-04,2.76100
2013-06-05,2.74400
2013-06-06,2.75500
2013-06-07,2.78400
2013-06-10,2.75800
2013-06-11,2.72400
2013-06-12,2.78100
2013-06-13,2.82600
2013-06-14,2.84400
2013-06-17,2.83400
2013-06-18,2.83600
2013-06-19,2.83000
2013-06-20,2.74300
2013-06-21,2.73500
2013-06-24,2.72900
2013-06-25,2.73000
2013-06-26,2.73000
2013-06-27,2.75800
2013-06-28,2.73700
2013-07-01,2.75400
2013-07-02,2.78200
2013-07-03,2.83300
2013-07-05,2.87900
2013-07-08,2.86000
2013-07-09,2.88000
2013-07-10,2.89200
2013-07-11,2.88800
2013-07-12,2.90600
2013-07-15,2.90800
2013-07-16,2.92400
2013-07-17,2.95500
2013-07-18,2.97500
2013-07-19,2.95300
2013-07-22,2.93100
2013-07-23,2.93800
2013-07-24,2.89900
2013-07-25,2.87800
2013-07-26,2.87500
2013-07-29,2.91700
2013-07-30,2.89900
2013-07-31,2.95000
2013-08-01,2.98300
2013-08-02,2.97000
2013-08-05,2.95400
2013-08-06,2.91700
2013-08-07,2.88600
2013-08-08,2.89000
2013-08-09,2.93700
2013-08-12,2.96500
2013-08-13,2.98900
2013-08-14,2.98200
2013-08-15,3.00500
2013-08-16,3.02400
2013-08-19,3.00100
2013-08-20,3.01500
2013-08-21,3.01100
2013-08-22,3.01000
2013-08-23,3.05200
2013-08-26,3.04100
2013-08-27,3.11500
2013-08-28,3.13100
2013-08-29,3.11200
2013-08-30,3.08000
2013-09-03,3.07600
2013-09-04,3.00400
2013-09-05,3.01800
2013-09-06,3.04500
2013-09-09,2.99400
2013-09-10,2.95300
2013-09-11,2.94200
2013-09-12,3.01700
2013-09-13,3.00100
2013-09-16,2.93800
2013-09-17,2.87000
2013-09-18,2.93100
2013-09-19,2.90700
2013-09-20,2.90500
2013-09-23,2.84600
2013-09-24,2.84600
2013-09-25,2.84900
2013-09-26,2.84700
2013-09-27,2.85600
2013-09-30,2.84200
2013-10-01,2.77300
2013-10-02,2.87800
2013-10-03,2.89000
2013-10-04,2.90000
2013-10-07,2.89900
2013-10-08,2.92300
2013-10-09,2.89300
2013-10-10,2.94700
2013-10-11,2.91500
2013-10-14,2.91000
2013-10-15,2.89200
2013-10-16,2.91200
2013-10-17,2.85900
2013-10-18,2.93600
2013-10-21,2.91700
2013-10-22,2.89800
2013-10-23,2.82100
2013-10-24,2.80200
2013-10-25,2.82000
2013-10-28,2.86600
2013-10-29,2.89100
2013-10-30,2.91200
2013-10-31,2.89200
2013-11-01,2.81300
2013-11-04,2.77900
2013-11-05,2.76000
2013-11-06,2.76000
2013-11-07,2.73700
2013-11-08,2.72700
2013-11-11,2.78700
2013-11-12,2.74600
2013-11-13,2.78400
2013-11-14,2.81500
2013-11-15,2.82900
2013-11-18,2.80800
2013-11-19,2.80200
2013-11-20,2.84200
2013-11-21,2.90600
2013-11-22,2.93900
2013-11-25,2.92900
2013-11-26,2.94800
2013-11-27,2.95500
2013-11-29,2.93600
2013-12-02,2.95600
2013-12-03,2.95500
2013-12-04,2.95500
2013-12-05,2.94400
2013-12-06,2.94800
2013-12-09,2.91300
2013-12-11,2.93500
2013-12-12,2.89300
2013-12-13,2.87800
2013-12-16,2.88900
2013-12-17,2.87100
2013-12-18,2.92700
2013-12-19,2.95500
2013-12-20,3.00000
2013-12-23,3.00600
2013-12-24,3.02300
2013-12-26,3.03400
2013-12-27,3.03600
2013-12-30,3.00000
2013-12-31,3.01400
2014-01-02,2.93500
2014-01-03,2.89200
2014-01-06,2.90900
2014-01-07,2.92000
2014-01-08,2.92200
2014-01-09,2.88600
2014-01-10,2.90200
2014-01-13,2.88700
2014-01-14,2.89600
2014-01-15,2.93300
2014-01-16,2.91900
2014-01-17,2.92400
2014-01-21,2.91900
2014-01-22,2.90600
2014-01-23,3.00100
2014-01-24,2.94000
2014-01-27,2.91600
2014-01-28,2.93500
2014-01-29,2.96000
2014-01-30,2.95500
2014-01-31,2.88200
2014-02-03,2.88500
2014-02-04,2.85600
2014-02-05,2.85400
2014-02-06,2.86900
2014-02-07,2.94200
2014-02-10,2.91100
2014-02-11,2.95800
2014-02-12,2.96300
2014-02-13,3.00700
2014-02-14,3.04200
2014-02-18,3.07400
2014-02-19,3.08700
2014-02-20,3.07400
2014-02-21,2.95200
2014-02-24,2.99900
2014-02-25,2.98500
2014-02-26,2.99600
2014-02-27,2.92400
2014-02-28,2.95500
2014-03-03,3.04000
2014-03-04,2.99300
2014-03-05,2.96800
2014-03-06,2.97900
2014-03-07,2.97900
2014-03-10,2.93900
2014-03-11,2.91200
2014-03-12,2.87300
2014-03-13,2.86800
2014-03-14,2.88200
2014-03-17,2.83300
2014-03-18,2.84100
2014-03-19,2.81700
2014-03-20,2.83400
2014-03-21,2.83700
2014-03-24,2.82500
2014-03-25,2.83900
2014-03-26,2.83400
2014-03-27,2.86700
2014-03-28,2.87800
2014-03-31,2.86100
2014-04-01,2.80900
2014-04-02,2.80100
2014-04-03,2.84500
2014-04-04,2.84700
2014-04-07,2.82600
2014-04-08,2.85900
2014-04-09,2.89000
2014-04-10,2.87800
2014-04-11,2.86000
2014-04-14,2.90400
2014-04-15,2.91900
2014-04-16,2.94900
2014-04-17,2.95100
2014-04-21,2.94900
2014-04-22,2.95200
2014-04-23,2.92600
2014-04-24,2.94100
2014-04-25,2.90900
2014-04-28,2.87800
2014-04-29,2.89300
2014-04-30,2.86000
2014-05-01,2.85400
2014-05-02,2.86200
2014-05-05,2.84300
2014-05-06,2.82100
2014-05-07,2.85800
2014-05-08,2.84900
2014-05-09,2.84700
2014-05-12,2.86000
2014-05-13,2.89300
2014-05-14,2.90900
2014-05-15,2.89600
2014-05-16,2.88900
2014-05-19,2.87600
2014-05-20,2.88400
2014-05-21,2.88500
2014-05-22,2.88900
2014-05-23,2.89600
2014-05-27,2.88000
2014-05-28,2.86800
2014-05-29,2.84900
2014-05-30,2.81700
2014-06-02,2.80500
2014-06-03,2.79300
2014-06-04,2.77900
2014-06-05,2.81200
2014-06-06,2.80700
2014-06-09,2.81800
2014-06-10,2.80000
2014-06-11,2.81600
2014-06-12,2.90500
2014-06-13,2.90500
2014-06-16,2.91500
2014-06-17,2.93400
2014-06-18,2.94900
2014-06-19,2.96400
2014-06-20,2.96800
2014-06-23,2.95400
2014-06-24,2.96200
2014-06-25,2.95000
2014-06-26,2.93900
2014-06-27,2.89700
2014-06-30,2.87400
2014-07-01,2.85800
2014-07-02,2.83000
2014-07-03,2.81700
2014-07-07,2.79700
2014-07-08,2.77500
2014-07-09,2.77900
2014-07-10,2.81700
2014-07-11,2.80000
2014-07-14,2.80900
2014-07-15,2.78400
2014-07-16,2.79300
2014-07-17,2.79800
2014-07-18,2.78500
2014-07-21,2.80100
2014-07-22,2.80900
2014-07-23,2.83500
2014-07-24,2.83400
2014-07-25,2.86400
2014-07-28,2.83800
2014-07-29,2.85900
2014-07-30,2.84800
2014-07-31,2.84600
2014-08-01,2.82100
2014-08-04,2.82800
2014-08-05,2.80700
2014-08-06,2.83700
2014-08-07,2.86800
2014-08-08,2.85100
2014-08-11,2.86100
2014-08-12,2.82500
2014-08-13,2.87800
2014-08-14,2.80500
2014-08-15,2.83100
2014-08-18,2.80000
2014-08-19,2.80900
2014-08-20,2.81500
2014-08-21,2.82800
2014-08-22,2.82300
2014-08-25,2.83400
2014-08-26,2.86400
2014-08-27,2.88100
2014-08-28,2.88100
2014-08-29,2.87000
2014-09-02,2.81600
2014-09-03,2.88200
2014-09-04,2.85500
2014-09-05,2.81200
2014-09-08,2.80200
2014-09-09,2.77000
2014-09-10,2.75100
2014-09-11,2.74700
2014-09-12,2.73100
2014-09-15,2.72900
2014-09-16,2.71900
2014-09-17,2.70600
2014-09-18,2.68000
2014-09-19,2.69400
2014-09-22,2.66400
2014-09-23,2.66400
2014-09-24,2.65600
2014-09-25,2.66100
2014-09-26,2.67400
2014-09-29,2.67500
2014-09-30,2.62700
2014-10-01,2.63600
2014-10-02,2.62200
2014-10-03,2.57000
2014-10-06,2.58300
2014-10-07,2.53900
2014-10-08,2.50500
2014-10-09,2.44900
2014-10-10,2.51900
2014-10-13,2.48600
2014-10-15,2.40200
2014-10-16,2.40000
2014-10-17,2.43200
2014-10-20,2.41300
2014-10-21,2.43200
2014-10-22,2.37800
2014-10-23,2.40600
2014-10-24,2.38000
2014-10-27,2.36600
2014-10-28,2.39000
2014-10-29,2.43000
2014-10-30,2.40900
2014-10-31,2.42400
2014-11-03,2.41700
2014-11-04,2.37800
2014-11-05,2.38500
2014-11-06,2.38100
2014-11-07,2.41600
2014-11-10,2.36100
2014-11-11,2.35700
2014-11-12,2.31400
2014-11-13,2.24500
2014-11-14,2.29700
2014-11-17,2.26800
2014-11-18,2.24500
2014-11-19,2.24400
2014-11-20,2.27500
2014-11-21,2.29900
2014-11-24,2.28800
2014-11-25,2.25600
2014-11-26,2.19600
2014-11-28,2.02600
2014-12-01,2.08700
2014-12-02,2.02700
2014-12-03,2.00500
2014-12-04,2.02400
2014-12-05,2.00900
2014-12-08,1.94200
2014-12-09,1.93600
2014-12-10,1.84500
2014-12-11,1.84200
2014-12-12,1.79700
2014-12-15,1.76200
2014-12-16,1.76500
2014-12-17,1.79900
2014-12-18,1.75200
2014-12-19,1.72900
2014-12-22,1.66300
2014-12-23,1.60400
2014-12-24,1.63400
2014-12-26,1.63500
2014-12-29,1.54700
2014-12-30,1.55600
2014-12-31,1.66600
2015-01-02,1.55900
2015-01-05,1.50800
2015-01-06,1.54500
2015-01-07,1.52600
2015-01-08,1.53600
2015-01-09,1.54300
2015-01-12,1.42200
2015-01-13,1.40400
2015-01-14,1.47500
2015-01-15,1.45100
2015-01-16,1.50700
2015-01-20,1.47800
2015-01-21,1.47400
2015-01-22,1.48600
2015-01-23,1.50300
2015-01-26,1.49700
2015-01-27,1.50400
2015-01-28,1.48000
2015-01-29,1.47400
2015-01-30,1.53900
2015-02-02,1.64700
2015-02-03,1.70900
2015-02-05,1.67500
2015-02-06,1.71400
2015-02-09,1.75400
2015-02-10,1.71200
2015-02-11,1.70300
2015-02-12,1.80000
2015-02-13,1.85500
2015-02-17,1.78800
2015-02-18,1.78700
2015-02-19,1.75400
2015-02-20,1.89100
2015-02-23,1.84400
2015-02-24,1.74400
2015-02-25,1.82400
2015-02-26,1.88900
2015-02-27,1.81500
2015-03-02,1.72600
2015-03-03,1.79400
2015-03-04,1.74600
2015-03-05,1.74700
2015-03-06,1.74300
2015-03-09,1.69900
2015-03-10,1.67500
2015-03-11,1.66000
2015-03-12,1.62600
2015-03-13,1.56100
2015-03-16,1.55400
2015-03-17,1.53600
2015-03-18,1.62900
2015-03-19,1.56300
2015-03-20,1.56600
2015-03-23,1.56600
2015-03-24,1.53900
2015-03-25,1.55400
2015-03-26,1.62300
2015-03-27,1.56300
2015-03-30,1.59100
2015-03-31,1.56700
2015-04-01,1.59800
2015-04-02,1.54400
2015-04-06,1.61400
2015-04-07,1.63900
2015-04-08,1.56800
2015-04-09,1.60300
2015-04-10,1.63900
2015-04-13,1.65500
2015-04-14,1.67900
2015-04-15,1.74700
2015-04-16,1.77700
2015-04-17,1.76000
2015-04-20,1.74100
2015-04-21,1.71900
2015-04-22,1.73900
2015-04-23,1.77900
2015-04-24,1.77700
2015-04-27,1.76400
2015-04-28,1.77400
2015-04-29,1.79600
2015-04-30,1.83500
2015-05-01,1.86000
2015-05-04,1.86700
2015-05-05,1.90700
2015-05-06,1.90400
2015-05-07,1.86500
2015-05-08,1.86000
2015-05-11,1.85500
2015-05-12,1.88300
2015-05-13,1.88900
2015-05-14,1.89600
2015-05-15,1.88900
2015-05-18,1.87100
2015-05-19,1.79900
2015-05-20,1.80500
2015-05-21,1.86000
2015-05-22,1.84600
2015-05-26,1.79400
2015-05-27,1.73200
2015-05-28,1.76600
2015-05-29,1.84200
2015-06-01,1.81500
2015-06-02,1.82000
2015-06-03,1.76400
2015-06-04,1.71600
2015-06-05,1.71100
2015-06-08,1.69200
2015-06-09,1.75700
2015-06-10,1.77600
2015-06-11,1.76700
2015-06-12,1.74000
2015-06-15,1.71900
2015-06-16,1.72900
2015-06-17,1.75000
2015-06-18,1.76500
2015-06-19,1.69800
2015-06-22,1.66900
2015-06-23,1.71600
2015-06-24,1.70800
2015-06-25,1.69000
2015-06-26,1.70600
2015-06-29,1.67800
2015-06-30,1.72700
2015-07-01,1.68500
2015-07-02,1.69500
2015-07-06,1.58100
2015-07-07,1.58400
2015-07-08,1.56600
2015-07-09,1.57700
2015-07-10,1.56800
2015-07-13,1.56600
2015-07-14,1.57500
2015-07-15,1.52500
2015-07-16,1.51500
2015-07-17,1.50700
2015-07-20,1.49900
2015-07-21,1.54300
2015-07-22,1.53000
2015-07-23,1.53300
2015-07-24,1.51100
2015-07-27,1.46400
2015-07-28,1.48500
2015-07-29,1.48600
2015-07-30,1.47500
2015-07-31,1.45500
2015-08-03,1.40500
2015-08-04,1.43100
2015-08-05,1.41700
2015-08-06,1.42800
2015-08-07,1.41200
2015-08-10,1.45600
2015-08-11,1.43300
2015-08-12,1.45600
2015-08-13,1.43700
2015-08-14,1.41500
2015-08-17,1.41600
2015-08-18,1.39000
2015-08-19,1.35000
2015-08-20,1.35200
2015-08-21,1.32200
2015-08-24,1.25600
2015-08-25,1.24300
2015-08-26,1.24700
2015-08-27,1.35800
2015-08-28,1.44300
2015-08-31,1.50200
2015-09-01,1.40200
2015-09-02,1.45300
2015-09-03,1.46500
2015-09-04,1.43000
2015-09-08,1.42600
2015-09-09,1.38300
2015-09-10,1.41700
2015-09-11,1.39500
2015-09-14,1.35500
2015-09-15,1.33800
2015-09-16,1.39200
2015-09-17,1.37700
2015-09-18,1.31700
2015-09-21,1.35300
2015-09-22,1.37700
2015-09-23,1.36600
2015-09-24,1.41500
2015-09-25,1.40800
2015-09-28,1.36700
2015-09-29,1.39300
2015-09-30,1.42200
2015-10-01,1.40300
2015-10-02,1.40700
2015-10-05,1.43700
2015-10-06,1.49600
2015-10-07,1.44900
2015-10-08,1.47400
2015-10-09,1.44500
2015-10-12,1.37200
2015-10-13,1.34000
2015-10-14,1.34100
2015-10-15,1.35800
2015-10-16,1.35800
2015-10-19,1.34000
2015-10-20,1.33300
2015-10-21,1.34600
2015-10-22,1.39000
2015-10-23,1.38900
2015-10-26,1.35300
2015-10-27,1.34500
2015-10-28,1.40700
2015-10-29,1.38600
2015-10-30,1.43100
2015-11-02,1.41200
2015-11-03,1.46000
2015-11-04,1.42700
2015-11-05,1.40700
2015-11-06,1.42200
2015-11-09,1.40300
2015-11-10,1.38200
2015-11-11,1.34200
2015-11-12,1.30600
2015-11-13,1.27900
2015-11-16,1.28300
2015-11-17,1.26700
2015-11-18,1.28200
2015-11-19,1.27300
2015-11-20,1.25100
2015-11-23,1.26400
2015-11-24,1.28900
2015-11-25,1.30300
2015-11-27,1.25800
2015-11-30,1.23700
2015-12-01,1.24400
2015-12-02,1.19000
2015-12-03,1.23600
2015-12-04,1.22100
2015-12-07,1.20000
2015-12-08,1.17900
2015-12-09,1.16100
2015-12-10,1.13100
2015-12-11,1.03500
2015-12-14,0.99600
2015-12-15,1.01600
2015-12-16,0.99700
2015-12-17,1.00200
2015-12-18,1.02300
2015-12-21,1.00900
2015-12-22,1.01300
2015-12-23,1.05500
2015-12-24,1.03500
2015-12-28,1.01300
2015-12-29,1.05200
2015-12-30,1.01900
2015-12-31,1.02600
2016-01-04,1.03900
2016-01-05,1.03500
2016-01-06,0.99400
2016-01-07,0.97200
2016-01-08,0.95400
2016-01-11,0.92500
2016-01-12,0.91200
2016-01-13,0.88700
2016-01-14,0.90300
2016-01-15,0.86800
2016-01-19,0.84900
2016-01-20,0.80400
2016-01-21,0.83500
2016-01-22,0.91200
2016-01-25,0.86500
2016-01-26,0.90900
2016-01-27,0.96300
2016-01-28,0.99500
2016-01-29,1.01300
2016-02-01,0.97400
2016-02-02,0.93600
2016-02-03,1.04700
2016-02-04,1.04100
2016-02-05,1.02400
2016-02-08,1.01800
2016-02-09,0.94600
2016-02-10,0.92500
2016-02-11,0.94500
2016-02-12,1.00200
2016-02-16,0.95400
2016-02-17,1.00800
2016-02-18,1.00100
2016-02-19,0.95700
2016-02-22,0.94900
2016-02-23,0.90200
2016-02-24,0.93400
2016-02-25,0.94300
2016-02-26,0.93500
2016-02-29,0.99100
2016-03-01,0.99600
2016-03-02,0.99800
2016-03-03,1.00200
2016-03-04,1.04800
2016-03-07,1.09600
2016-03-08,1.07200
2016-03-09,1.10900
2016-03-10,1.09000
2016-03-11,1.08900
2016-03-14,1.06800
2016-03-15,1.05400
2016-03-16,1.10500
2016-03-17,1.12600
2016-03-18,1.11000
2016-03-21,1.10100
2016-03-22,1.14000
2016-03-23,1.09500
2016-03-24,1.06400
2016-03-28,1.06100
2016-03-29,1.01200
2016-03-30,1.02800
2016-03-31,1.05600
2016-04-01,1.00500
2016-04-04,0.96700
2016-04-05,0.95100
2016-04-06,1.04500
2016-04-07,1.03600
2016-04-08,1.09800
2016-04-11,1.12000
2016-04-12,1.18000
2016-04-13,1.16600
2016-04-14,1.15800
2016-04-15,1.11200
2016-04-18,1.11900
2016-04-19,1.15400
2016-04-20,1.21700
2016-04-21,1.18500
2016-04-22,1.17700
2016-04-25,1.17500
2016-04-26,1.20700
2016-04-27,1.25100
2016-04-28,1.39700
2016-04-29,1.37700
2016-05-02,1.21300
2016-05-03,1.19300
2016-05-04,1.20200
2016-05-05,1.20300
2016-05-06,1.20900
2016-05-09,1.15500
2016-05-10,1.21300
2016-05-11,1.26400
2016-05-12,1.26200
2016-05-13,1.29000
2016-05-16,1.32900
2016-05-17,1.35700
2016-05-18,1.36200
2016-05-19,1.35800
2016-05-20,1.37800
2016-05-23,1.36300
2016-05-24,1.37500
2016-05-25,1.38300
2016-05-26,1.36700
2016-05-27,1.37000
2016-05-31,1.36000
2016-06-01,1.37300
2016-06-02,1.37800
2016-06-03,1.36200
2016-06-06,1.37500
2016-06-07,1.41800
2016-06-08,1.45400
2016-06-09,1.42400
2016-06-10,1.39200
2016-06-13,1.38100
2016-06-14,1.37400
2016-06-15,1.34900
2016-06-16,1.30400
2016-06-17,1.36600
2016-06-20,1.40000
2016-06-21,1.39500
2016-06-22,1.38400
2016-06-23,1.40700
2016-06-24,1.34900
2016-06-27,1.32600
2016-06-28,1.35800
2016-06-29,1.44100
2016-06-30,1.39600
2016-07-01,1.42400
2016-07-05,1.35800
2016-07-06,1.36400
2016-07-07,1.30200
2016-07-08,1.30200
2016-07-11,1.30300
2016-07-12,1.34500
2016-07-13,1.27900
2016-07-14,1.28800
2016-07-15,1.25100
2016-07-18,1.24200
2016-07-19,1.25500
2016-07-20,1.27700
2016-07-21,1.23900
2016-07-22,1.23100
2016-07-25,1.19200
2016-07-26,1.19200
2016-07-27,1.16300
2016-07-28,1.14200
2016-07-29,1.14400
2016-08-01,1.13300
2016-08-02,1.13100
2016-08-03,1.15600
2016-08-04,1.18000
2016-08-05,1.19300
2016-08-08,1.21300
2016-08-09,1.20200
2016-08-10,1.18500
2016-08-11,1.24900
2016-08-12,1.28300
2016-08-15,1.32100
2016-08-16,1.33300
2016-08-17,1.36100
2016-08-18,1.39600
2016-08-19,1.38400
2016-08-22,1.35500
2016-08-23,1.37000
2016-08-24,1.40300
2016-08-25,1.42400
2016-08-26,1.41200
2016-08-29,1.40000
2016-08-30,1.38400
2016-08-31,1.32700
2016-09-01,1.27400
2016-09-02,1.27800
2016-09-06,1.29600
2016-09-07,1.32100
2016-09-08,1.37300
2016-09-09,1.32700
2016-09-12,1.33200
2016-09-13,1.31900
2016-09-14,1.28200
2016-09-15,1.30600
2016-09-16,1.29800
2016-09-19,1.28400
2016-09-20,1.28600
2016-09-21,1.32000
2016-09-22,1.33700
2016-09-23,1.29900
2016-09-26,1.32400
2016-09-27,1.29700
2016-09-28,1.36900
2016-09-29,1.39700
2016-09-30,1.41800
2016-10-03,1.45100
2016-10-04,1.44500
2016-10-05,1.46700
2016-10-06,1.49000
2016-10-07,1.46500
2016-10-10,1.46500
2016-10-11,1.47900
2016-10-12,1.46000
2016-10-13,1.46800
2016-10-14,1.46000
2016-10-17,1.44700
2016-10-18,1.46200
2016-10-19,1.47300
2016-10-20,1.45100
2016-10-21,1.46600
2016-10-24,1.46900
2016-10-25,1.45000
2016-10-26,1.44100
2016-10-27,1.45600
2016-10-28,1.43600
2016-10-31,1.39500
2016-11-01,1.41200
2016-11-02,1.36200
2016-11-03,1.34600
2016-11-04,1.32400
2016-11-07,1.33500
2016-11-08,1.32500
2016-11-09,1.33600
2016-11-10,1.32000
2016-11-11,1.28000
2016-11-14,1.27200
2016-11-15,1.33000
2016-11-16,1.31300
2016-11-17,1.32100
2016-11-18,1.33900
2016-11-21,1.41300
2016-11-22,1.40900
2016-11-23,1.40000
2016-11-25,1.40000
2016-11-28,1.39100
2016-11-29,1.35100
2016-11-30,1.44400
2016-12-01,1.48400
2016-12-02,1.49700
2016-12-05,1.48800
2016-12-06,1.47600
2016-12-07,1.37100
2016-12-08,1.43600
2016-12-09,1.45100
2016-12-12,1.48200
2016-12-13,1.48500
2016-12-14,1.48100
2016-12-15,1.47800
2016-12-16,1.51000
2016-12-19,1.50000
2016-12-20,1.50800
2016-12-21,1.46800
2016-12-22,1.48300
2016-12-23,1.51900
2016-12-27,1.54300
2016-12-28,1.53400
2016-12-29,1.54500
2016-12-30,1.55200
2017-01-03,1.52800
2017-01-04,1.53400
2017-01-05,1.54100
2017-01-06,1.54200
2017-01-09,1.48100
2017-01-10,1.46400
2017-01-11,1.51000
2017-01-12,1.54400
2017-01-13,1.52900
2017-01-17,1.51400
2017-01-18,1.48400
2017-01-19,1.48600
2017-01-20,1.51100
2017-01-23,1.51600
2017-01-24,1.52200
2017-01-25,1.50300
2017-01-26,1.52600
2017-01-27,1.49800
2017-01-30,1.49300
2017-01-31,1.50000
2017-02-01,1.53600
2017-02-02,1.52500
2017-02-03,1.53400
2017-02-06,1.50800
2017-02-07,1.49300
2017-02-08,1.50400
2017-02-09,1.55800
2017-02-10,1.58100
2017-02-13,1.55100
2017-02-14,1.55500
2017-02-15,1.55000
2017-02-16,1.54800
2017-02-17,1.55700
2017-02-21,1.57700
2017-02-22,1.56200
2017-02-23,1.58700
2017-02-24,1.54900
2017-02-27,1.56200
2017-02-28,1.55500
2017-03-01,1.53100
2017-03-02,1.48800
2017-03-03,1.49900
2017-03-06,1.52700
2017-03-07,1.53200
2017-03-08,1.48000
2017-03-09,1.45800
2017-03-10,1.42700
2017-03-13,1.39600
2017-03-14,1.39600
2017-03-15,1.41000
2017-03-16,1.39900
2017-03-17,1.40400
2017-03-20,1.41000
2017-03-21,1.41200
2017-03-22,1.40600
2017-03-23,1.40200
2017-03-24,1.41600
2017-03-27,1.41200
2017-03-28,1.43300
2017-03-29,1.45500
2017-03-30,1.47300
2017-03-31,1.48100
2017-04-03,1.47100
2017-04-04,1.51000
2017-04-05,1.51100
2017-04-06,1.52800
2017-04-07,1.54300
2017-04-10,1.56300
2017-04-11,1.56600
2017-04-12,1.56300
2017-04-13,1.57300
2017-04-17,1.56000
2017-04-18,1.53900
2017-04-19,1.49900
2017-04-20,1.49200
2017-04-21,1.46600
2017-04-24,1.45500
2017-04-25,1.47000
2017-04-26,1.45000
2017-04-27,1.43800
2017-04-28,1.42500
2017-05-01,1.40800
2017-05-02,1.37600
2017-05-03,1.37200
2017-05-04,1.31400
2017-05-05,1.35200
2017-05-08,1.35700
2017-05-09,1.34000
2017-05-10,1.37300
2017-05-11,1.38700
2017-05-12,1.38600
2017-05-15,1.39800
2017-05-16,1.40300
2017-05-17,1.42400
2017-05-18,1.43500
2017-05-19,1.47300
2017-05-22,1.48900
2017-05-23,1.49800
2017-05-24,1.49900
2017-05-25,1.44500
2017-05-26,1.45900
2017-05-30,1.44000
2017-05-31,1.39800
2017-06-01,1.36700
2017-06-02,1.35600
2017-06-05,1.32300
2017-06-06,1.33200
2017-06-07,1.28100
2017-06-08,1.28200
2017-06-09,1.29100
2017-06-12,1.28800
2017-06-13,1.31300
2017-06-14,1.27500
2017-06-15,1.28000
2017-06-16,1.29300
2017-06-19,1.27700
2017-06-20,1.26800
2017-06-21,1.24200
2017-06-22,1.25100
2017-06-23,1.23600
2017-06-26,1.25200
2017-06-27,1.28400
2017-06-28,1.30900
2017-06-29,1.32700
2017-06-30,1.36400
2017-07-05,1.35100
2017-07-06,1.35500
2017-07-07,1.32800
2017-07-10,1.33100
2017-07-11,1.35500
2017-07-12,1.35100
2017-07-13,1.36900
2017-07-14,1.39700
2017-07-17,1.37700
2017-07-18,1.41200
2017-07-19,1.46000
2017-07-20,1.45300
2017-07-21,1.42400
2017-07-24,1.42800
2017-07-25,1.47700
2017-07-26,1.50700
2017-07-27,1.52100
2017-07-28,1.55400
2017-07-31,1.57300
2017-08-01,1.54400
2017-08-02,1.55300
2017-08-03,1.53900
2017-08-04,1.54600
2017-08-07,1.53700
2017-08-08,1.52700
2017-08-09,1.55400
2017-08-10,1.52800
2017-08-11,1.53600
2017-08-14,1.50600
2017-08-15,1.49300
2017-08-16,1.47300
2017-08-17,1.49000
2017-08-18,1.54500
2017-08-21,1.50900
2017-08-22,1.52800
2017-08-23,1.56700
2017-08-24,1.56600
2017-08-25,1.55900
2017-08-28,1.59900
2017-08-29,1.62600
2017-08-30,1.65100
2017-08-31,1.92000
2017-09-01,1.99700
2017-09-05,1.91800
2017-09-06,1.94000
2017-09-07,1.96700
2017-09-08,1.94700
2017-09-11,1.76900
2017-09-12,1.76900
2017-09-13,1.79800
2017-09-14,1.80500
2017-09-15,1.72800
2017-09-18,1.71300
2017-09-19,1.70300
2017-09-20,1.73200
2017-09-21,1.74200
2017-09-22,1.73200
2017-09-25,1.73900
2017-09-26,1.70500
2017-09-27,1.70100
2017-09-28,1.70300
2017-09-29,1.68600
2017-10-02,1.64700
2017-10-03,1.63200
2017-10-04,1.65400
2017-10-05,1.66900
2017-10-06,1.62500
2017-10-09,1.61300
2017-10-10,1.64600
2017-10-11,1.66500
2017-10-12,1.62700
2017-10-13,1.64700
2017-10-16,1.66300
2017-10-17,1.65500
2017-10-18,1.65100
2017-10-19,1.62000
2017-10-20,1.66700
2017-10-23,1.65200
2017-10-24,1.66500
2017-10-25,1.65900
2017-10-26,1.69100
2017-10-27,1.71600
2017-10-30,1.71700
2017-10-31,1.71300
2017-11-01,1.69200
2017-11-02,1.68900
2017-11-03,1.71600
2017-11-06,1.77300
2017-11-07,1.76900
2017-11-08,1.76900
2017-11-09,1.80200
2017-11-10,1.78000
2017-11-13,1.77500
2017-11-14,1.74000
2017-11-15,1.72000
2017-11-16,1.73000
2017-11-17,1.75600
2017-11-20,1.75600
2017-11-21,1.77500
2017-11-22,1.77200
2017-11-24,1.80300
2017-11-27,1.79900
2017-11-28,1.79700
2017-11-29,1.77900
2017-11-30,1.75200
2017-12-01,1.78500
2017-12-04,1.74000
2017-12-05,1.78300
2017-12-06,1.73400
2017-12-07,1.76500
2017-12-08,1.81600
2017-12-11,1.83800
2017-12-12,1.82400
2017-12-13,1.79400
2017-12-14,1.77900
2017-12-15,1.77000
2017-12-18,1.79000
2017-12-19,1.82500
2017-12-20,1.81500
2017-12-21,1.81800
2017-12-22,1.82800
2017-12-26,1.90500
2017-12-27,1.89800
2017-12-28,1.91900
2017-12-29,1.90400
2018-01-02,1.90300
2018-01-03,1.94300
2018-01-04,1.92700
2018-01-05,1.93600
2018-01-08,1.92700
2018-01-09,1.94600
2018-01-10,1.95600
2018-01-11,1.95300
2018-01-12,1.94700
2018-01-16,1.92500
2018-01-17,1.92600
2018-01-18,1.92200
2018-01-19,1.92200
2018-01-22,1.95000
2018-01-23,1.99600
2018-01-24,2.00000
2018-01-25,2.00000
2018-01-26,2.03000
2018-01-29,1.99700
2018-01-30,1.96800
2018-01-31,1.96700
2018-02-01,1.99100
2018-02-02,1.94200
2018-02-05,1.91400
2018-02-06,1.89000
2018-02-07,1.83200
2018-02-08,1.81900
2018-02-09,1.76500
2018-02-12,1.74500
2018-02-13,1.74000
2018-02-14,1.79200
2018-02-15,1.80100
2018-02-16,1.82500
2018-02-20,1.84000
2018-02-21,1.83500
2018-02-22,1.86100
2018-02-23,1.89900
2018-02-26,1.91900
2018-02-27,1.89700
2018-02-28,1.85200
2018-03-01,1.82500
2018-03-02,1.81400
2018-03-05,1.82100
2018-03-06,1.83400
2018-03-07,1.81400
2018-03-08,1.78100
2018-03-09,1.80000
2018-03-12,1.78000
2018-03-13,1.79000
2018-03-14,1.79700
2018-03-15,1.80500
2018-03-16,1.82100
2018-03-19,1.81500
2018-03-20,1.85200
2018-03-21,1.92800
2018-03-22,1.90500
2018-03-23,1.94200
2018-03-26,1.94000
2018-03-27,1.93800
2018-03-28,1.95500
2018-03-29,1.95700
2018-04-02,1.91600
2018-04-03,1.93300
2018-04-04,1.92300
2018-04-05,1.91900
2018-04-06,1.90800
2018-04-09,1.94900
2018-04-10,2.01400
2018-04-11,2.04500
2018-04-12,2.03200
2018-04-13,2.04400
2018-04-16,2.01300
2018-04-17,1.99800
2018-04-18,2.04400
2018-04-19,2.05300
2018-04-20,2.06900
2018-04-23,2.06400
2018-04-24,2.06500
2018-04-25,2.06800
2018-04-26,2.08500
2018-04-27,2.08400
2018-04-30,2.09900
2018-05-01,2.05100
2018-05-02,2.06200
2018-05-03,2.06800
2018-05-04,2.10300
2018-05-07,2.11600
2018-05-08,2.11800
2018-05-09,2.16900
2018-05-10,2.16800
2018-05-11,2.16600
2018-05-14,2.20000
2018-05-15,2.18300
2018-05-16,2.20600
2018-05-17,2.21900
2018-05-18,2.20400
2018-05-21,2.20700
2018-05-22,2.20100
2018-05-23,2.22200
2018-05-24,2.19700
2018-05-25,2.13500
2018-05-29,2.11000
2018-05-30,2.16500
2018-05-31,2.15700
2018-06-01,2.12200
2018-06-04,2.10200
2018-06-05,2.08600
2018-06-06,2.08900
2018-06-07,2.13200
2018-06-08,2.11500
2018-06-11,2.10900
2018-06-12,2.11000
2018-06-13,2.13400
2018-06-14,2.11100
2018-06-15,2.02200
2018-06-18,2.07500
2018-06-19,2.05800
2018-06-20,2.03400
2018-06-21,2.01900
2018-06-22,2.06000
2018-06-25,2.04700
2018-06-26,2.07300
2018-06-27,2.11600
2018-06-28,2.11700
2018-06-29,2.14800
2018-07-02,2.10000
2018-07-03,2.10700
2018-07-05,2.12300
2018-07-06,2.12500
2018-07-09,2.15400
2018-07-10,2.18000
2018-07-11,2.09000
2018-07-12,2.08000
2018-07-13,2.08800
2018-07-16,2.01700
2018-07-17,2.02400
2018-07-18,2.05300
2018-07-19,2.05100
2018-07-20,2.06300
2018-07-23,2.08000
2018-07-24,2.09300
2018-07-25,2.11700
2018-07-26,2.14200
2018-07-27,2.11900
2018-07-30,2.13100
2018-07-31,2.11400
2018-08-01,2.07100
2018-08-02,2.10000
2018-08-03,2.10500
2018-08-06,2.11200
2018-08-07,2.13000
2018-08-08,2.07900
2018-08-09,2.06500
2018-08-10,2.09700
2018-08-13,2.09400
2018-08-14,2.09100
2018-08-15,2.05900
2018-08-16,2.07400
2018-08-17,2.06400
2018-08-20,2.07700
2018-08-21,2.08600
2018-08-22,2.13400
2018-08-23,2.13900
2018-08-24,2.16100
2018-08-27,2.19300
2018-08-28,2.18000
2018-08-29,2.20800
2018-08-30,2.20400
2018-08-31,2.19100
2018-09-04,2.19900
2018-09-05,2.19200
2018-09-06,2.15600
2018-09-07,2.16600
2018-09-10,2.16400
2018-09-11,2.21100
2018-09-12,2.21100
2018-09-13,2.17700
2018-09-14,2.16000
2018-09-17,2.13000
2018-09-18,2.15700
2018-09-19,2.17400
2018-09-20,2.15700
2018-09-21,2.15000
2018-09-24,2.21700
2018-09-25,2.22600
2018-09-26,2.22800
2018-09-27,2.23600
2018-09-28,2.26700
2018-10-01,2.32700
2018-10-02,2.31700
2018-10-03,2.34500
2018-10-04,2.31200
2018-10-05,2.30100
2018-10-08,2.31500
2018-10-09,2.34200
2018-10-10,2.31000
2018-10-11,2.24400
2018-10-12,2.23700
2018-10-15,2.24100
2018-10-16,2.25500
2018-10-17,2.23000
2018-10-18,2.21700
2018-10-19,2.22900
2018-10-22,2.24700
2018-10-23,2.16300
2018-10-24,2.15700
2018-10-25,2.19300
2018-10-26,2.22000
2018-10-29,2.19000
2018-10-30,2.17300
2018-10-31,2.15800
2018-11-01,2.11400
2018-11-02,2.08600
2018-11-05,2.10900
2018-11-06,2.10800
2018-11-07,2.14700
2018-11-08,2.06700
2018-11-09,2.05700
2018-11-12,2.03300
2018-11-13,1.95000
2018-11-14,1.97800
2018-11-15,1.94300
2018-11-16,1.96900
2018-11-19,1.98600
2018-11-20,1.87700
2018-11-21,1.86000
2018-11-26,1.77800
2018-11-27,1.78700
2018-11-28,1.74200
2018-11-29,1.74100
2018-11-30,1.72800
2018-12-03,1.79000
2018-12-04,1.79000
2018-12-05,1.79100
2018-12-06,1.76800
2018-12-07,1.78700
2018-12-10,1.74200
2018-12-11,1.74200
2018-12-12,1.74400
2018-12-13,1.78600
2018-12-14,1.74300
2018-12-17,1.70100
2018-12-18,1.66300
2018-12-19,1.69900
2018-12-20,1.65000
2018-12-21,1.61900
2018-12-26,1.64000
2018-12-27,1.59600
2018-12-28,1.56400
2019-01-02,1.60700
2019-01-03,1.65800
2019-01-04,1.71100
2019-01-07,1.71400
2019-01-08,1.75800
2019-01-09,1.82300
2019-01-10,1.84200
2019-01-11,1.82600
2019-01-14,1.79600
2019-01-15,1.80500
2019-01-16,1.82100
2019-01-17,1.80600
2019-01-18,1.83600
2019-01-22,1.82800
2019-01-23,1.82100
2019-01-24,1.81900
2019-01-25,1.83600
2019-01-28,1.79700
2019-01-29,1.85100
2019-01-30,1.85800
2019-01-31,1.84100
2019-02-01,1.86500
2019-02-04,1.86600
2019-02-05,1.85600
2019-02-06,1.87200
2019-02-07,1.85100
2019-02-08,1.86300
2019-02-11,1.83300
2019-02-12,1.84500
2019-02-13,1.87500
2019-02-14,1.91000
2019-02-15,2.01700
2019-02-19,1.99500
2019-02-20,1.95400
2019-02-21,1.96900
2019-02-22,1.95700
2019-02-25,1.90500
2019-02-26,1.93300
2019-02-27,1.95300
2019-02-28,1.95500
2019-03-01,1.92400
2019-03-04,1.91500
2019-03-05,1.91300
2019-03-06,1.90600
2019-03-07,1.89800
2019-03-08,1.89700
2019-03-11,1.89400
2019-03-12,1.88400
2019-03-13,1.90600
2019-03-14,1.89400
2019-03-15,1.88600
2019-03-18,1.88600
2019-03-19,1.90500
2019-03-20,1.92300
2019-03-21,1.90400
2019-03-22,1.88200
2019-03-25,1.90700
2019-03-26,1.91500
2019-03-27,1.90300
2019-03-28,1.89700
2019-03-29,1.89600
2019-04-01,1.91600
2019-04-02,1.93200
2019-04-03,1.93100
2019-04-04,1.93400
2019-04-05,1.96700
2019-04-08,1.97900
2019-04-09,1.96900
2019-04-10,1.99300
2019-04-11,1.98600
2019-04-12,1.97700
2019-04-15,1.96900
2019-04-16,1.98900
2019-04-17,1.97900
2019-04-18,1.98600
2019-04-22,2.02100
2019-04-23,2.03200
2019-04-24,2.01600
2019-04-25,2.02200
2019-04-26,1.95800
2019-04-29,1.96900
2019-04-30,1.99000
2019-05-01,2.00600
2019-05-02,1.97600
2019-05-03,1.97700
2019-05-06,1.99200
2019-05-07,1.95500
2019-05-08,1.98600
2019-05-09,1.97700
2019-05-10,1.99800
2019-05-13,1.97000
2019-05-14,1.99700
2019-05-15,2.02800
2019-05-16,2.07200
2019-05-17,2.04300
2019-05-20,2.02300
2019-05-21,2.03800
2019-05-22,1.98400
2019-05-23,1.90500
2019-05-24,1.94300
2019-05-28,1.93900
2019-05-29,1.92200
2019-05-30,1.87500
2019-05-31,1.80200
2019-06-03,1.76100
2019-06-04,1.78500
2019-06-05,1.73800
2019-06-06,1.77800
2019-06-07,1.79900
2019-06-10,1.78300
2019-06-11,1.80000
2019-06-12,1.74100
2019-06-13,1.77100
2019-06-14,1.79300
2019-06-17,1.76500
2019-06-18,1.79700
2019-06-19,1.80000
2019-06-20,1.85700
2019-06-21,1.88400
2019-06-24,1.87200
2019-06-25,1.88200
2019-06-26,1.92800
2019-06-27,1.91500
2019-06-28,1.88800
2019-07-01,1.91500
2019-07-02,1.86700
2019-07-03,1.87700
2019-07-08,1.86500
2019-07-09,1.89000
2019-07-10,1.98400
2019-07-11,2.00500
2019-07-12,2.00100
2019-07-15,1.96200
2019-07-16,1.90500
2019-07-17,1.87800
2019-07-18,1.87700
2019-07-19,1.89200
2019-07-22,1.90000
2019-07-23,1.92100
2019-07-24,1.90500
2019-07-25,1.89500
2019-07-26,1.90200
2019-07-29,1.91100
2019-07-30,1.95300
2019-07-31,1.94800
2019-08-01,1.86000
2019-08-02,1.85200
2019-08-05,1.81700
2019-08-06,1.79700
2019-08-07,1.74300
2019-08-08,1.75200
2019-08-09,1.76000
2019-08-12,1.76600
2019-08-13,1.83600
2019-08-14,1.80000
2019-08-15,1.76800
2019-08-16,1.76900
2019-08-19,1.80300
2019-08-20,1.82300
2019-08-21,1.82900
2019-08-22,1.81400
2019-08-23,1.78700
2019-08-26,1.77200
2019-08-27,1.78900
2019-08-28,1.82400
2019-08-29,1.83500
2019-08-30,1.81100
2019-09-03,1.78400
2019-09-04,1.82700
2019-09-05,1.82600
2019-09-06,1.83000
2019-09-09,1.85700
2019-09-10,1.86100
2019-09-11,1.83600
2019-09-12,1.81600
2019-09-13,1.79800
2019-09-16,1.97200
2019-09-17,1.91800
2019-09-18,1.91000
2019-09-19,1.94600
2019-09-20,1.95700
2019-09-23,1.94200
2019-09-24,1.90700
2019-09-25,1.90200
2019-09-26,1.90200
2019-09-27,1.90300
2019-09-30,1.85200
2019-10-01,1.85000
2019-10-02,1.81800
2019-10-03,1.82700
2019-10-04,1.84700
2019-10-07,1.85600
2019-10-08,1.84900
2019-10-09,1.85400
2019-10-10,1.85600
2019-10-11,1.88300
2019-10-14,1.83700
2019-10-15,1.84400
2019-10-16,1.87100
2019-10-17,1.88400
2019-10-18,1.86900
2019-10-21,1.87400
2019-10-22,1.88100
2019-10-23,1.90000
2019-10-24,1.92000
2019-10-25,1.90600
2019-10-28,1.88000
2019-10-29,1.87100
2019-10-30,1.82900
2019-10-31,1.80000
2019-11-01,1.85600
2019-11-04,1.82900
2019-11-05,1.86600
2019-11-06,1.83300
2019-11-07,1.82100
2019-11-08,1.82700
2019-11-12,1.80100
2019-11-13,1.82400
2019-11-14,1.80100
2019-11-15,1.83000
2019-11-18,1.77000
2019-11-19,1.72500
2019-11-20,1.77400
2019-11-21,1.82800
2019-11-22,1.84300
2019-11-25,1.85000
2019-11-26,1.85800
2019-11-27,1.85100
2019-12-02,1.79600
2019-12-03,1.79900
2019-12-04,1.83400
2019-12-05,1.83300
2019-12-06,1.84200
2019-12-09,1.83000
2019-12-10,1.85700
2019-12-11,1.82200
2019-12-12,1.83900
2019-12-13,1.86500
2019-12-16,1.88700
2019-12-17,1.92200
2019-12-18,1.91300
2019-12-19,1.93600
2019-12-20,1.93100
2019-12-23,1.94600
2019-12-24,1.96100
2019-12-26,1.97700
2019-12-27,1.98000
2019-12-30,1.96500
2019-12-31,1.94200
2020-01-02,1.93400
2020-01-03,1.97200
2020-01-06,1.94100
2020-01-07,1.94900
2020-01-08,1.89200
2020-01-09,1.87400
2020-01-10,1.85600
2020-01-13,1.82100
2020-01-14,1.82200
2020-01-15,1.79200
2020-01-16,1.77400
2020-01-17,1.77300
2020-01-21,1.73600
2020-01-22,1.71100
2020-01-23,1.70200
2020-01-24,1.66500
2020-01-27,1.59800
2020-01-28,1.64100
2020-01-29,1.62000
2020-01-30,1.58400
2020-01-31,1.50400
2020-02-03,1.45000
2020-02-04,1.45100
2020-02-05,1.52000
2020-02-06,1.55300
2020-02-07,1.52200
2020-02-10,1.49100
2020-02-11,1.50000
2020-02-12,1.56000
2020-02-13,1.57600
2020-02-14,1.59100
2020-02-18,1.55900
2020-02-19,1.58400
2020-02-20,1.58300
2020-02-21,1.58200
2020-02-24,1.51100
2020-02-25,1.46600
2020-02-26,1.41200
2020-02-27,1.38400
2020-02-28,1.38100
2020-03-02,1.43800
2020-03-03,1.43000
2020-03-04,1.43800
2020-03-05,1.37900
2020-03-06,1.27500
2020-03-09,1.03900
2020-03-10,1.11200
2020-03-11,1.05700
2020-03-12,0.94500
2020-03-13,0.97700
2020-03-16,0.83600
2020-03-17,0.83800
2020-03-18,0.72400
2020-03-19,0.77700
2020-03-20,0.71600
2020-03-23,0.69700
2020-03-24,0.68700
2020-03-25,0.69200
2020-03-26,0.72800
2020-03-27,0.76600
2020-03-30,0.72500
2020-03-31,0.69700
2020-04-01,0.65000
2020-04-02,0.70500
2020-04-03,0.80800
2020-04-06,0.76500
2020-04-07,0.72900
2020-04-08,0.73100
2020-04-09,0.69000
2020-04-13,0.70700
2020-04-14,0.66200
2020-04-15,0.62500
2020-04-16,0.65300
2020-04-17,0.66700
2020-04-20,0.60000
2020-04-21,0.45300
2020-04-22,0.50700
2020-04-23,0.49700
2020-04-24,0.45300
2020-04-27,0.40700
2020-04-28,0.41600
2020-04-29,0.48500
2020-04-30,0.51700
2020-05-01,0.48000
2020-05-04,0.50300
2020-05-05,0.57400
2020-05-06,0.50400
2020-05-07,0.51800
2020-05-08,0.57900
2020-05-11,0.55500
2020-05-12,0.62900
2020-05-13,0.63700
2020-05-14,0.70300
2020-05-15,0.72500
2020-05-18,0.82200
2020-05-19,0.77300
2020-05-20,0.82400
2020-05-21,0.82300
2020-05-22,0.81300
2020-05-26,0.81300
2020-05-27,0.78600
2020-05-28,0.80000
2020-05-29,0.85600
2020-06-01,0.85600
2020-06-02,0.91300
2020-06-03,0.87800
2020-06-04,0.89600
2020-06-05,0.96200
2020-06-08,0.93800
2020-06-09,0.97000
2020-06-10,0.98100
2020-06-11,0.92100
2020-06-12,0.96400
2020-06-15,1.00100
2020-06-16,1.04900
2020-06-17,1.03900
2020-06-18,1.05900
2020-06-19,1.06300
2020-06-22,1.08000
2020-06-23,1.05000
2020-06-24,1.00100
2020-06-25,1.00700
2020-06-26,0.97100
2020-06-29,1.00600
2020-06-30,1.02000
2020-07-01,1.02500
2020-07-02,1.04000
2020-07-06,1.07200
2020-07-07,1.06300
2020-07-08,1.06700
2020-07-09,1.07100
2020-07-10,1.09100
2020-07-13,1.06600
2020-07-14,1.07300
2020-07-15,1.10100
2020-07-16,1.06800
2020-07-17,1.06100
2020-07-20,1.07700
2020-07-21,1.11900
2020-07-22,1.11400
2020-07-23,1.11000
2020-07-24,1.11200
2020-07-27,1.13400
2020-07-28,1.10100
2020-07-29,1.11700
2020-07-30,1.08300
2020-07-31,1.08700
2020-08-03,1.09500
2020-08-04,1.11100
2020-08-05,1.12700
2020-08-06,1.12700
2020-08-07,1.09400
2020-08-10,1.11500
2020-08-11,1.12200
2020-08-12,1.11900
2020-08-13,1.09700
2020-08-14,1.09700
2020-08-17,1.10800
2020-08-18,1.12300
2020-08-19,1.09400
2020-08-20,1.10700
2020-08-21,1.07600
2020-08-24,1.11000
2020-08-25,1.14900
2020-08-26,1.16000
2020-08-27,1.10500
2020-08-28,1.11700
2020-08-31,1.10400
2020-09-01,1.10400
2020-09-02,1.07100
2020-09-03,1.04900
2020-09-04,1.04100
2020-09-08,0.97800
2020-09-09,1.00500
2020-09-10,0.95900
2020-09-11,0.99400
2020-09-14,0.98800
2020-09-15,0.99100
2020-09-16,1.00400
2020-09-17,1.04100
2020-09-18,1.03100
2020-09-21,0.98600
2020-09-22,0.95600
2020-09-23,0.95300
2020-09-24,0.98100
2020-09-25,0.99000
2020-09-28,1.00500
2020-09-29,0.96800
2020-09-30,1.03800
2020-10-01,1.00300
2020-10-02,0.96000
2020-10-05,1.02800
2020-10-06,1.06700
2020-10-07,1.05800
2020-10-08,1.08700
2020-10-09,1.09500
2020-10-12,1.06200
2020-10-13,1.06400
2020-10-14,1.09200
2020-10-15,1.08800
2020-10-16,1.07600
2020-10-19,1.07700
2020-10-20,1.08200
2020-10-21,1.03800
2020-10-22,1.05400
2020-10-23,1.04900
2020-10-26,1.02400
2020-10-27,1.05400
2020-10-28,1.00900
2020-10-29,0.98600
2020-10-30,0.98700
2020-11-02,1.01600
2020-11-03,1.03700
2020-11-04,1.07000
2020-11-05,1.07400
2020-11-06,1.05300
2020-11-09,1.12300
2020-11-10,1.15400
2020-11-11,1.14500
2020-11-12,1.12600
2020-11-13,1.10300
2020-11-16,1.10700
2020-11-17,1.10600
2020-11-18,1.13200
2020-11-19,1.15100
2020-11-20,1.18500
2020-11-23,1.18900
2020-11-24,1.24600
2020-11-25,1.26400
2020-11-30,1.23900
2020-12-01,1.23100
2020-12-02,1.25100
2020-12-03,1.29500
2020-12-04,1.28200
2020-12-07,1.28600
2020-12-08,1.29500
2020-12-09,1.28100
2020-12-10,1.30600
2020-12-11,1.31400
2020-12-14,1.33800
2020-12-15,1.34600
2020-12-16,1.35000
2020-12-17,1.37300
2020-12-18,1.38800
2020-12-21,1.35000
2020-12-22,1.32400
2020-12-23,1.36300
2020-12-24,1.36000
2020-12-28,1.34300
2020-12-29,1.35300
2020-12-30,1.35500
2020-12-31,1.34000
2021-01-04,1.31200
2021-01-05,1.37600
2021-01-06,1.37100
2021-01-07,1.38000
2021-01-08,1.42400
2021-01-11,1.41200
2021-01-12,1.46300
2021-01-13,1.46200
2021-01-14,1.47300
2021-01-15,1.43300
2021-01-19,1.44300
2021-01-20,1.44200
2021-01-21,1.44400
2021-01-22,1.42100
2021-01-25,1.46400
2021-01-26,1.40900
2021-01-27,1.42400
2021-01-28,1.41800
2021-01-29,1.41700
2021-02-01,1.45400
2021-02-02,1.48400
2021-02-03,1.50500
2021-02-04,1.52100
2021-02-05,1.52700
2021-02-08,1.56700
2021-02-09,1.56900
2021-02-10,1.56900
2021-02-11,1.55400
2021-02-12,1.58100
2021-02-16,1.63200
2021-02-17,1.65900
2021-02-18,1.62400
2021-02-19,1.61800
2021-02-22,1.67100
2021-02-23,1.71700
2021-02-24,1.75400
2021-02-25,1.72900
2021-02-26,1.68200
2021-03-01,1.64500
2021-03-02,1.63600
2021-03-03,1.65500
2021-03-04,1.71900
2021-03-05,1.76900
2021-03-08,1.71000
2021-03-09,1.70200
2021-03-10,1.72200
2021-03-11,1.76000
2021-03-12,1.76000
2021-03-15,1.74800
2021-03-16,1.72800
2021-03-17,1.68600
2021-03-18,1.57900
2021-03-19,1.62200
2021-03-22,1.63300
2021-03-23,1.54000
2021-03-24,1.64500
2021-03-25,1.57300
2021-03-26,1.60400
2021-03-29,1.61000
2021-03-30,1.58800
2021-03-31,1.57100
2021-04-01,1.62400
2021-04-05,1.58200
2021-04-06,1.59600
2021-04-07,1.60400
2021-04-08,1.61000
2021-04-09,1.80500
2021-04-12,1.62300
2021-04-13,1.63200
2021-04-14,1.69600
2021-04-15,1.71000
2021-04-16,1.69900
2021-04-19,1.70100
2021-04-20,1.68200
2021-04-21,1.64400
2021-04-22,1.66100
2021-04-23,1.67000
2021-04-26,1.67300
2021-04-27,1.70300
2021-04-28,1.72400
2021-04-29,1.72900
2021-04-30,1.68900
2021-05-03,1.72200
2021-05-04,1.76200
2021-05-05,1.75500
2021-05-06,1.74900
2021-05-07,1.75000
2021-05-10,1.74900
2021-05-11,1.77000
2021-05-12,1.81000
2021-05-13,1.73600
2021-05-14,1.77500
2021-05-17,1.77700
2021-05-18,1.77200
2021-05-19,1.73800
2021-05-20,1.67200
2021-05-21,1.69900
2021-05-24,1.76500
2021-05-25,1.75000
2021-05-26,1.76300
2021-05-27,1.77300
2021-05-28,1.75900
2021-06-01,1.79700
2021-06-02,1.82300
2021-06-03,1.81800
2021-06-04,1.82800
2021-06-07,1.82900
2021-06-08,1.85400
2021-06-09,1.81900
2021-06-10,1.84100
2021-06-11,1.82200
2021-06-14,1.84700
2021-06-15,1.85500
2021-06-16,1.83400
2021-06-17,1.82600
2021-06-18,1.86300
2021-06-21,1.89900
2021-06-22,1.93300
2021-06-23,1.93900
2021-06-24,1.90300
2021-06-25,1.88200
2021-06-28,1.87600
2021-06-29,1.88400
2021-06-30,1.88300
2021-07-01,1.89700
2021-07-02,1.93400
2021-07-06,1.87000
2021-07-07,1.83700
2021-07-08,1.87800
2021-07-09,1.90200
2021-07-12,1.92300
2021-07-13,1.95400
2021-07-14,1.90400
2021-07-15,1.86400
2021-07-16,1.86500
2021-07-19,1.74700
2021-07-20,1.84600
2021-07-21,1.83900
2021-07-22,1.88600
2021-07-23,1.89000
2021-07-26,1.91300
2021-07-27,1.89900
2021-07-28,1.90100
2021-07-29,1.94000
2021-07-30,1.93600
2021-08-02,1.88700
2021-08-03,1.85800
2021-08-04,1.78900
2021-08-05,1.82100
2021-08-06,1.80400
2021-08-09,1.79100
2021-08-10,1.81600
2021-08-11,1.84300
2021-08-12,1.83800
2021-08-13,1.80600
2021-08-16,1.79500
2021-08-17,1.78200
2021-08-18,1.74200
2021-08-19,1.71000
2021-08-20,1.64500
2021-08-23,1.76900
2021-08-24,1.84200
2021-08-25,1.88000
2021-08-26,1.84200
2021-08-27,1.87900
2021-08-30,1.91800
2021-08-31,1.92100
2021-09-01,1.90700
2021-09-02,1.94200
2021-09-03,1.94900
2021-09-07,1.90700
2021-09-08,1.91600
2021-09-09,1.89300
2021-09-10,1.92200
2021-09-13,1.95500
2021-09-14,1.96500
2021-09-15,2.01500
2021-09-16,2.02200
2021-09-17,2.02100
2021-09-20,1.97200
2021-09-21,1.98900
2021-09-22,2.01500
2021-09-23,2.05300
2021-09-24,2.08000
2021-09-27,2.11500
2021-09-28,2.10500
2021-09-29,2.12400
2021-09-30,2.20100
2021-10-01,2.16800
2021-10-04,2.28400
2021-10-05,2.27800
2021-10-06,2.22000
2021-10-07,2.25700
2021-10-08,2.26300
2021-10-11,2.30900
2021-10-12,2.29900
2021-10-13,2.31400
2021-10-14,2.36100
2021-10-15,2.36000
2021-10-18,2.30500
2021-10-19,2.32200
2021-10-20,2.35300
2021-10-21,2.31400
2021-10-22,2.31200
2021-10-25,2.32600
2021-10-26,2.33900
2021-10-27,2.27100
2021-10-28,2.27800
2021-10-29,2.28500
2021-11-01,2.30100
2021-11-02,2.30000
2021-11-03,2.22100
2021-11-04,2.21200
2021-11-05,2.25300
2021-11-08,2.27300
2021-11-09,2.31900
2021-11-10,2.25800
2021-11-11,2.24500
2021-11-12,2.21400
2021-11-15,2.21000
2021-11-16,2.23900
2021-11-17,2.17500
2021-11-18,2.18700
2021-11-19,2.09000
2021-11-22,2.12300
2021-11-23,2.19500
2021-11-24,2.19800
2021-11-29,1.96500
2021-11-30,1.88200
2021-12-01,1.88000
2021-12-02,1.93000
2021-12-03,1.93500
2021-12-06,2.03500
2021-12-07,2.08800
2021-12-08,2.12700
2021-12-09,2.10300
2021-12-10,2.12500
2021-12-13,2.10300
2021-12-14,2.07600
2021-12-15,2.09800
2021-12-16,2.11200
2021-12-17,2.07500
2021-12-20,2.02000
2021-12-21,2.09400
2021-12-22,2.14200
2021-12-23,2.17200
2021-12-27,2.19200
2021-12-28,2.20500
2021-12-29,2.20900
2021-12-30,2.21300
2021-12-31,2.16100
2022-01-03,2.19500
2022-01-04,2.24700
2022-01-05,2.26300
2022-01-06,2.31500
2022-01-07,2.32900
2022-01-10,2.35100
2022-01-11,2.42900
2022-01-12,2.44400
2022-01-13,2.44400
2022-01-14,2.48600
2022-01-18,2.55800
2022-01-19,2.54000
2022-01-20,2.48400
2022-01-21,2.51900
2022-01-24,2.46700
2022-01-25,2.45900
2022-01-26,2.56400
2022-01-27,2.65300
2022-01-28,2.59300
2022-01-31,2.58000
2022-02-01,2.57800
2022-02-02,2.59500
2022-02-03,2.65200
2022-02-04,2.68100
2022-02-07,2.73200
2022-02-08,2.68400
2022-02-09,2.70700
2022-02-10,2.68700
2022-02-11,2.80000
2022-02-14,2.78900
2022-02-15,2.68500
2022-02-16,2.61000
2022-02-17,2.58400
2022-02-18,2.59900
2022-02-22,2.62700
2022-02-23,2.67100
2022-02-24,2.72100
2022-02-25,2.69200
2022-02-28,2.85600
2022-03-01,3.04000
2022-03-02,3.38300
2022-03-03,3.31700
2022-03-04,3.58800
2022-03-07,3.71200
2022-03-08,4.10000
2022-03-09,3.19800
2022-03-10,3.11700
2022-03-11,3.24600
2022-03-14,3.07000
2022-03-15,2.82600
2022-03-16,2.95400
2022-03-17,3.29000
2022-03-18,3.37200
2022-03-21,3.62600
2022-03-22,3.58800
2022-03-23,3.84200
2022-03-24,3.96200
2022-03-25,3.82500
2022-03-28,3.48100
2022-03-29,4.01100
2022-03-30,4.00000
2022-03-31,3.83500
2022-04-01,3.62500
2022-04-04,3.81100
2022-04-05,3.62900
2022-04-06,3.59100
2022-04-07,3.36700
2022-04-08,3.40600
2022-04-11,3.34300
2022-04-12,3.50200
2022-04-13,3.72400
2022-04-14,3.84800
2022-04-18,3.84800
2022-04-19,3.79900
2022-04-20,3.90300
2022-04-21,3.86500
2022-04-22,3.88100
2022-04-25,4.22700
2022-04-26,4.52000
2022-04-27,4.78900
2022-04-28,5.06600
2022-04-29,4.52900
2022-05-02,4.46600
2022-05-03,4.20300
2022-05-04,4.32600
2022-05-05,4.18000
2022-05-06,4.15500
2022-05-09,3.96100
2022-05-10,4.12300
2022-05-11,4.09400
2022-05-12,4.00900
2022-05-13,4.02100
2022-05-16,3.82700
2022-05-17,3.64500
2022-05-18,3.47200
2022-05-19,3.56400
2022-05-20,3.50400
2022-05-23,3.51700
2022-05-24,3.63600
2022-05-25,3.74100
2022-05-26,3.82300
2022-05-27,3.85200
2022-05-31,3.81500
2022-06-01,3.93300
2022-06-02,4.05200
2022-06-03,4.10400
2022-06-06,4.15200
2022-06-07,4.08600
2022-06-08,4.08000
2022-06-09,4.21300
2022-06-10,4.17200
2022-06-13,4.07900
2022-06-14,4.20100
2022-06-15,4.31900
2022-06-16,4.40100
2022-06-17,4.21000
2022-06-21,4.21000
2022-06-22,4.19200
2022-06-23,4.06600
2022-06-24,4.25300
2022-06-27,4.13300
2022-06-28,4.04000
2022-06-29,3.87200
2022-06-30,3.75300
2022-07-01,3.77900
2022-07-05,3.41100
2022-07-06,3.24600
2022-07-07,3.50000
2022-07-08,3.52400
2022-07-11,3.60700
2022-07-12,3.51800
2022-07-13,3.58200
2022-07-14,3.53800
2022-07-15,3.54200
2022-07-18,3.46500
2022-07-19,3.44500
2022-07-20,3.40400
2022-07-21,3.37900
2022-07-22,3.33400
2022-07-25,3.34300
2022-07-26,3.43600
2022-07-27,3.58500
2022-07-28,3.52100
2022-07-29,3.40200
2022-08-01,3.24500
2022-08-02,3.18000
2022-08-03,3.19000
2022-08-04,3.06300
2022-08-05,2.96800
2022-08-08,2.94100
2022-08-09,3.07800
2022-08-10,3.21300
2022-08-11,3.26700
2022-08-12,3.25900
2022-08-15,3.21000
2022-08-16,3.21100
2022-08-17,3.31900
2022-08-18,3.36700
2022-08-19,3.41600
2022-08-22,3.48900
2022-08-23,3.55400
2022-08-24,3.76600
2022-08-25,3.69100
2022-08-26,3.75300
2022-08-29,3.65100
2022-08-30,3.54700
2022-08-31,3.42200
2022-09-01,3.27000
2022-09-02,3.35400
2022-09-06,3.30600
2022-09-07,3.31800
2022-09-08,3.30900
2022-09-09,3.34900
2022-09-12,3.38000
2022-09-13,3.32800
2022-09-14,3.14500
2022-09-15,2.96800
2022-09-16,2.94200
2022-09-19,3.05600
2022-09-20,3.19200
2022-09-21,3.20000
2022-09-22,3.25000
2022-09-23,3.11200
2022-09-26,3.05200
2022-09-27,3.24400
2022-09-28,3.44300
2022-09-29,3.75200
2022-09-30,3.52200
2022-10-03,3.32200
2022-10-04,3.44000
2022-10-05,3.64100
2022-10-06,3.80300
2022-10-07,3.92800
2022-10-11,3.62700
2022-10-12,3.62300
2022-10-13,3.81000
2022-10-14,3.64700
2022-10-17,3.71100
2022-10-18,3.50400
2022-10-19,3.40700
2022-10-20,3.28200
2022-10-21,3.38900
2022-10-24,3.74900
2022-10-25,3.76400
2022-10-26,4.01300
2022-10-27,4.09900
2022-10-28,4.36500
2022-10-31,4.18300
2022-11-01,3.30900
2022-11-02,3.37100
2022-11-03,3.60500
2022-11-04,3.59600
2022-11-07,3.44900
2022-11-08,3.36800
2022-11-09,3.17900
2022-11-10,3.09600
2022-11-14,3.14100
2022-11-15,3.24200
2022-11-16,3.23200
2022-11-17,3.13700
2022-11-18,3.14500
2022-11-21,3.12500
2022-11-22,3.03500
2022-11-23,2.87300
2022-11-25,2.79900
2022-11-28,2.72000
2022-11-29,2.85000
2022-11-30,2.93500
2022-12-01,2.85100
2022-12-02,2.80000
2022-12-05,2.62800
2022-12-06,2.56000
2022-12-07,2.43800
2022-12-08,2.64800
2022-12-09,2.58800
2022-12-12,2.73300
2022-12-13,2.87400
2022-12-14,3.05000
2022-12-15,3.03500
2022-12-16,2.88300
2022-12-19,2.80200
2022-12-20,2.75600
2022-12-21,2.91600
2022-12-22,2.93500
2022-12-23,3.04900
2022-12-27,3.29000
2022-12-28,3.30800
2022-12-29,3.35500
2022-12-30,3.33300
2023-01-03,3.10700
2023-01-04,3.07800
2023-01-05,3.09100
2023-01-06,3.19100
2023-01-09,3.40000
2023-01-10,3.31500
2023-01-11,3.47100
2023-01-12,3.50300
2023-01-13,3.81700
2023-01-17,3.56700
2023-01-18,3.55800
2023-01-19,3.60300
2023-01-20,3.91600
2023-01-23,3.83900
2023-01-24,3.73500
2023-01-25,3.79600
2023-01-26,3.99200
2023-01-27,3.78800
2023-01-30,3.63000
2023-01-31,3.43700
2023-02-01,2.96500
2023-02-02,2.75300
2023-02-03,2.57700
2023-02-06,2.69000
2023-02-07,2.87900
2023-02-08,2.88600
2023-02-09,2.80200
2023-02-10,2.79600
2023-02-13,2.80700
2023-02-14,2.84300
2023-02-15,2.69300
2023-02-16,2.62800
2023-02-17,2.54100
2023-02-21,2.60000
2023-02-22,2.78000
2023-02-23,2.76600
2023-02-24,2.95700
2023-02-27,3.06900
2023-02-28,2.97300
2023-03-01,3.01600
2023-03-02,2.91100
2023-03-03,2.98700
2023-03-06,2.92900
2023-03-07,2.83200
2023-03-08,2.80000
2023-03-09,2.72900
2023-03-10,2.77800
2023-03-13,2.77300
2023-03-14,2.64400
2023-03-15,2.52900
2023-03-16,2.56600
2023-03-17,2.50000
2023-03-20,2.49700
2023-03-21,2.50200
2023-03-22,2.50700
2023-03-23,2.47700
2023-03-24,2.52800
2023-03-27,2.72600
2023-03-28,2.69500
2023-03-29,2.57700
2023-03-30,2.56600
2023-03-31,2.54100
2023-04-03,2.57300
2023-04-04,2.58100
2023-04-05,2.58800
2023-04-06,2.51700
2023-04-10,2.53000
2023-04-11,2.50600
2023-04-12,2.53300
2023-04-13,2.50600
2023-04-14,2.41300
2023-04-17,2.36300
2023-04-18,2.31000
2023-04-19,2.28800
2023-04-20,2.23300
2023-04-21,2.24600
2023-04-24,2.27400
2023-04-25,2.20100
2023-04-26,2.14200
2023-04-27,2.14200
2023-04-28,2.15900
2023-05-01,2.16900
2023-05-02,2.10200
2023-05-03,2.04400
2023-05-04,2.05000
2023-05-05,2.15000
2023-05-08,2.21300
2023-05-09,2.23300
2023-05-10,2.25400
2023-05-11,2.21500
2023-05-12,2.15300
2023-05-15,2.21800
2023-05-16,2.18300
2023-05-17,2.25100
2023-05-18,2.23800
2023-05-19,2.19400
2023-05-22,2.20100
2023-05-23,2.16900
2023-05-24,2.22500
2023-05-25,2.15100
2023-05-26,2.18400
2023-05-30,2.11000
2023-05-31,2.09100
2023-06-01,2.16500
2023-06-02,2.21900
2023-06-05,2.22500
2023-06-06,2.23800
2023-06-07,2.30900
2023-06-08,2.28200
2023-06-09,2.24800
2023-06-12,2.17100
2023-06-13,2.25300
2023-06-14,2.18700
2023-06-15,2.29500
2023-06-16,2.36600
2023-06-20,2.26400
2023-06-21,2.39200
2023-06-22,2.29600
2023-06-23,2.20900
2023-06-26,2.25300
2023-06-27,2.20900
2023-06-28,2.20400
2023-06-29,2.21600
2023-06-30,2.24600
2023-07-03,2.20700
2023-07-05,2.31400
2023-07-06,2.31400
2023-07-07,2.37200
2023-07-10,2.37100
2023-07-11,2.39400
2023-07-12,2.42300
2023-07-13,2.41600
2023-07-14,2.39300
2023-07-17,2.38300
2023-07-18,2.41200
2023-07-19,2.44800
2023-07-20,2.48100
2023-07-21,2.55300
2023-07-24,2.58800
2023-07-25,2.60300
2023-07-26,2.66800
2023-07-27,2.74000
2023-07-28,2.81800
2023-07-31,2.86000
2023-08-01,2.90100
2023-08-02,2.86100
2023-08-03,2.93600
2023-08-04,2.89700
2023-08-07,2.87400
2023-08-08,2.91900
2023-08-09,3.06300
2023-08-10,3.00700
2023-08-11,2.96900
2023-08-14,2.93500
2023-08-15,2.90000
2023-08-16,2.88200
2023-08-17,2.96700
2023-08-18,3.10600
2023-08-21,3.08400
2023-08-22,3.05500
2023-08-23,3.01700
2023-08-24,3.04700
2023-08-25,3.18800
2023-08-28,3.07500
2023-08-29,3.09000
2023-08-30,2.95700
2023-08-31,3.00600
2023-09-01,2.98200
2023-09-05,3.08700
2023-09-06,2.99400
2023-09-07,3.02600
2023-09-08,3.08200
2023-09-11,3.14500
2023-09-12,3.11100
2023-09-13,3.24000
2023-09-14,3.26900
2023-09-15,3.14400
2023-09-18,3.05500
2023-09-19,3.13700
2023-09-20,3.21500
2023-09-21,3.20600
2023-09-22,3.15000
2023-09-25,3.07300
2023-09-26,3.05200
2023-09-27,3.13000
2023-09-28,3.14500
2023-09-29,3.16200
2023-10-02,2.99900
2023-10-03,2.97800
2023-10-04,2.79900
2023-10-05,2.65600
2023-10-06,2.68400
2023-10-10,2.86200
2023-10-11,2.85000
2023-10-12,2.85000
2023-10-13,3.06500
2023-10-16,3.01900
2023-10-17,3.02900
2023-10-18,2.85500
2023-10-19,2.90500
2023-10-20,2.95200
2023-10-23,2.89400
2023-10-24,2.82500
2023-10-25,2.83700
2023-10-26,2.86300
2023-10-27,2.85900
2023-10-30,2.85400
2023-10-31,2.86900
2023-11-01,2.87500
2023-11-02,3.10500
2023-11-03,2.83700
2023-11-06,2.88900
2023-11-07,2.80800
2023-11-08,2.72400
2023-11-09,2.66500
2023-11-10,2.66900
2023-11-13,2.78900
2023-11-14,2.86200
2023-11-15,2.82500
2023-11-16,2.70900
2023-11-17,2.61100
2023-11-20,2.69500
2023-11-21,2.70200
2023-11-22,2.65400
2023-11-24,2.60100
2023-11-27,2.61800
2023-11-28,2.66200
2023-11-29,2.64600
2023-11-30,2.47600
2023-12-01,2.40100
2023-12-04,2.40100
2023-12-05,2.35700
2023-12-06,2.30300
2023-12-07,2.29000
2023-12-08,2.29900
2023-12-11,2.32200
2023-12-12,2.15200
2023-12-13,2.19600
2023-12-14,2.35100
2023-12-15,2.38400
2023-12-18,2.45300
2023-12-19,2.54300
2023-12-20,2.53700
2023-12-21,2.54100
2023-12-22,2.49800
2023-12-26,2.50300
2023-12-27,2.45100
2023-12-28,2.38500
2023-12-29,2.36500
2024-01-02,2.33300
2024-01-03,2.43500
2024-01-04,2.43100
2024-01-05,2.46600
2024-01-08,2.47300
2024-01-09,2.53700
2024-01-10,2.55800
2024-01-11,2.63700
2024-01-12,2.59600
2024-01-16,2.57900
2024-01-17,2.58500
2024-01-18,2.58400
2024-01-19,2.56800
2024-01-22,2.59400
2024-01-23,2.62400
2024-01-24,2.60200
2024-01-25,2.70100
2024-01-26,2.74900
2024-01-29,2.78600
2024-01-30,2.75300
2024-01-31,2.70000
2024-02-01,2.65000
2024-02-02,2.58600
2024-02-05,2.63900
2024-02-06,2.66300
2024-02-07,2.75400
2024-02-08,2.81600
2024-02-09,2.86900
2024-02-12,2.86000
2024-02-13,2.78900
2024-02-14,2.70100
2024-02-15,2.71200
2024-02-16,2.70700
2024-02-20,2.63100
2024-02-21,2.66400
2024-02-22,2.69600
2024-02-23,2.57600
2024-02-26,2.64200
2024-02-27,2.62300
2024-02-28,2.53300
2024-02-29,2.55200
2024-03-01,2.60900
2024-03-04,2.55200
2024-03-05,2.51100
2024-03-06,2.58500
2024-03-07,2.61700
2024-03-08,2.55600
2024-03-11,2.58800
2024-03-12,2.57200
2024-03-13,2.64400
2024-03-14,2.62800
2024-03-15,2.65500
2024-03-18,2.71800
2024-03-19,2.67100
2024-03-20,2.60600
2024-03-21,2.60800
2024-03-22,2.58200
2024-03-25,2.58300
2024-03-26,2.53000
2024-03-27,2.52400
2024-03-28,2.52600
2024-04-01,2.58300
2024-04-02,2.69300
2024-04-03,2.72500
2024-04-04,2.74400
2024-04-05,2.72400
2024-04-08,2.71700
2024-04-09,2.66800
2024-04-10,2.68100
2024-04-11,2.63500
2024-04-12,2.67200
2024-04-15,2.69000
2024-04-16,2.68400
2024-04-17,2.60900
2024-04-18,2.49000
2024-04-19,2.49600
2024-04-22,2.52500
2024-04-23,2.51900
2024-04-24,2.49500
2024-04-25,2.49800
2024-04-26,2.49400
2024-04-29,2.49800
2024-04-30,2.47000
2024-05-01,2.40200
2024-05-02,2.39500
2024-05-03,2.38600
2024-05-06,2.42700
2024-05-07,2.43000
2024-05-08,2.43500
2024-05-09,2.42600
2024-05-10,2.36100
2024-05-13,2.36800
2024-05-14,2.34200
2024-05-15,2.34500
2024-05-16,2.37800
2024-05-17,2.45300
2024-05-20,2.44600
2024-05-21,2.42400
2024-05-22,2.33800
2024-05-23,2.33300
2024-05-24,2.33600
2024-05-28,2.40100
2024-05-29,2.35300
2024-05-30,2.29400
2024-05-31,2.29100
2024-06-03,2.21000
2024-06-04,2.22400
2024-06-05,2.24200
2024-06-06,2.29800
2024-06-07,2.29300
2024-06-10,2.35800
2024-06-11,2.37100
2024-06-12,2.37500
2024-06-13,2.42900
2024-06-14,2.42300
2024-06-17,2.43400
2024-06-18,2.47400
2024-06-20,2.48900
2024-06-21,2.45900
2024-06-24,2.49100
2024-06-25,2.47700
2024-06-26,2.47500
2024-06-27,2.49000
2024-06-28,2.46700
2024-07-01,2.54200
2024-07-02,2.56100
2024-07-03,2.62500
2024-07-05,2.55000
2024-07-08,2.50800
2024-07-09,2.46700
2024-07-10,2.46900
2024-07-11,2.47000
2024-07-12,2.44200
2024-07-15,2.44300
2024-07-16,2.40200
2024-07-17,2.42400
2024-07-18,2.41100
2024-07-19,2.36200
2024-07-22,2.37100
2024-07-23,2.36400
2024-07-24,2.36100
2024-07-25,2.38400
2024-07-26,2.30800
2024-07-29,2.26800
2024-07-30,2.21100
2024-07-31,2.28000
2024-08-01,2.29000
2024-08-02,2.19000
2024-08-05,2.16800
2024-08-06,2.16100
2024-08-07,2.22400
2024-08-08,2.22400
2024-08-09,2.19300
2024-08-12,2.25300
2024-08-13,2.22800
2024-08-14,2.20500
2024-08-15,2.23400
2024-08-16,2.20300
2024-08-19,2.13000
2024-08-20,2.13000
2024-08-21,2.11300
2024-08-22,2.14000
2024-08-23,2.13600
2024-08-26,2.17100
2024-08-27,2.11700
2024-08-28,2.08200
2024-08-29,2.15100
2024-08-30,2.12700
2024-09-03,2.04800
2024-09-04,2.00400
2024-09-05,2.02500
2024-09-06,1.97700
2024-09-09,1.99900
2024-09-10,1.92800
2024-09-11,1.95400
2024-09-12,1.97100
2024-09-13,1.92100
2024-09-16,1.92900
2024-09-17,1.97300
2024-09-18,1.96000
2024-09-19,2.00700
2024-09-20,2.00700
2024-09-23,1.99900
2024-09-24,2.01800
2024-09-25,2.00200
2024-09-26,1.96700
2024-09-27,1.97700
2024-09-30,1.96800
2024-10-01,2.02500
2024-10-02,2.03300
2024-10-03,2.20400
2024-10-04,2.14000
2024-10-07,2.21900
2024-10-08,2.13200
2024-10-09,2.10200
2024-10-10,2.15500
2024-10-11,2.17500
2024-10-15,2.02100
2024-10-16,2.00700
2024-10-17,2.02700
2024-10-18,1.99500
2024-10-21,2.01700
2024-10-22,2.06900
2024-10-23,2.05200
2024-10-24,2.02900
2024-10-25,2.05100
2024-10-28,1.95800
2024-10-29,1.97700
2024-10-30,2.02400
2024-10-31,2.07600
2024-11-01,2.04200
2024-11-04,2.11400
2024-11-05,2.13300
2024-11-06,2.09900
2024-11-07,2.09500
2024-11-08,2.05600
2024-11-12,2.01900
2024-11-13,2.03700
2024-11-14,2.03500
2024-11-15,1.99700
2024-11-18,2.07900
2024-11-19,2.06600
2024-11-20,2.06000
2024-11-21,2.09500
2024-11-22,2.09000
2024-11-25,2.05800
2024-11-26,2.06400
2024-11-27,2.05500
2024-11-29,2.04000
2024-12-02,2.04200
2024-12-03,2.07500
2024-12-04,2.02100
2024-12-05,2.01100
2024-12-06,1.98400
2024-12-09,2.03500
2024-12-10,2.04500
2024-12-11,2.10700
2024-12-12,2.13200
2024-12-13,2.15800
2024-12-16,2.13000
2024-12-17,2.10300
2024-12-18,2.12100
2024-12-19,2.11900
2024-12-20,2.12100
2024-12-23,2.10700
2024-12-24,2.09500
2024-12-26,2.08900
2024-12-27,2.12200
2024-12-30,2.18900
2024-12-31,2.22800
2025-01-02,2.26600
2025-01-03,2.27200
2025-01-06,2.28300
2025-01-07,2.29300
2025-01-08,2.28600
2025-01-10,2.40600
2025-01-13,2.38500
2025-01-14,2.36500
2025-01-15,2.46300
2025-01-16,2.43000
2025-01-17,2.41900
2025-01-21,2.41100
2025-01-22,2.36900
2025-01-23,2.36200
2025-01-24,2.38400
2025-01-27,2.32400
2025-01-28,2.31000
2025-01-29,2.31700
2025-01-30,2.28500
2025-01-31,2.30200
2025-02-03,2.35800
2025-02-04,2.30100
2025-02-05,2.27100
2025-02-06,2.29400
2025-02-07,2.30100
2025-02-10,2.29300
2025-02-11,2.35700
2025-02-12,2.27700
2025-02-13,2.27000
2025-02-14,2.27600
2025-02-18,2.26200
2025-02-19,2.33000
2025-02-20,2.35800
2025-02-21,2.26600
2025-02-24,2.20900
2025-02-25,2.16300
2025-02-26,2.11900
2025-02-27,2.16600
2025-02-28,2.14500
2025-03-03,2.08800
2025-03-04,2.07600
2025-03-05,2.08900
2025-03-06,2.06300
2025-03-07,2.07100
2025-03-10,2.00600
2025-03-11,2.03900
2025-03-12,2.04000
2025-03-13,1.99900
2025-03-14,1.99700
2025-03-17,2.03500
2025-03-18,2.03000
2025-03-19,2.06600
2025-03-20,2.08400
2025-03-21,2.08200
2025-03-24,2.09100
2025-03-25,2.12100
2025-03-26,2.12400
2025-03-27,2.11100
2025-03-28,2.09300
2025-03-31,2.13500
2025-04-01,2.12300
2025-04-02,2.13500
2025-04-03,2.01100
2025-04-04,1.92700
2025-04-07,1.90700
2025-04-08,1.85300
2025-04-09,1.94700
2025-04-10,1.88400
2025-04-11,1.89900
2025-04-14,1.92200
2025-04-15,1.91700
2025-04-16,1.95200
2025-04-17,1.97800
2025-04-21,1.94700
2025-04-22,2.03600
2025-04-23,2.00900
2025-04-24,2.02600
2025-04-25,2.06000
2025-04-28,2.05700
2025-04-29,1.99100
2025-04-30,1.90900
2025-05-01,1.88600
2025-05-02,1.88700
2025-05-05,1.86600
2025-05-06,1.86400
2025-05-07,1.81900
2025-05-08,1.90100
2025-05-09,1.92500
2025-05-12,1.96800
2025-05-13,2.02700
2025-05-14,2.05100
2025-05-15,1.99000
2025-05-16,1.97600
2025-05-19,1.96800
2025-05-20,1.97400
2025-05-21,1.97500
2025-05-22,1.94600
2025-05-23,1.94800
2025-05-27,1.90000
2025-05-28,1.90600
2025-05-29,1.87100
2025-05-30,1.84600
2025-06-02,1.90100
2025-06-03,1.94400
2025-06-04,1.91300
2025-06-05,1.92800
2025-06-06,1.95700
2025-06-09,1.97600
2025-06-10,1.96500
2025-06-11,2.01800
2025-06-12,2.02000
2025-06-13,2.20200
2025-06-16,2.19700
2025-06-17,2.30400
2025-06-18,2.35000
2025-06-20,2.34900
2025-06-23,2.13200
2025-06-24,2.11000
2025-06-25,2.12800
2025-06-26,2.19900
2025-06-27,2.10700
2025-06-30,2.17700
2025-07-01,2.15200
2025-07-02,2.23800
2025-07-03,2.19200
2025-07-07,2.24000
2025-07-08,2.26600
2025-07-09,2.23300
2025-07-10,2.21500
2025-07-11,2.28400
2025-07-14,2.20600
2025-07-15,2.22500
2025-07-16,2.21700
2025-07-17,2.29100
2025-07-18,2.27600
2025-07-21,2.31700
2025-07-22,2.30800
2025-07-23,2.30500
2025-07-24,2.26400
2025-07-25,2.25300
2025-07-28,2.26500
2025-07-29,2.31100
2025-07-30,2.16700
2025-07-31,2.14800
2025-08-01,2.03900
2025-08-04,2.05700
2025-08-05,2.00000
2025-08-06,2.00400
2025-08-07,2.01100
2025-08-08,2.02100
2025-08-11,2.04000
2025-08-12,1.99000
2025-08-13,1.99200
2025-08-14,1.99100
2025-08-15,1.98000
2025-08-18,1.99700
2025-08-19,2.00700
2025-08-20,2.02400
2025-08-21,2.07000
2025-08-22,2.05700
2025-08-25,2.09600
2025-08-26,2.02700
2025-08-27,2.03200
2025-08-28,2.05000
2025-08-29,2.02000
2025-09-02,2.12000
2025-09-03,2.10700
2025-09-04,2.07500
2025-09-05,2.04100
2025-09-08,2.07000
2025-09-09,2.07100
2025-09-10,2.08500
2025-09-11,2.02700
2025-09-12,2.04300
2025-09-15,2.08300
2025-09-16,2.14600
2025-09-17,2.10100
2025-09-18,2.09300
2025-09-19,2.05200
2025-09-22,2.04700
2025-09-23,2.08800
2025-09-24,2.12400
2025-09-25,2.17800
2025-09-26,2.16200
2025-09-29,2.08400
2025-09-30,2.07600
2025-10-01,2.05100
2025-10-02,1.99800
2025-10-03,2.03700
2025-10-06,2.11800
2025-10-07,2.14200
2025-10-08,2.19300
2025-10-09,2.18000
2025-10-10,2.10600
2025-10-14,2.10500
2025-10-15,2.09500
2025-10-16,2.06100
2025-10-17,2.08400
2025-10-20,2.09300
2025-10-21,2.09700
2025-10-22,2.16300
2025-10-23,2.26500
2025-10-24,2.27700
2025-10-27,2.32200
2025-10-28,2.25000
2025-10-29,2.25600
2025-10-30,2.25600
2025-10-31,2.24500
2025-11-03,2.25400
2025-11-04,2.28600
2025-11-05,2.27800
2025-11-06,2.31100
2025-11-07,2.29300
2025-11-10,2.31000
2025-11-12,2.28900
2025-11-13,2.28100
2025-11-14,2.34600
2025-11-17,2.35100
2025-11-18,2.50300
2025-11-19,2.46200
2025-11-20,2.26500
2025-11-21,2.12700
2025-11-24,2.12300
2025-11-25,2.06800
2025-11-26,2.04800
2025-11-28,2.05000
2025-12-01,2.08900
2025-12-02,2.05100
2025-12-03,2.03000
2025-12-04,2.05000
2025-12-05,2.09800
2025-12-08,2.02800
2025-12-09,1.99600
2025-12-10,2.01300
2025-12-11,1.97200
2025-12-12,1.93900
2025-12-15,1.91600
2025-12-16,1.86700
2025-12-17,1.91500
2025-12-18,1.86100
2025-12-19,1.85300
2025-12-22,1.94900
2025-12-23,1.99500
2025-12-24,1.96200
2025-12-26,1.89200
2025-12-29,1.90900
2025-12-30,1.93300
2025-12-31,1.91100
2026-01-02,1.87700
2026-01-05,1.88000
2026-01-06,1.83500
2026-01-07,1.82100
2026-01-08,1.92200
2026-01-09,1.90900
2026-01-12,1.95300
2026-01-13,2.02100
2026-01-14,2.03700
2026-01-15,2.01700
2026-01-16,2.04700
2026-01-20,2.07100
2026-01-21,2.12400
2026-01-22,2.08100
2026-01-23,2.10500
2026-01-26,2.06400
2026-01-27,2.14300
2026-01-28,2.18900
2026-01-29,2.24800
2026-01-30,2.27700
2026-02-02,2.08200
2026-02-03,2.15000
2026-02-04,2.16700
2026-02-05,2.09500
2026-02-06,2.10600
2026-02-09,2.16500
2026-02-10,2.14300
2026-02-11,2.17600
2026-02-12,2.11000
2026-02-13,2.17700
2026-02-17,2.18300
2026-02-18,2.31100
2026-02-19,2.39900
2026-02-20,2.37600
2026-02-23,2.48500
2026-02-24,2.52000
2026-02-25,2.47000
2026-02-26,2.44400
2026-02-27,2.42800
2026-03-02,2.73800
2026-03-03,2.96600
2026-03-04,3.12600
2026-03-05,3.26300
2026-03-06,3.42400
2026-03-09,3.10000
2026-03-10,3.19900
2026-03-11,3.54400
2026-03-12,3.75300
2026-03-13,3.79200
2026-03-16,3.63900
2026-03-17,3.80600
2026-03-18,4.17100
2026-03-19,4.12000
2026-03-20,4.45400
2026-03-23,3.92900
2026-03-24,3.91700
2026-03-25,3.81900
2026-03-26,4.03200
2026-03-27,4.34800
2026-03-30,4.23700
2026-03-31,3.96500
2026-04-01,3.83900
2026-04-02,4.25200
2026-04-06,4.13600
2026-04-07,4.10000
2026-04-08,3.82500
2026-04-09,3.87800
2026-04-10,3.68500
2026-04-13,3.74800
2026-04-14,3.65900
2026-04-15,3.78000
2026-04-16,3.86400
2026-04-17,3.49300
2026-04-20,3.60800
2026-04-21,3.86200
2026-04-22,3.96000
2026-04-23,4.07500
2026-04-24,4.02400
2026-04-27,4.02700
2026-04-28,4.04700
2026-04-29,4.34400
2026-04-30,4.28700
2026-05-01,4.09400
2026-05-04,4.16300
2026-05-05,4.18200
2026-05-06,3.91300
2026-05-07,3.99600
2026-05-08,3.99200
2026-05-11,4.11100
2026-05-12,4.26500
2026-05-13,4.11700
2026-05-14,4.07500
2026-05-15,4.19300
2026-05-18,4.19100
2026-05-19,4.32800
2026-05-20,4.05900
2026-05-21,3.99900
2026-05-22,3.98700
2026-05-26,3.39200
2026-05-27,3.25300
2026-05-28,3.30400
2026-05-29,3.23700
2026-06-01,3.35900
2026-06-02,3.36900
2026-06-03,3.53800
2026-06-04,3.34100
2026-06-05,3.25000
2026-06-08,3.29000
2026-06-09,3.21200
2026-06-10,3.28000
2026-06-11,3.17100
2026-06-12,2.97400
2026-06-15,2.84700
2026-06-16,2.74000
2026-06-17,2.81500
2026-06-18,2.95200
2026-06-22,2.69800
2026-06-23,2.76500
2026-06-24,2.79400
2026-06-25,2.89800
2026-06-26,2.78600
2026-06-29,2.92800
2026-06-30,2.86700
2026-07-01,2.75500
2026-07-02,2.71300
2026-07-06,2.82800
2026-07-07,2.88500
2026-07-08,3.18700
2026-07-09,2.98600
2026-07-10,2.96900
2026-07-13,3.35100
2026-07-14,3.55200
2026-07-15,3.51600
2026-07-16,3.56300
2026-07-17,3.50100
2026-07-20,3.54900
2026-07-21,3.58900
2026-07-22,3.67000
2026-07-23,3.86400
2026-07-24,3.70800
2026-07-27,3.58200
2026-07-28,3.71200
2026-07-29,3.82500
2026-07-30,3.68100
2026-07-31,3.88000
2026-08-03,3.50600
2026-08-04,3.32200
2026-08-05,3.36100
2026-08-06,3.51900
2026-08-07,3.44500
2026-08-10,3.71300
2026-08-11,3.81400
2026-08-12,3.82200
2026-08-13,3.73400
2026-08-14,3.76600
2026-08-17,3.91200
2026-08-18,3.96000
2026-08-19,3.89500
2026-08-20,3.92600
2026-08-21,3.91800
2026-08-24,3.73400
2026-08-25,3.61900
2026-08-26,3.67500
2026-08-27,3.74000
2026-08-28,3.80500
2026-08-31,4.02100
2026-09-01,4.19000
2026-09-02,4.11800
2026-09-03,4.06300
2026-09-04,4.01700
2026-09-08,4.12600
2026-09-09,4.34100
2026-09-10,4.68200
2026-09-11,4.52100
2026-09-14,4.48800
2026-09-15,4.70500
2026-09-16,4.68000
2026-09-17,4.51400
2026-09-18,4.53200
2026-09-21,4.39700
2026-09-22,4.35400
