date,Kömür,Hidroelektrik,Doğalgaz,Güneş,Rüzgar,Jeotermal,Biyo/Atık,Diğer
2021-09-06,290.71198,102.33840,314.86654,6.14397,170.36331,24.55221,19.65627,0.93060
2021-09-07,308.84023,87.77830,338.09151,6.28309,157.00893,24.98270,19.93803,1.01610
2021-09-08,301.97888,88.37303,376.53404,6.26209,127.02758,25.36245,19.92806,1.02060
2021-09-09,318.18614,88.72756,394.97608,6.29820,94.59812,25.79829,19.54087,0.94890
2021-09-10,304.78410,86.39799,408.92959,6.19019,79.91303,25.32165,19.26783,1.01370
2021-09-11,291.47051,76.61425,401.47752,6.34239,66.94761,25.97820,19.38787,1.04400
2021-09-12,269.06959,68.35289,340.40932,6.24464,67.28719,26.40766,19.35856,1.02170
2021-09-13,288.16000,85.91401,387.28415,6.08136,87.06927,26.44013,19.51347,1.01950
2021-09-14,294.98298,80.39736,377.43222,5.62543,110.66247,26.22708,19.37758,1.03370
2021-09-15,291.94832,82.95083,386.56537,4.42149,99.86520,26.15393,19.06887,1.02090
2021-09-16,290.29190,86.67418,399.83594,3.45302,75.63649,25.95624,20.07538,1.01090
2021-09-17,284.12497,104.72143,387.02865,5.46431,45.61676,25.92391,20.15352,1.00490
2021-09-18,289.43931,110.30105,339.75959,6.50712,50.52228,25.60846,19.80319,0.97470
2021-09-19,271.05899,77.08818,329.06216,5.86344,37.18527,25.29870,20.02933,0.93270
2021-09-20,292.62835,96.15435,392.84939,6.02794,46.94148,24.54708,19.51383,0.94360
2021-09-21,282.58320,74.76711,407.62667,6.20878,76.53871,24.94269,19.76707,0.99410
2021-09-22,260.98870,96.03011,391.47534,4.25753,85.04688,26.07316,20.29151,1.03230
2021-09-23,253.55844,91.31045,347.16116,3.71724,130.06451,27.70641,20.32741,1.02300
2021-09-24,274.90416,108.60391,345.92584,5.02201,65.64422,27.46295,20.22581,1.01840
2021-09-25,264.40185,111.60695,330.83508,6.64470,45.34387,27.35603,20.62009,1.01500
2021-09-26,234.09127,106.11498,271.01944,6.39079,55.24254,26.40398,18.73444,1.00450
2021-09-27,263.51954,109.25905,308.62743,6.61445,92.71707,26.59463,19.87372,0.89780
2021-09-28,254.30192,108.89756,314.36526,6.27733,122.31878,26.70095,20.38576,0.87090
2021-09-29,242.88507,95.90751,321.23152,5.98681,145.88907,26.86545,19.87018,0.86620
2021-09-30,245.60817,94.53672,306.13600,5.06768,160.03601,26.99844,20.43319,0.86040
2021-10-01,256.35059,100.76880,283.93185,6.32938,145.23585,27.13261,20.28292,1.02890
2021-10-02,247.02618,102.33311,268.47172,6.17949,131.33069,27.19068,20.54434,1.03240
2021-10-03,218.41680,97.29317,213.87215,6.14417,130.89163,26.91677,20.77377,1.00510
2021-10-04,235.03003,110.97445,298.99442,5.95026,116.48408,27.44204,20.27066,1.01880
2021-10-05,228.36350,107.34283,318.98632,6.16423,135.77391,27.75485,19.80725,1.01990
2021-10-06,229.78402,103.77486,342.83244,6.32255,110.72473,27.62104,19.05299,1.02040
2021-10-07,211.37117,128.54461,370.55627,6.28676,70.58656,27.00914,18.37861,1.02050
2021-10-08,208.48552,118.10576,381.51765,6.14661,66.36275,27.75802,18.71551,1.02630
2021-10-09,207.84298,106.49987,369.64955,6.12896,54.56843,27.87076,19.13073,1.02400
2021-10-10,206.98130,85.73533,303.44932,5.99363,62.83765,27.94534,18.59730,1.00790
2021-10-11,228.24232,124.72332,376.53319,5.81850,33.24428,27.67802,18.76993,1.03530
2021-10-12,227.60271,99.10626,392.03527,5.40216,68.49955,28.28454,18.52581,1.00820
2021-10-13,227.58814,111.49443,397.25136,5.19219,48.92385,28.87901,18.03379,1.02780
2021-10-14,223.76146,101.13297,413.04803,5.26582,46.09073,28.42420,19.46165,1.02250
2021-10-15,218.15135,94.32665,390.91269,5.35151,82.78147,27.80468,19.45838,1.03400
2021-10-16,201.32557,89.08550,365.18759,4.63177,88.84427,28.64243,19.80611,1.02680
2021-10-17,196.96769,77.53342,350.69232,4.21206,44.26805,29.36558,19.51882,1.01850
2021-10-18,227.48871,90.83579,388.04612,4.31528,63.69442,29.21891,19.19865,1.03380
2021-10-19,207.75394,102.00538,380.69212,4.91667,103.30562,29.23423,19.14071,1.02650
2021-10-20,213.62045,111.32774,382.76467,5.49708,79.15869,29.18609,19.97142,1.04600
2021-10-21,236.48701,119.41518,397.34352,5.96508,27.48398,28.84012,21.19315,1.04530
2021-10-22,232.96501,110.25012,392.58122,5.88385,36.89896,28.75471,21.59215,1.04070
2021-10-23,235.67946,107.20815,377.62364,5.87223,17.99122,28.85572,21.77848,1.03320
2021-10-24,209.32781,91.07532,265.19422,5.67597,100.40747,27.96345,20.60551,0.92060
2021-10-25,206.29975,117.16721,282.69870,3.61089,174.81322,28.55771,21.67554,1.01760
2021-10-26,228.87923,122.77768,341.31917,5.20026,101.35067,29.30541,22.00500,1.02960
2021-10-27,252.21720,111.85709,347.90548,4.44231,80.33872,29.91066,21.28329,1.03860
2021-10-28,220.95625,107.14165,336.60157,4.66512,110.59369,29.75311,21.08699,1.03620
2021-10-29,198.83084,107.80806,291.52047,4.67025,123.94959,29.64717,20.86700,1.02160
2021-10-30,214.03064,100.72708,298.67946,4.34929,101.16322,29.61477,20.48081,1.02330
2021-10-31,217.89303,102.43431,293.58348,3.19809,55.86305,29.21341,20.59512,0.99100
2021-11-01,272.92167,139.08050,341.38204,1.99834,47.41950,29.61037,20.22997,1.03330
2021-11-02,314.01137,120.57432,305.28929,2.68015,79.42033,29.28248,19.65114,1.03900
2021-11-03,322.51078,115.98437,309.15687,3.84393,56.46405,28.73860,20.00222,1.01080
2021-11-04,314.01036,116.48235,314.61372,4.90812,50.99605,28.86825,20.19679,0.97780
2021-11-05,333.63749,107.09449,314.50283,5.25285,28.36146,28.82874,20.21929,0.97020
2021-11-06,337.99089,93.29114,255.98142,5.46696,66.65950,28.31111,20.62686,0.87080
2021-11-07,301.18018,105.06238,179.51450,5.45595,84.74267,28.54690,20.55734,0.86170
2021-11-08,328.56041,115.06462,301.47467,5.17388,24.33184,29.34463,20.63531,0.96390
2021-11-09,327.67008,108.20178,322.64120,5.38657,33.26406,28.71269,21.08825,0.93500
2021-11-10,333.30184,127.07276,181.36774,3.52664,181.40447,29.10999,20.89078,0.83740
2021-11-11,330.54351,120.59415,217.56332,4.57229,152.88474,29.20824,20.29632,0.87790
2021-11-12,354.73249,112.97516,290.41013,5.37549,55.54761,30.25920,19.55894,0.94350
2021-11-13,347.85484,106.37361,299.66168,4.90901,28.56312,30.27280,21.01620,0.83780
2021-11-14,341.34021,67.70033,265.77927,4.64498,22.63478,30.08981,21.19433,0.83680
2021-11-15,349.82430,86.03532,301.21267,4.56182,74.71595,29.69498,20.43551,0.90440
2021-11-16,345.90752,84.97154,274.82046,5.05829,129.10841,29.45103,20.36689,0.86820
2021-11-17,344.82283,98.21569,335.83085,4.74043,61.78153,29.87924,20.65771,0.91780
2021-11-18,350.30565,118.67534,361.02801,4.31551,16.30689,29.96146,20.23810,0.96150
2021-11-19,344.04069,101.88939,340.74131,3.24066,68.75684,30.22559,20.71816,0.91380
2021-11-20,335.81220,96.48024,291.60500,1.53727,100.78539,30.31076,20.88200,0.88440
2021-11-21,333.00444,73.76474,254.95309,3.63642,55.11818,30.53549,20.45608,0.86560
2021-11-22,333.39579,85.63609,294.85575,4.52310,102.52097,30.20661,20.52844,0.88600
2021-11-23,341.29650,90.21865,321.07995,2.98196,101.26328,30.04625,20.75257,0.87830
2021-11-24,339.13995,91.33126,313.92818,2.84539,134.88064,30.06451,20.82244,0.91370
2021-11-25,350.49894,109.09262,357.27813,1.98678,61.55380,30.24152,20.67268,0.98210
2021-11-26,333.40461,90.33932,326.93448,3.79589,105.35477,29.33273,20.84368,0.87740
2021-11-27,293.86667,104.53902,257.15183,1.37903,165.26434,28.58474,20.66303,0.85190
2021-11-28,279.00368,87.56906,174.97977,3.13316,179.44544,27.77542,20.70719,0.78150
2021-11-29,291.04687,119.81587,229.56937,2.86452,175.78009,27.14387,19.96459,0.81690
2021-11-30,307.75697,102.57074,272.09721,3.49908,157.93762,29.42994,20.12434,0.86331
2021-12-01,333.58477,100.64384,342.48858,3.64771,74.15163,30.69129,20.00672,0.93310
2021-12-02,343.90895,105.46086,278.83112,4.60701,114.93653,30.78226,20.44100,0.92140
2021-12-03,333.92100,107.48778,248.83394,4.30798,154.20916,29.84332,20.00316,0.88100
2021-12-04,343.50839,105.53335,243.58430,2.46915,136.49810,29.84211,20.27113,0.86130
2021-12-05,345.53558,88.68650,236.35618,3.79029,57.43777,29.99479,20.57964,0.80940
2021-12-06,333.29822,87.74354,236.58135,3.85417,172.25195,29.26017,20.46536,0.86050
2021-12-07,354.12258,94.04566,259.04142,3.70115,153.73426,29.00554,19.59884,0.82050
2021-12-08,357.28597,108.46113,343.41008,1.55145,70.29043,30.08822,19.28837,0.91840
2021-12-09,349.76237,92.96915,313.73409,3.99479,109.75896,30.04678,19.60439,0.81460
2021-12-10,332.48971,108.87824,231.04454,3.66612,188.36982,29.31624,19.99870,0.79090
2021-12-11,348.96561,98.13843,198.55501,4.17740,173.03644,29.27630,20.16308,0.77970
2021-12-12,330.85725,88.96151,139.56765,4.53258,161.71897,28.47190,20.05530,0.79120
2021-12-13,356.99522,90.53398,307.70974,2.93909,95.48871,29.74130,20.41577,0.88850
2021-12-14,359.52499,89.73585,330.87706,1.08148,108.00082,30.23479,20.57590,0.88630
2021-12-15,345.53911,100.36255,297.96223,1.43818,157.88739,30.21655,20.40752,0.85950
2021-12-16,350.77254,129.09797,346.27248,1.69572,85.93260,30.54422,20.18463,0.91880
2021-12-17,347.30761,142.00100,373.66311,0.88104,49.63741,30.61017,19.47815,0.95980
2021-12-18,341.81148,92.25363,327.49244,1.64450,118.99700,30.80177,19.57202,0.86390
2021-12-19,319.43267,88.40754,241.12321,1.12189,138.30549,30.39693,19.34336,0.83540
2021-12-20,324.06654,176.45159,358.50997,1.42948,46.11740,30.46419,18.82268,0.92870
2021-12-21,332.85652,162.28283,375.24097,2.61168,52.50340,30.75779,19.14853,0.93230
2021-12-22,346.16495,201.19155,315.39315,4.48512,38.16838,30.82382,19.99936,0.91900
2021-12-23,352.24407,202.66180,314.49242,2.88621,49.87829,30.94612,19.83846,0.89600
2021-12-24,344.73533,167.18035,321.63592,3.94190,71.51605,30.80450,19.31059,0.92710
2021-12-25,299.53357,137.03913,299.61202,4.31571,125.55090,30.64399,19.67155,0.83130
2021-12-26,304.77250,109.12037,210.63492,2.14303,146.58963,30.18722,19.74866,0.79710
2021-12-27,325.16600,124.72361,280.71469,2.81152,133.74128,30.57498,20.19305,0.88230
2021-12-28,307.67969,132.40221,309.97871,2.55785,126.10459,30.09002,20.87218,0.85400
2021-12-29,326.28107,108.31746,321.55776,3.72951,118.91025,30.41152,20.62234,0.83990
2021-12-30,328.59575,108.98530,308.40153,3.00593,123.58660,30.71412,20.56893,0.76470
2021-12-31,333.66694,107.09867,258.83069,2.89724,106.98516,30.21956,20.63187,0.70140
2022-01-01,332.01370,98.87077,214.63819,3.25747,34.10049,31.23421,20.81290,0.65220
2022-01-02,322.05250,110.80105,183.37407,1.92526,83.05274,30.83327,21.21756,0.59100
2022-01-03,329.98601,131.94549,283.63925,4.68136,80.83191,31.30770,21.49070,0.63760
2022-01-04,350.92385,130.15017,301.03157,3.61614,84.39145,31.09675,22.03629,0.59510
2022-01-05,355.66976,111.20160,227.96251,4.38676,169.44810,30.42209,21.61953,0.64991
2022-01-06,327.25314,140.50990,237.68981,4.22418,158.67760,30.05895,21.20272,0.65090
2022-01-07,334.68507,155.29888,315.05658,3.04069,62.24876,30.56401,20.81097,0.65490
2022-01-08,346.46875,117.98124,290.58790,3.63872,61.27573,31.14884,21.58944,0.69640
2022-01-09,341.08630,75.29879,230.65230,3.40958,83.92451,31.20807,21.09218,0.72400
2022-01-10,358.46142,123.18944,288.62244,3.09199,93.73968,30.97931,21.58472,0.77580
2022-01-11,352.37030,132.72580,253.49198,1.38444,153.86343,30.72098,21.13615,0.76430
2022-01-12,344.85026,144.57900,265.75750,0.86214,158.77506,31.20302,21.12784,0.79260
2022-01-13,355.95049,139.36479,277.06629,1.25333,150.37894,31.45628,21.48824,0.66680
2022-01-14,363.65503,134.97449,311.61934,2.96562,85.72021,31.51482,21.82555,0.77842
2022-01-15,361.41601,106.94044,266.21297,2.73267,115.16264,31.41196,21.96070,0.71930
2022-01-16,340.48314,104.84813,204.71102,4.10006,103.07513,32.15002,21.58743,0.71870
2022-01-17,354.00577,127.17616,315.18245,3.26715,81.17728,32.01777,21.89911,0.73640
2022-01-18,362.50437,115.57318,337.42321,1.16841,123.08269,31.44463,21.50026,0.74060
2022-01-19,342.43469,118.91457,327.33085,2.51320,118.68434,32.07479,20.94214,0.72760
2022-01-20,352.12348,114.14298,330.42504,3.68587,114.78038,30.77204,21.32850,0.75280
2022-01-21,345.97256,189.07782,230.76039,4.79000,143.82918,30.32384,20.97660,0.76510
2022-01-22,341.30360,230.64571,192.26911,2.01056,107.26466,30.45282,20.80871,0.76070
2022-01-23,326.98073,145.72304,194.85552,1.94217,116.07255,30.80325,20.24778,0.71880
2022-01-24,342.83226,174.28067,198.56539,2.53058,99.68338,30.63880,19.60409,1.84520
2022-01-25,328.03698,160.04408,175.28096,1.41898,147.65422,30.94800,19.44314,1.83450
2022-01-26,323.77229,179.01358,189.33847,1.26334,99.59979,31.60531,19.56513,1.77350
2022-01-27,340.47529,216.99019,205.97416,1.60209,56.66084,31.61215,19.73086,1.72590
2022-01-28,343.25380,245.55141,198.99331,1.88291,42.19937,31.04507,20.53514,1.62040
2022-01-29,335.27600,264.68763,189.43020,1.84200,42.87227,31.59892,20.47052,1.71980
2022-01-30,330.62495,190.60973,169.79741,2.14963,70.32681,31.50666,20.36361,1.70350
2022-01-31,337.87067,267.76776,215.00942,1.96737,57.09697,31.22763,20.99934,1.72770
2022-02-01,347.97253,180.17339,218.44577,3.63127,147.09489,30.82602,21.62481,1.66360
2022-02-02,349.37964,167.33559,214.60722,3.50592,156.25609,29.97308,20.81778,1.62040
2022-02-03,344.32115,176.26952,210.22293,3.56031,149.57356,30.64741,20.79194,1.72210
2022-02-04,340.01963,214.55184,212.34111,1.53487,112.96460,31.18642,21.44443,1.66440
2022-02-05,343.96066,203.66847,211.60651,5.59289,43.73632,31.38118,21.71796,1.75420
2022-02-06,337.93760,154.33578,188.20184,5.44668,28.17308,31.12967,21.32172,1.76140
2022-02-07,315.37575,162.58972,194.86103,5.84315,153.47818,30.78160,21.89192,1.70150
2022-02-08,303.48728,185.33686,213.62901,4.61724,177.41821,30.39184,22.23398,1.71800
2022-02-09,316.15985,191.50605,218.11471,1.73050,156.47178,31.60108,21.70398,1.84810
2022-02-10,338.26641,190.06851,226.60030,1.90170,113.07353,31.49931,21.76101,1.85490
2022-02-11,336.31850,215.16028,233.82962,5.66694,45.03537,31.26655,21.78908,1.90960
2022-02-12,344.99303,161.44800,212.46570,6.05885,60.29387,30.62451,21.81892,1.82420
2022-02-13,330.51103,130.05369,129.95014,5.01884,118.57639,31.19089,22.36821,1.67090
2022-02-14,353.34494,205.74019,234.89063,3.11990,47.08986,31.33908,21.89166,1.80920
2022-02-15,354.50193,228.25491,253.79509,3.25028,17.89988,31.37872,22.52265,1.89190
2022-02-16,348.20510,221.19779,242.18784,5.19990,28.42580,30.66725,22.34726,1.89000
2022-02-17,345.85775,195.95737,244.57386,5.42828,49.19080,30.95441,23.09321,1.95580
2022-02-18,354.56070,166.53984,240.85324,5.16155,84.14171,31.42774,22.41768,2.00700
2022-02-19,351.43021,146.95548,227.80640,2.95074,68.12169,31.64931,22.65278,1.95810
2022-02-20,331.65994,119.16979,150.08771,5.51509,85.92255,31.35708,22.87792,1.92110
2022-02-21,333.79613,148.73325,237.88545,5.01759,76.48689,30.68815,22.71008,2.11860
2022-02-22,313.38347,167.57082,231.46278,4.44248,119.29964,30.14421,21.98629,2.15190
2022-02-23,317.58971,172.61157,240.12642,6.26789,95.24704,30.21761,21.58281,2.12654
2022-02-24,312.36782,171.75065,201.56618,2.83164,175.63347,31.31949,21.34572,2.04380
2022-02-25,328.32305,199.90035,223.65867,3.36073,109.96315,31.82809,21.65566,2.10020
2022-02-26,337.24841,198.43191,230.34426,3.72525,37.61997,31.67491,22.20739,2.07330
2022-02-27,305.72673,165.00311,137.44896,5.10525,100.07456,31.22316,21.73566,2.00520
2022-02-28,337.09557,185.77617,230.55934,4.05861,81.37424,31.15719,21.59131,2.10120
2022-03-01,353.85066,229.74636,231.69259,2.31916,66.87287,31.48666,21.66942,2.16990
2022-03-02,341.21199,215.45386,209.27794,1.99262,123.17285,31.58433,22.08938,2.10970
2022-03-03,327.57810,237.25686,211.77098,2.06281,96.52977,31.83768,20.46913,2.13250
2022-03-04,334.01691,256.49237,212.77311,6.08270,39.96785,31.86919,21.15689,2.23090
2022-03-05,308.89551,257.75272,186.59467,6.27156,43.40377,31.58613,21.02880,2.22480
2022-03-06,263.27743,215.64546,154.49814,3.51522,80.06273,30.62052,20.80697,1.94010
2022-03-07,302.19173,248.42619,211.69290,5.98332,61.17000,30.80026,20.79330,1.82410
2022-03-08,300.48912,253.26188,214.45977,5.15551,79.02634,30.98823,20.91156,1.87220
2022-03-09,279.55808,250.49015,199.75288,2.82623,130.67814,30.83645,20.94933,1.78540
2022-03-10,247.57503,251.50167,207.51236,3.02757,159.13703,31.72764,20.55429,1.85900
2022-03-11,237.62805,251.33110,199.48288,5.36887,160.32216,32.04503,20.70042,2.15310
2022-03-12,245.42289,250.10028,210.68222,6.25954,93.16921,32.17745,20.11866,2.20580
2022-03-13,234.50077,236.35854,175.25917,5.09023,75.64329,31.99277,20.14889,2.17230
2022-03-14,252.84974,253.62071,232.32388,7.09957,107.07361,31.51271,20.52910,2.20360
2022-03-15,242.87894,308.52653,216.59546,6.88891,91.49000,31.54399,20.85633,2.15280
2022-03-16,254.80294,330.06020,240.33734,6.89070,44.03528,31.70482,20.28591,2.04850
2022-03-17,253.98567,324.44651,215.50371,5.36452,85.38538,31.07112,20.45341,2.16530
2022-03-18,273.42649,258.43071,169.05094,5.68252,178.73432,31.39657,20.63782,2.18260
2022-03-19,275.16521,212.05821,170.65542,6.72149,174.48423,31.71737,20.61295,2.17250
2022-03-20,257.92911,170.81668,117.88474,5.83839,183.80332,31.64951,20.48938,2.01260
2022-03-21,289.03517,230.54425,155.95162,5.99327,172.79292,31.53559,21.21872,1.99010
2022-03-22,303.85538,265.88479,157.08299,6.57628,143.85854,30.99987,21.62578,1.95890
2022-03-23,308.17571,249.26113,155.66519,6.64737,151.99113,31.03034,21.26191,1.92400
2022-03-24,314.66120,290.89738,155.98236,5.71567,97.55748,31.14384,20.93837,1.79650
2022-03-25,308.52519,303.03370,160.98446,7.24574,61.69680,30.55632,20.45372,1.86270
2022-03-26,267.26078,315.89455,138.59047,4.33927,69.12990,30.57602,19.95100,2.22940
2022-03-27,241.59758,241.84388,125.03849,8.14996,56.87708,30.66991,20.50359,2.19760
2022-03-28,241.28426,323.99082,178.15708,8.48595,27.12275,30.05486,21.65058,2.20747
2022-03-29,245.09478,283.36364,183.56052,4.47881,90.17279,29.64769,21.94716,2.20820
2022-03-30,233.45899,282.25662,174.84815,8.23203,84.29367,29.88849,21.10769,2.22240
2022-03-31,231.47009,236.87347,152.15308,5.84165,153.95989,29.64174,21.06617,2.20790
2022-04-01,236.43172,187.59432,127.63862,7.22711,189.64160,27.71027,20.43013,2.10620
2022-04-02,231.45308,201.75246,60.03306,8.52268,203.45832,28.34326,20.66676,1.90250
2022-04-03,201.57559,196.74992,59.58046,7.12058,160.22184,29.05949,20.77309,1.86930
2022-04-04,271.83044,237.09257,170.82660,7.93221,50.93459,29.55088,21.34044,2.10730
2022-04-05,275.32545,259.90482,184.39785,5.34965,63.62863,28.87634,22.10541,2.13510
2022-04-06,276.97143,283.18518,172.48931,7.56701,35.69830,28.59644,22.42653,2.03560
2022-04-07,268.16379,283.09615,130.39636,4.43999,106.91789,28.32139,22.61922,2.11360
2022-04-08,271.35974,305.38555,119.14207,6.09002,82.11934,28.26710,22.71863,2.09300
2022-04-09,229.17226,303.83651,67.38055,8.04392,121.13218,28.23084,23.05069,1.99720
2022-04-10,172.13585,286.67456,44.35775,8.14837,140.91437,27.90279,22.27407,1.87360
2022-04-11,246.36696,300.97030,90.35134,7.01599,139.29056,29.56029,22.38956,2.00100
2022-04-12,268.96290,313.91693,144.42251,4.83705,76.38502,29.94402,22.29319,2.06430
2022-04-13,275.27625,312.91932,162.06512,8.39885,49.34014,29.61680,22.42999,2.02640
2022-04-14,257.70044,316.06487,171.98518,9.65609,53.89341,28.72083,22.35713,2.12990
2022-04-15,263.88440,307.45380,172.78830,9.29489,41.92582,28.79798,22.68664,2.12810
2022-04-16,231.40583,296.07790,200.91246,8.73335,19.15573,28.20299,22.38779,2.14440
2022-04-17,214.64722,253.29708,133.67120,3.98551,107.39449,28.37929,20.81374,2.09380
2022-04-18,199.73228,278.81002,155.39133,6.63284,155.84003,28.53577,19.47498,2.07310
2022-04-19,216.50081,292.37128,250.55341,7.59142,64.32236,29.67776,18.87747,2.21670
2022-04-20,214.07009,286.57346,245.65313,8.14453,50.73085,30.27661,20.02221,2.23600
2022-04-21,223.39479,296.17437,242.36256,8.97460,42.42611,29.37442,20.31394,2.20450
2022-04-22,223.51197,307.51692,227.83603,9.43338,26.72229,28.54772,20.97191,2.04150
2022-04-23,206.58870,309.99476,130.58788,9.36393,59.71704,28.28549,23.30643,1.67290
2022-04-24,204.08086,313.75891,114.71097,9.44253,23.63897,28.49951,22.76483,2.09340
2022-04-25,208.84831,316.11511,210.71611,9.22392,24.87208,28.58802,23.14095,2.15010
2022-04-26,218.53290,308.82650,223.20346,9.20362,35.73742,28.04598,22.50320,2.19120
2022-04-27,215.06199,303.22404,193.85124,8.15006,74.92570,27.74623,21.90142,2.21110
2022-04-28,210.55119,329.91930,158.20826,9.10735,88.94005,27.79779,23.54145,2.18330
2022-04-29,196.71291,340.96149,108.86472,8.77287,125.20660,27.42277,24.19755,2.14000
2022-04-30,159.72861,320.55583,71.42964,7.48427,164.37873,28.27327,23.38668,2.04220
2022-05-01,113.38187,277.62876,32.02842,5.48741,134.80500,28.14827,23.45266,2.00530
2022-05-02,99.65470,257.91714,29.36629,5.53581,86.71510,29.49905,23.42482,2.01860
2022-05-03,117.19318,280.89927,37.88267,7.65569,47.19553,29.13602,23.12723,2.07680
2022-05-04,113.66957,284.38690,40.86325,6.83364,76.78336,29.46558,23.15231,2.04890
2022-05-05,175.72475,297.20958,73.00770,5.52504,105.48526,29.19722,23.30852,2.04540
2022-05-06,179.38015,295.84285,79.66688,5.89281,140.14658,28.87961,23.77235,2.06970
2022-05-07,171.71105,317.23368,67.39984,5.87529,121.90221,28.52891,24.01838,2.04100
2022-05-08,178.58137,288.60866,55.91601,7.83548,84.59088,28.30516,24.19436,2.12260
2022-05-09,212.43165,292.33898,120.74265,8.85270,98.69379,28.54816,23.78305,2.14010
2022-05-10,219.38001,301.36385,134.69810,9.71490,88.09650,28.35565,23.00053,2.07550
2022-05-11,222.70503,296.80171,177.74239,9.32148,57.49448,28.92709,23.49038,2.16690
2022-05-12,230.06670,286.44181,188.67266,8.86397,50.22018,28.33537,23.71771,2.09700
2022-05-13,247.94336,272.13097,217.29850,10.31316,18.85053,27.75045,23.47600,2.12640
2022-05-14,241.75275,267.12348,194.16780,8.45282,35.89819,27.93999,23.72435,2.08830
2022-05-15,225.88513,247.90243,130.14428,5.49051,47.10680,26.78828,22.79834,2.11280
2022-05-16,248.41026,258.58138,177.03768,9.87393,39.04579,26.84656,22.72565,2.13530
2022-05-17,253.39389,276.45086,202.74542,7.36277,27.84283,26.79027,22.74318,2.20860
2022-05-18,257.00356,281.88422,150.12490,10.42532,70.94653,26.83569,22.56297,2.23220
2022-05-19,214.21092,291.92051,49.52833,5.75631,171.57891,28.43160,21.64631,2.08910
2022-05-20,223.71463,284.05019,93.16483,10.66650,134.69520,28.04482,21.94953,2.13680
2022-05-21,231.20860,286.06584,145.26507,10.97750,35.44443,27.36327,22.79955,2.23220
2022-05-22,228.71919,273.06797,94.69206,8.18314,45.74929,26.75924,23.00087,2.13210
2022-05-23,267.10093,271.65650,153.93708,8.55901,61.48489,25.95243,22.92420,2.24040
2022-05-24,280.04939,281.55538,189.14593,9.44403,33.65060,26.00983,23.36968,2.25470
2022-05-25,278.84398,279.90365,212.53720,9.28816,20.95197,25.30814,23.46477,2.27510
2022-05-26,272.29108,260.89214,235.06957,10.81080,32.42772,25.01077,23.30305,2.27089
2022-05-27,269.28815,270.91185,228.88156,10.21640,37.10148,24.76751,23.26045,2.21930
2022-05-28,255.38882,267.45731,236.26075,10.40784,15.87660,24.52754,22.90152,2.24370
2022-05-29,234.64215,248.05101,148.46320,10.56426,58.99080,24.02189,22.81625,2.19340
2022-05-30,243.92339,291.89924,216.10907,10.33400,49.64700,25.27834,23.03767,2.23480
2022-05-31,261.79631,260.18405,246.64127,10.71981,55.68096,24.95351,23.53652,2.30900
2022-06-01,259.03456,268.46399,203.52875,10.51120,93.20368,24.73242,23.25635,2.35240
2022-06-02,242.33671,259.17689,194.21833,9.72540,127.86535,24.80267,23.49621,2.34270
2022-06-03,215.59219,245.45200,193.81940,10.80928,156.34484,25.02588,23.81804,2.20480
2022-06-04,214.83091,256.89841,153.95449,10.74219,147.87475,25.19135,24.06251,1.72030
2022-06-05,227.96124,227.37359,131.40014,10.66489,92.12498,25.08265,23.52909,2.06790
2022-06-06,250.08988,254.60138,202.63624,9.60461,84.18709,24.76954,23.78983,2.20080
2022-06-07,260.96649,252.10603,190.50752,9.16612,100.30690,25.12511,24.12276,2.18970
2022-06-08,275.98551,246.79058,234.87055,8.47373,41.39127,25.75495,23.94250,2.03380
2022-06-09,293.31094,222.34963,245.81118,10.74703,34.74774,25.55951,23.67944,2.05470
2022-06-10,289.60373,222.22609,225.72834,11.24520,66.24823,25.26711,23.38999,2.06550
2022-06-11,284.58952,211.40460,191.99208,10.69223,68.34604,26.30698,23.57811,2.00950
2022-06-12,267.28930,212.52381,82.90685,8.90291,90.85777,26.91541,23.41990,1.94120
2022-06-13,278.55127,237.63678,129.56299,7.98090,126.14044,26.12861,22.80510,1.95830
2022-06-14,302.15882,247.08657,149.25008,5.98039,107.30261,25.37922,22.99830,1.92730
2022-06-15,276.97380,241.91256,150.55810,9.88349,125.72442,25.43247,23.17096,1.97020
2022-06-16,284.74248,272.25194,131.55507,11.25184,112.15569,25.90107,23.54869,2.00930
2022-06-17,272.18501,229.09241,205.29617,11.92772,90.87243,25.94758,24.18990,2.02810
2022-06-18,274.31229,198.13184,157.95193,11.84640,136.05151,25.31626,24.82431,2.04380
2022-06-19,244.21317,197.27398,78.96375,11.52785,157.61078,25.24372,24.42225,2.03010
2022-06-20,282.75801,224.23679,220.92698,11.67704,67.19989,25.50721,23.45075,2.19130
2022-06-21,306.47395,189.88257,254.11256,8.27958,68.94124,25.57685,23.94394,2.09320
2022-06-22,314.13191,208.03543,233.47151,11.02830,78.65634,24.92465,24.00790,2.01340
2022-06-23,324.98287,237.05442,231.74427,11.35900,47.16520,24.41622,24.22093,2.09930
2022-06-24,328.90008,218.86223,208.12450,6.52059,85.48274,24.91589,23.94976,2.14640
2022-06-25,331.45823,211.71230,172.55090,9.42740,68.19301,25.55214,23.76251,2.18070
2022-06-26,293.22381,218.43367,96.35742,9.41123,81.83810,25.63684,24.18326,2.08820
2022-06-27,318.89256,235.50317,145.54991,9.93218,107.98601,25.00542,23.00861,2.16670
2022-06-28,330.28423,223.49389,172.24466,7.76757,114.24902,25.30286,23.23815,2.16400
2022-06-29,332.40966,236.69116,172.65128,10.53878,105.49570,25.47115,23.14602,1.78550
2022-06-30,335.91411,228.77256,181.80491,11.61161,102.76112,24.62664,23.58696,2.20190
2022-07-01,319.26162,232.30119,165.35214,8.46998,141.93542,24.33105,22.73221,2.16150
2022-07-02,304.13589,207.17764,141.58091,12.36521,165.71217,23.83219,21.81110,2.00920
2022-07-03,256.46757,201.17148,69.34288,12.48272,187.88345,23.84736,22.53279,1.91430
2022-07-04,300.69121,182.63414,182.92165,12.55843,163.13193,24.54674,23.02817,2.03940
2022-07-05,319.53155,187.33088,205.39229,12.53122,147.78784,24.81145,22.97238,2.01260
2022-07-06,325.77833,185.91057,241.78170,12.51422,113.91569,25.21048,22.93319,2.05140
2022-07-07,329.84534,187.97254,229.11458,11.95363,111.10679,24.77192,23.11205,2.04250
2022-07-08,279.66679,184.41109,121.97516,11.82867,106.32451,25.07992,23.66924,1.99340
2022-07-09,203.50257,194.09169,55.78353,11.88993,103.87020,25.99152,23.22957,1.99810
2022-07-10,176.86103,199.86969,61.60368,11.18254,121.48829,26.15403,22.98387,2.03830
2022-07-11,199.35483,189.49990,91.15190,11.66799,106.88086,25.69416,23.37062,2.15170
2022-07-12,237.61326,192.92826,65.51790,12.07961,119.14099,25.45142,23.91471,2.08110
2022-07-13,284.91068,180.87812,115.41026,12.04239,131.25496,25.51355,23.40266,2.17800
2022-07-14,299.98591,178.60393,92.99949,11.85178,178.37151,24.75984,23.70925,2.13740
2022-07-15,294.98587,216.57024,77.50809,12.17886,152.61564,24.79997,23.56470,2.11180
2022-07-16,314.07686,201.42939,105.68887,12.19112,131.96196,24.61053,23.73131,2.18650
2022-07-17,290.97512,194.88597,79.25103,12.01912,161.78885,24.15477,23.69180,2.03350
2022-07-18,311.97716,182.46435,165.78816,11.13323,204.30262,24.14415,23.57174,2.06140
2022-07-19,327.07382,165.69250,203.11252,11.40105,192.47261,24.98222,23.97456,2.14940
2022-07-20,329.54194,158.35247,227.66452,12.10265,183.54173,24.72652,23.39750,2.18040
2022-07-21,336.23722,152.46244,280.27932,12.20738,135.41664,24.27641,23.66570,2.18080
2022-07-22,351.04488,166.97632,269.72492,12.03487,112.88603,23.75105,23.14253,2.19150
2022-07-23,348.86681,152.55726,236.83339,12.36672,126.31124,23.76166,22.30824,2.25650
2022-07-24,337.60632,155.57694,152.57082,12.44524,120.64530,23.25684,23.87796,2.19320
2022-07-25,348.05681,158.98320,267.08520,12.42360,114.77689,23.49737,24.24359,2.26590
2022-07-26,353.25973,161.26759,319.44439,12.06628,107.17295,23.78854,23.22044,2.29020
2022-07-27,355.22592,161.85693,339.50830,12.05468,85.73565,23.96112,23.06572,2.30150
2022-07-28,355.84505,161.58355,324.73283,12.04712,106.68663,24.17354,23.92296,2.29180
2022-07-29,347.01301,169.26361,302.63674,12.09554,130.93884,24.30864,23.57611,2.29410
2022-07-30,356.32671,170.25992,261.37667,11.76040,115.25648,24.20985,23.56448,2.29980
2022-07-31,356.05117,166.27679,195.01764,11.98486,89.39173,24.45269,23.27615,2.23740
2022-08-01,357.87363,157.04302,305.45805,11.85515,105.42878,23.82457,22.34037,2.26950
2022-08-02,350.68177,162.52288,314.83511,11.57921,124.49451,23.94637,22.28700,2.26490
2022-08-03,349.41611,201.55880,256.10897,11.33163,154.51224,23.93216,22.08085,2.26270
2022-08-04,346.06461,201.10721,278.37977,11.12696,139.74955,24.15058,22.32504,2.27710
2022-08-05,338.34732,191.50159,286.24903,11.53167,139.90524,24.25350,22.89052,2.29130
2022-08-06,327.49892,164.22286,265.59690,11.38060,150.72406,24.28359,22.55520,2.29530
2022-08-07,311.77726,152.62265,165.40354,11.39372,165.82271,24.12931,23.38751,2.19370
2022-08-08,317.87921,195.98572,247.72829,11.49660,156.82658,24.30100,22.54585,2.23540
2022-08-09,310.95079,181.08124,312.86732,11.60145,139.10146,24.30774,23.81010,2.28590
2022-08-10,308.75037,177.80379,300.52384,11.27880,157.17818,23.34034,23.33163,2.30080
2022-08-11,314.40828,179.27163,278.58732,11.12742,162.06465,23.21287,22.99222,2.24490
2022-08-12,331.60076,183.40018,290.08361,11.42353,123.46597,23.14466,23.18173,2.29070
2022-08-13,336.96649,172.76376,296.56595,11.40781,77.01622,23.89517,22.61793,2.27570
2022-08-14,336.65307,159.78957,243.75545,11.28738,44.12144,24.81038,22.41926,2.28210
2022-08-15,331.60644,179.26499,329.58993,11.55958,43.60183,25.49804,22.79648,2.25270
2022-08-16,341.02174,196.43631,345.65692,11.49414,31.57926,25.05942,21.79228,2.21180
2022-08-17,341.52116,194.54926,354.70039,11.37186,44.63736,24.20603,21.74015,2.20260
2022-08-18,341.84280,177.40744,332.13529,11.16810,99.05810,22.96538,22.06334,2.22690
2022-08-19,345.16470,170.38955,329.43093,11.22348,98.70567,23.16587,22.41400,2.22990
2022-08-20,345.43405,183.39507,285.27684,11.14440,77.99767,23.96103,22.19255,2.20120
2022-08-21,341.42307,141.06940,254.21955,10.59147,59.51011,24.38383,22.22586,2.13880
2022-08-22,337.84927,180.91283,356.08104,10.75105,49.57774,24.60458,22.50604,2.11230
2022-08-23,331.40403,176.04553,391.83907,10.79712,44.28890,25.02084,22.76711,2.17250
2022-08-24,317.18958,158.34523,387.82307,10.64801,71.89396,25.71996,22.65400,2.20390
2022-08-25,309.37378,167.78083,387.95597,11.02611,37.64316,25.62858,22.23532,2.16780
2022-08-26,302.53453,183.55072,380.72109,10.97476,28.04529,25.38564,22.32805,2.18220
2022-08-27,306.46155,180.09005,339.62703,11.02246,18.19793,25.53267,22.32354,2.24310
2022-08-28,324.02172,140.28674,253.70222,11.05744,35.44241,25.17579,22.47270,2.17710
2022-08-29,333.38973,162.76428,303.81328,11.13674,60.00841,24.54091,21.90494,2.19350
2022-08-30,339.43384,157.35865,274.26619,11.09293,68.31414,24.75081,21.31631,2.17400
2022-08-31,357.55846,169.05659,329.41788,10.93163,48.04631,24.89426,20.52562,2.03520
2022-09-01,350.18936,166.60742,342.88339,10.62407,59.09360,24.64520,19.87130,2.19900
2022-09-02,347.76705,189.78067,337.37900,10.97674,43.06725,24.60824,19.98556,2.22420
2022-09-03,348.73103,150.32331,316.38042,10.69337,44.58856,24.54775,20.69489,2.23130
2022-09-04,323.69645,149.77717,151.13501,10.33643,124.37160,24.40854,20.91855,2.09290
2022-09-05,305.89496,166.66432,193.14353,10.45774,186.87720,24.59242,20.90532,1.64090
2022-09-06,312.32676,139.63067,204.20292,10.69294,198.06939,25.22747,20.91215,1.39480
2022-09-07,321.53372,143.47959,201.70586,11.36970,170.88069,25.61763,21.44959,1.36690
2022-09-08,333.45147,142.41196,258.95640,11.42792,95.54438,25.85002,22.08380,1.37210
2022-09-09,338.51838,147.30336,302.71221,10.95226,36.17327,26.00602,22.85268,1.42330
2022-09-10,335.33469,152.49086,286.73033,10.96287,16.28479,25.67839,23.29244,1.39430
2022-09-11,331.95976,151.33532,196.13774,10.76366,28.79514,25.16020,23.36979,1.41280
2022-09-12,327.29528,153.19382,257.30259,10.37077,75.76101,25.49119,22.17722,1.61750
2022-09-13,334.88303,132.57992,270.97581,9.50915,84.05635,26.04061,21.84573,2.02710
2022-09-14,340.43177,120.80712,291.30511,10.66286,53.12611,26.28500,22.60883,2.12240
2022-09-15,343.95847,115.56898,307.51455,10.59967,38.45695,26.26585,23.02665,2.14630
2022-09-16,348.38388,128.36025,282.67243,10.40748,54.41105,25.86827,23.46150,2.19410
2022-09-17,351.74466,124.15243,244.39569,10.03826,59.58962,25.76538,23.06327,2.21180
2022-09-18,329.25347,118.74259,154.65521,10.21053,83.27514,25.49418,23.02719,2.11920
2022-09-19,326.93032,118.96823,264.96862,9.90462,72.80878,25.79809,22.80529,2.14390
2022-09-20,332.52632,102.07525,301.05804,10.20321,65.70413,26.15922,23.24782,2.23840
2022-09-21,332.74261,85.11979,260.79731,9.49562,116.20409,26.22676,23.34378,2.19980
2022-09-22,325.24548,103.95538,233.60587,8.36826,113.77138,27.26522,23.33493,2.18780
2022-09-23,338.24656,108.97181,228.88415,9.45327,77.35124,27.92911,23.13712,2.13100
2022-09-24,349.37977,120.20205,197.83888,8.64043,50.36015,28.03534,23.41761,2.12590
2022-09-25,328.79358,119.59641,141.12232,11.50010,22.13979,27.70855,23.30137,2.07600
2022-09-26,339.80782,114.93810,224.84309,11.20393,41.19169,27.24218,23.82732,1.91620
2022-09-27,330.89166,115.00485,165.51636,11.22554,145.89091,26.64062,23.38125,2.15330
2022-09-28,332.74051,117.12686,196.90634,9.90784,130.27218,24.96851,23.23913,2.19950
2022-09-29,352.30221,113.26628,210.60909,9.22963,110.45451,22.97891,23.88142,2.24980
2022-09-30,362.57517,112.40454,258.21484,9.62569,51.88209,23.52345,23.45358,2.25390
2022-10-01,355.50837,94.69134,255.71448,10.17200,43.36642,24.21131,23.34848,2.19040
2022-10-02,339.57407,93.69916,105.29755,9.27687,121.41619,24.86193,22.54790,2.09050
2022-10-03,332.82411,113.71701,214.98116,10.03891,89.79718,26.52128,21.89143,2.16360
2022-10-04,339.91102,100.22202,235.45916,9.26892,104.31976,27.25339,21.38624,2.15360
2022-10-05,316.84931,98.76530,201.34571,9.62879,151.27935,27.04247,21.99076,1.86070
2022-10-06,331.07665,111.28432,148.65454,8.77720,175.86105,27.38374,21.81167,1.78000
2022-10-07,317.16774,103.26997,154.87457,6.11039,186.66117,27.08408,21.90752,2.08520
2022-10-08,307.41083,104.28334,182.10172,7.70479,124.01730,27.64769,22.04804,2.15510
2022-10-09,297.41793,98.53373,153.62026,5.90714,60.40353,27.93691,22.02882,2.06770
2022-10-10,334.78890,98.42943,196.96343,7.26340,87.83313,27.31351,21.13104,2.15230
2022-10-11,337.70415,103.45337,233.55471,10.17986,55.56010,27.34607,21.06591,2.11500
2022-10-12,346.04615,94.24451,214.36729,7.53403,88.48796,27.53910,20.59328,2.13400
2022-10-13,348.88754,99.29570,180.59908,9.46087,102.47949,27.71896,20.49757,2.12010
2022-10-14,337.42549,99.25049,198.52996,8.45818,90.76539,28.11921,21.07472,2.16280
2022-10-15,349.00714,87.69649,128.78809,6.90236,123.51439,27.96421,21.04330,2.10190
2022-10-16,295.05097,94.81237,38.16739,3.89006,177.43775,27.58825,20.52667,2.06100
2022-10-17,314.78557,100.79890,98.14586,4.43291,199.93419,27.15138,20.97732,2.10030
2022-10-18,354.46555,106.10313,105.51739,6.47000,174.61467,27.34694,21.27945,1.88610
2022-10-19,375.66607,110.74284,197.62085,4.78537,47.33003,27.78710,21.37034,2.10110
2022-10-20,380.22202,99.95031,141.16874,6.10078,112.44933,28.30331,20.61990,2.05720
2022-10-21,362.51177,115.84570,94.46999,6.96880,153.02809,28.39139,21.17265,2.04180
2022-10-22,364.02058,142.67039,116.85499,9.61260,52.18244,29.20180,21.54371,2.03090
2022-10-23,337.66181,129.95011,82.18488,9.65714,38.69653,29.17721,21.81908,1.97660
2022-10-24,359.21338,125.27780,171.59411,8.79882,40.17017,28.28835,22.20730,2.03570
2022-10-25,360.68486,103.91463,221.26054,8.85827,23.62473,28.12826,21.82803,2.05450
2022-10-26,364.18925,95.77766,208.64163,8.59662,44.44792,28.18385,22.63765,2.05040
2022-10-27,377.76662,96.13411,143.60862,8.62035,100.58590,27.99447,22.66971,2.03080
2022-10-28,352.21164,102.76241,76.62556,9.03139,146.42422,27.88817,22.87715,1.99080
2022-10-29,311.08092,127.29011,36.87036,9.30644,129.57128,28.55712,23.33005,1.95860
2022-10-30,325.90866,122.21385,60.60756,8.92167,61.86978,29.37998,23.30008,2.04940
2022-10-31,378.43166,103.81628,154.34833,7.20378,57.64881,29.21197,23.36908,2.12610
2022-11-01,368.04343,109.72135,131.50935,8.57780,93.57865,28.72125,23.35672,2.01660
2022-11-02,361.53334,122.16503,176.16326,8.83030,48.10346,28.98340,23.71826,2.04060
2022-11-03,362.02008,114.91752,193.06341,8.46610,44.75100,28.60447,24.38728,2.00250
2022-11-04,363.62521,106.98870,215.36304,8.04999,21.71679,28.67473,24.73287,2.01980
2022-11-05,362.57745,113.98056,135.48685,7.89463,52.16170,28.58410,24.57298,1.97150
2022-11-06,344.08591,112.92664,70.04953,8.04633,58.95399,29.01916,24.11390,1.91930
2022-11-07,357.92654,105.77508,146.41808,4.41972,112.16380,29.49937,23.27792,1.96980
2022-11-08,368.75268,102.47525,173.21713,5.16855,103.94576,29.69530,22.70046,2.00600
2022-11-09,356.07348,99.64143,201.13890,3.78691,84.14790,29.40538,23.33339,2.01000
2022-11-10,372.21956,91.11371,220.71763,7.58531,50.52111,29.86512,23.05903,2.01500
2022-11-11,375.33725,86.28007,210.67899,6.88722,58.49792,29.72205,22.99552,1.79820
2022-11-12,364.11020,100.82329,130.62049,7.74184,91.62208,29.59325,23.91358,1.68160
2022-11-13,344.92176,108.90050,67.54394,8.16651,76.69160,29.70320,23.47004,1.56410
2022-11-14,366.22667,97.18270,156.79226,8.27105,94.89997,29.80648,24.07866,1.57530
2022-11-15,372.94714,99.08034,221.27071,7.76539,49.14381,29.93481,24.55387,1.61340
2022-11-16,384.27809,91.27748,229.09654,6.83291,60.08586,29.81538,24.02817,1.61720
2022-11-17,378.10813,105.53769,107.23321,6.26150,172.53276,29.23511,24.54600,1.54970
2022-11-18,369.25914,106.64482,107.68961,4.94494,187.21152,28.24742,24.15747,1.50960
2022-11-19,347.07821,112.58150,66.52815,5.88263,183.88988,27.57947,24.57765,1.38860
2022-11-20,300.75864,111.22331,28.17591,5.90304,182.15523,27.56478,24.34823,1.30270
2022-11-21,338.81720,93.75155,101.91422,4.23124,204.64453,27.33043,24.66974,1.36800
2022-11-22,376.55755,86.09516,179.84979,5.07238,106.88286,28.36683,23.45257,1.41460
2022-11-23,366.11117,92.17825,104.71675,7.09468,184.91278,28.80548,24.34410,1.42010
2022-11-24,385.92739,117.81894,201.35270,2.41867,74.54721,29.25369,24.11977,1.40760
2022-11-25,391.85653,100.69322,204.91713,2.40237,89.56302,29.75672,24.20582,1.41100
2022-11-26,378.95291,110.09831,163.81463,2.65224,90.37424,30.01934,24.45883,1.31590
2022-11-27,354.82816,118.97692,72.05708,5.56165,106.11219,30.37485,23.97704,1.30620
2022-11-28,380.95616,119.01101,176.16301,4.07642,96.40730,30.38545,24.87389,1.37070
2022-11-29,379.34949,107.13790,220.96556,4.72173,86.53784,30.05254,24.88364,1.41570
2022-11-30,388.21618,96.40501,221.67866,4.93434,80.67906,29.44026,24.43061,1.41590
2022-12-01,386.81527,86.85197,207.37069,3.48272,103.49307,28.68192,24.41925,1.51320
2022-12-02,375.28705,102.84445,230.78733,6.26168,60.12997,29.78462,24.92062,1.50850
2022-12-03,365.05399,99.09142,198.48338,6.93032,66.29497,29.79339,24.80581,1.50400
2022-12-04,351.57138,106.28662,106.85138,5.96105,76.90998,30.12867,25.25061,1.47160
2022-12-05,364.97733,117.05486,235.09295,5.54721,48.13903,30.15820,24.88063,1.49510
2022-12-06,357.15403,114.31709,284.70446,6.19873,32.88173,30.37575,25.03036,1.49680
2022-12-07,361.47118,106.89958,294.03033,4.22953,29.86927,30.89426,24.63206,1.49300
2022-12-08,375.39893,84.91649,253.04993,6.16997,81.24910,30.63574,24.70139,1.50200
2022-12-09,379.70899,105.19345,184.85751,6.52683,107.41338,29.93213,24.11041,1.50710
2022-12-10,382.46179,99.40567,94.98582,3.72164,177.29172,29.55928,24.46966,1.52410
2022-12-11,307.22936,118.54087,39.63044,2.23900,209.12471,28.53203,24.92884,1.51420
2022-12-12,355.05264,113.50284,169.23789,1.80043,141.34642,29.28992,24.12827,1.59920
2022-12-13,368.57050,103.30529,194.73553,5.01182,143.92843,29.68518,24.01919,1.60820
2022-12-14,379.23913,115.48141,256.92864,1.37818,70.54430,29.43377,24.22771,1.60533
2022-12-15,365.43205,98.30293,200.83769,4.85963,140.48307,29.92026,24.23166,1.63300
2022-12-16,372.29562,107.16671,203.39827,5.75039,94.61152,28.49523,24.72324,1.59980
2022-12-17,368.13541,111.40655,144.56975,5.77314,108.51538,29.74916,25.37717,1.57670
2022-12-18,365.17832,108.18390,107.46056,6.50540,69.89899,29.90288,25.51734,1.55530
2022-12-19,341.40713,128.56880,141.26845,2.22740,182.27602,30.27027,25.09329,1.58080
2022-12-20,347.50089,122.62928,172.67135,2.23280,179.18775,30.79361,24.99686,1.57500
2022-12-21,362.24081,103.78069,261.87309,3.39657,94.05621,31.05972,25.20592,1.58440
2022-12-22,367.00254,112.15288,309.26732,3.37234,31.64265,30.76876,25.00743,1.68630
2022-12-23,378.15297,102.58447,309.28546,2.05162,29.96541,30.78895,24.64959,1.63210
2022-12-24,382.53123,93.96185,265.78902,2.37888,22.72397,30.73259,24.78362,1.57220
2022-12-25,376.57845,100.80894,154.72914,2.77754,51.04943,30.71539,23.99282,1.54670
2022-12-26,373.58297,100.44047,248.57789,3.49594,68.15752,30.64398,24.25825,1.54080
2022-12-27,371.39343,94.52272,261.52128,6.64163,55.12867,30.84929,23.35200,1.54640
2022-12-28,388.20204,96.89492,249.38925,6.35570,47.10839,30.77304,22.28901,1.53470
2022-12-29,388.19152,113.64838,250.05218,6.66594,15.46988,30.88444,22.82163,1.54570
2022-12-30,366.67283,102.85610,234.00773,6.25508,36.26898,30.67533,24.25201,1.55220
2022-12-31,365.05859,93.10357,189.20597,6.90690,20.73333,30.58753,25.12922,1.54970
2023-01-01,348.91180,101.42785,89.39658,5.50370,35.74622,30.79635,24.80874,1.55980
2023-01-02,382.64914,98.32760,237.74747,5.76363,26.36223,30.92533,24.24718,1.55370
2023-01-03,384.14026,85.57839,285.80973,5.33373,34.58525,30.94692,23.61446,1.51870
2023-01-04,365.87625,84.85028,285.45475,4.82915,63.51733,30.76535,24.32903,1.53130
2023-01-05,362.02087,84.03898,298.59647,4.44739,53.08985,30.57189,24.08033,1.64600
2023-01-06,370.55787,80.33195,299.59107,6.63031,45.59651,30.73150,24.22748,1.62710
2023-01-07,368.12808,99.02772,256.33628,3.97830,34.11422,30.96569,24.20879,1.64660
2023-01-08,356.01816,104.11055,179.40240,2.66080,34.11878,31.13217,25.04292,1.63520
2023-01-09,366.97156,113.01028,263.63732,3.84235,54.07752,31.21537,24.59067,1.66490
2023-01-10,365.66554,105.73900,168.97505,6.90847,184.81022,30.14340,24.22067,1.68180
2023-01-11,372.38111,96.03538,246.91988,3.55976,121.85970,30.20660,24.42860,1.65890
2023-01-12,377.93825,95.93880,297.00354,3.31977,67.56965,30.21189,24.61824,1.67120
2023-01-13,373.89426,99.62917,270.60450,5.08205,93.74180,30.85215,23.89774,1.66100
2023-01-14,378.35992,100.25941,241.81519,6.77917,59.18686,30.94075,23.72951,1.64830
2023-01-15,374.80986,84.55336,166.23164,4.18747,51.83449,30.79322,24.00794,1.64770
2023-01-16,375.54638,103.93078,263.31321,7.20727,58.80316,31.01872,24.07739,1.69880
2023-01-17,377.36803,99.59917,136.26407,6.24407,208.57707,29.01958,24.61735,1.70120
2023-01-18,369.75031,102.28259,114.15379,8.00749,211.27301,27.98150,24.91084,1.70640
2023-01-19,372.63896,105.07750,123.00774,8.14477,179.10847,28.54600,24.69062,1.69760
2023-01-20,372.11907,98.49119,112.12533,8.40186,191.64455,29.62747,24.61905,1.71880
2023-01-21,348.43637,109.65260,138.24966,8.09803,127.08801,30.06616,25.18785,1.72300
2023-01-22,358.22807,93.63043,145.87922,8.09590,35.55330,30.17670,25.12822,1.69980
2023-01-23,362.76505,79.07953,267.38246,8.30742,54.80939,30.61550,24.44823,1.72020
2023-01-24,358.84735,81.58804,272.26753,8.60241,84.32220,30.84187,24.96026,1.71640
2023-01-25,354.31132,90.20522,273.17160,8.35298,101.09472,30.86455,24.00865,1.72080
2023-01-26,357.57160,84.55653,273.80227,7.35288,94.35804,30.50002,24.94962,1.72600
2023-01-27,360.34165,92.94672,232.66422,5.05050,128.69801,30.20156,24.86641,1.75280
2023-01-28,365.99996,103.55382,229.24014,3.93552,71.96099,30.97938,25.43167,1.59700
2023-01-29,349.53005,76.58328,190.04989,5.91233,55.46736,31.00365,25.69223,1.66220
2023-01-30,360.06420,96.23510,310.78174,4.28755,53.35517,30.87872,24.47573,1.68810
2023-01-31,370.41806,91.59854,335.64775,3.26484,50.67783,31.17819,24.72607,1.73680
2023-02-01,377.42266,79.42501,311.15615,3.86628,93.07171,30.45091,24.31717,1.71046
2023-02-02,389.25577,75.26565,285.06902,9.30780,85.77807,30.93205,23.55464,1.58677
2023-02-03,379.03212,80.06303,316.65950,8.83926,60.09723,30.89845,24.87760,1.43877
2023-02-04,372.24128,95.80659,270.48412,4.58997,72.22098,30.90470,24.72879,1.33032
2023-02-05,377.08168,81.91327,133.75361,3.98806,130.64477,30.87886,24.77993,0.81588
2023-02-06,297.64583,103.14775,196.56738,2.04043,162.51560,30.92588,20.92157,0.81615
2023-02-07,307.38474,79.74437,212.71136,5.56152,168.62321,31.15134,20.55762,0.81139
2023-02-08,325.07518,107.28701,198.32109,6.93064,152.70846,31.13535,21.30383,0.81193
2023-02-09,330.77008,72.37742,254.68157,6.95424,128.95760,31.10988,21.24960,0.79198
2023-02-10,323.22429,79.76515,262.98986,7.98128,111.45833,31.15953,22.05247,0.77449
2023-02-11,317.97521,71.31269,247.42810,8.98158,86.63085,31.00379,22.68398,0.75836
2023-02-12,312.34931,68.57236,199.35153,9.60459,50.08775,31.13541,22.58968,0.76552
2023-02-13,323.02655,88.16564,233.20443,9.04025,121.82951,30.36657,22.18286,0.73648
2023-02-14,319.29419,71.84712,332.58673,7.27342,64.56415,30.53815,22.77265,0.75332
2023-02-15,324.91599,86.01747,265.65997,7.34075,136.76495,30.40979,22.75379,0.75562
2023-02-16,319.82372,88.07985,337.54736,9.73177,56.49958,30.39598,22.73091,0.78512
2023-02-17,314.74026,74.48074,312.38998,11.95010,73.44389,30.26970,22.36314,0.78826
2023-02-18,317.19483,69.80428,216.35632,11.84688,110.21240,29.95048,22.90045,0.78461
2023-02-19,299.71433,88.60567,100.82562,10.16049,136.50707,30.05855,23.36597,0.78141
2023-02-20,323.26737,87.09001,262.88308,9.11324,85.96596,29.92760,22.83455,0.78413
2023-02-21,336.74257,73.74851,254.91892,10.37591,91.35689,30.27902,23.04560,0.81516
2023-02-22,337.50981,86.42862,298.72208,12.28719,36.84639,30.03495,22.63506,0.83054
2023-02-23,347.20162,82.65654,308.94303,11.46733,29.41217,29.54156,22.78807,0.82163
2023-02-24,326.34498,95.52259,301.86275,11.25515,31.27178,30.09355,22.34692,0.96945
2023-02-25,315.65041,89.25867,156.64080,9.87433,149.86929,29.98825,22.99660,1.19587
2023-02-26,267.30858,102.72390,47.26635,11.52479,201.50452,29.46305,23.08733,1.12823
2023-02-27,320.00768,107.55239,152.88156,9.45326,157.94388,28.30006,23.37181,1.13563
2023-02-28,341.74581,108.37987,255.31888,9.90457,59.94401,28.28047,23.19212,1.19560
2023-03-01,325.86791,111.18528,240.78281,10.16923,77.36625,28.31275,22.96646,1.09380
2023-03-02,315.97151,109.31190,265.68985,8.47186,75.17569,29.20151,23.22704,1.03680
2023-03-03,321.28617,112.82784,281.71258,9.29291,42.40581,29.31554,23.29588,1.15850
2023-03-04,321.44045,126.26720,223.66915,9.78209,53.99325,30.58526,23.51136,1.18780
2023-03-05,328.96820,159.86345,104.05131,5.80611,66.28547,30.04961,22.94690,1.18220
2023-03-06,331.56612,146.48326,216.13999,8.43825,53.01467,29.56713,23.00026,1.19270
2023-03-07,330.20358,143.75800,170.79267,9.67273,121.86757,29.10170,24.01369,1.16560
2023-03-08,320.67097,127.33418,195.25501,10.71167,120.85025,28.37025,24.06873,1.02270
2023-03-09,322.42313,127.13878,163.35882,11.31037,138.14309,28.28359,24.46352,1.20230
2023-03-10,316.09056,147.37247,125.73558,11.92960,159.88824,28.61535,24.17231,1.11760
2023-03-11,293.23916,140.25953,72.34830,9.70763,213.86513,28.98953,24.12328,1.21010
2023-03-12,292.65424,159.86885,60.45337,3.29938,132.53634,29.97206,23.39873,1.20240
2023-03-13,285.60336,163.73006,141.84454,2.11192,194.94583,29.70897,22.83529,1.22200
2023-03-14,301.81194,173.92126,211.88876,5.11076,95.95001,29.77068,22.63990,1.17370
2023-03-15,310.31412,196.68255,191.86060,5.78229,61.90184,29.42216,23.16369,1.19200
2023-03-16,308.53791,214.04346,166.57849,9.00112,79.55044,29.49039,23.48264,1.07610
2023-03-17,288.36309,242.64916,84.77142,2.96557,179.18482,29.76729,23.09815,0.83960
2023-03-18,289.51809,247.94519,52.97703,4.32526,158.65813,30.41604,23.50466,1.05190
2023-03-19,253.65405,228.59985,34.35317,2.75300,160.60630,29.59503,24.14613,1.07710
2023-03-20,311.18088,208.98122,156.17685,7.82323,70.51753,29.54061,23.01975,1.07150
2023-03-21,320.28981,190.60953,189.00729,11.14582,37.99346,29.38780,23.55637,1.22250
2023-03-22,310.43927,195.20616,220.65256,6.88431,46.49223,29.01949,23.61980,1.32880
2023-03-23,308.28410,190.96215,217.93245,10.09789,42.44561,29.14345,23.46112,1.52080
2023-03-24,304.13547,172.74563,216.47079,10.97453,33.15215,29.32674,22.78875,1.65310
2023-03-25,298.86281,176.28918,189.25819,12.41726,23.27696,29.23218,22.94030,1.79600
2023-03-26,292.11283,161.32408,120.81645,12.34365,27.20562,29.36006,23.34606,1.90270
2023-03-27,291.94233,153.29403,105.03998,13.22234,130.85344,28.59554,23.06732,2.01950
2023-03-28,300.43272,180.08592,108.18987,11.81176,150.13961,28.78983,23.33844,2.07390
2023-03-29,290.43144,223.03723,145.24207,5.76054,126.53889,29.56634,23.80153,2.10420
2023-03-30,284.38692,207.50249,206.37171,8.78923,58.86175,29.76483,24.10524,2.10890
2023-03-31,293.11322,184.83744,163.85561,12.09385,101.81473,29.51999,23.90343,1.97230
2023-04-01,248.74841,173.87765,95.05739,11.17369,174.15450,28.56113,23.26124,1.89320
2023-04-02,235.88241,186.75553,71.22267,8.96739,141.28836,27.94919,23.41771,1.95890
2023-04-03,259.56627,170.36648,159.17437,13.33283,109.45471,27.21031,23.33279,2.10260
2023-04-04,266.78127,172.99971,166.60374,11.21127,118.63758,28.05261,23.40674,2.09990
2023-04-05,260.86327,189.92937,218.39566,10.75279,70.77897,28.99091,23.92795,2.05540
2023-04-06,261.35870,198.79186,242.42555,10.24953,47.84304,29.59937,23.64992,2.07920
2023-04-07,262.58479,201.40108,255.34208,6.10829,45.08552,29.30092,24.32144,2.07170
2023-04-08,249.50442,222.68885,193.55136,9.33532,35.39400,29.35317,24.91658,2.06860
2023-04-09,229.65562,210.41082,98.98787,9.36841,85.76798,28.67343,25.03052,1.97300
2023-04-10,238.32632,251.21387,144.97921,9.42317,116.39969,29.36859,24.52933,2.04700
2023-04-11,241.12450,255.04697,183.61268,9.75509,85.23474,30.13009,24.09835,2.06990
2023-04-12,238.51917,269.88050,201.55375,9.49686,51.72867,29.87730,24.76880,2.07980
2023-04-13,239.00010,292.60248,163.74983,8.40667,53.70419,29.19767,24.13073,2.06860
2023-04-14,209.47914,281.68453,74.45503,14.13356,146.31591,28.65558,23.39247,1.96550
2023-04-15,198.45778,311.50148,51.83706,14.32846,118.96947,28.52387,23.43129,1.95290
2023-04-16,202.85589,294.86545,53.41762,12.37873,54.67951,28.77974,24.12341,1.99390
2023-04-17,235.27599,278.34749,110.51802,11.62083,53.89621,28.50614,24.65413,2.08600
2023-04-18,247.46861,279.49126,105.16736,11.49548,74.45253,28.41171,24.84268,2.07810
2023-04-19,230.80153,264.24554,132.57503,12.49463,49.50211,29.41150,25.08427,2.10738
2023-04-20,199.10001,254.71063,68.26427,12.91817,35.83656,29.56003,25.02042,2.13965
2023-04-21,169.04572,223.39953,25.85692,12.72953,27.54818,29.32911,24.49950,2.04779
2023-04-22,163.19438,226.92202,20.54644,12.87016,36.48567,29.08188,24.25227,2.06345
2023-04-23,157.42432,251.15942,22.15896,10.05537,65.12784,29.57560,24.14744,1.99730
2023-04-24,217.61868,299.15544,111.20579,10.74738,30.07042,29.39372,24.17046,2.01193
2023-04-25,236.94063,263.49267,117.11779,12.99540,86.02819,28.14470,23.36125,2.13036
2023-04-26,232.77942,272.84552,119.29757,11.55623,108.30113,28.14513,23.78997,2.07512
2023-04-27,242.36936,282.63292,118.70395,8.67168,117.53357,28.85622,23.92762,2.08506
2023-04-28,253.16477,254.50717,118.87007,8.89903,125.09195,29.79720,24.33841,2.04884
2023-04-29,240.28520,283.39276,112.53935,6.76432,85.65156,30.03205,25.01417,2.06871
2023-04-30,224.31704,272.08060,77.88622,11.30182,37.27170,29.65300,24.41204,1.98584
2023-05-01,218.61642,271.84301,83.95539,14.93555,43.83178,28.81765,23.90308,2.08549
2023-05-02,232.32598,264.00076,145.01369,14.97619,63.80120,28.08255,23.80616,2.02228
2023-05-03,238.22104,244.46343,169.34784,14.91029,71.91189,27.06866,24.33913,2.13216
2023-05-04,230.32348,243.25656,225.68133,11.80114,42.40646,28.12061,24.28023,2.13563
2023-05-05,215.15935,214.22066,178.33303,11.32382,138.85538,28.63622,24.79379,2.18357
2023-05-06,220.71966,241.20861,66.26585,13.18938,179.97907,28.65758,24.77412,2.16724
2023-05-07,215.74170,230.15253,59.99463,12.34449,120.86375,28.34372,25.24613,2.18203
2023-05-08,244.18071,232.19962,197.72410,13.58695,60.72005,25.60202,25.56568,2.18777
2023-05-09,256.45908,225.40863,156.66406,13.64026,115.38100,26.49774,25.40724,2.18100
2023-05-10,268.59296,229.81480,167.12115,11.61225,112.61668,27.22591,24.79204,2.22167
2023-05-11,251.08710,231.74207,174.92881,10.92122,122.22198,27.57934,24.68316,2.20769
2023-05-12,252.57317,227.34190,192.10342,7.24228,117.46843,28.45208,24.57163,2.22774
2023-05-13,243.07901,250.47776,159.31936,10.42873,72.52968,28.31118,25.18701,2.19034
2023-05-14,221.22366,216.97657,100.47960,14.25083,53.23532,27.97340,25.49954,2.10467
2023-05-15,244.89644,239.27988,204.55368,15.02292,30.10540,26.56377,24.20528,2.03259
2023-05-16,230.63375,240.16858,244.71733,15.37290,37.57173,25.62317,23.92563,2.19560
2023-05-17,226.92689,238.25970,251.50214,13.21189,49.45028,26.78946,23.55742,2.18799
2023-05-18,234.33076,230.07401,233.34810,14.90076,60.03139,27.95835,23.74416,2.18968
2023-05-19,238.05993,252.60803,142.24140,12.88894,69.97919,28.05977,23.92093,2.19178
2023-05-20,238.02670,237.23350,101.34590,8.65561,97.23546,27.60609,23.00415,2.08548
2023-05-21,229.94060,235.07374,87.02134,11.39761,53.44124,27.46844,23.30682,2.04094
2023-05-22,254.27022,265.75211,122.38419,8.15275,95.66252,27.96789,22.99701,2.12798
2023-05-23,277.69708,257.57613,159.74685,10.64526,64.74337,28.59918,21.42112,2.08848
2023-05-24,275.79228,252.60826,205.87601,13.42148,23.65161,28.17960,21.64152,2.21742
2023-05-25,284.58795,244.76536,185.30460,14.70876,29.50628,27.69748,22.04247,2.09059
2023-05-26,282.14450,241.36016,160.53341,13.63070,51.01033,27.03524,22.84457,2.21929
2023-05-27,283.08378,255.99809,92.01723,11.33503,77.67240,26.94570,23.86771,2.21389
2023-05-28,239.05504,228.02240,36.33617,6.24435,110.38162,27.45339,24.59350,2.11984
2023-05-29,292.08871,236.07485,100.42092,12.43505,90.96980,27.93628,24.09258,2.14049
2023-05-30,315.20726,246.90631,146.31098,10.82464,45.20576,27.86444,23.48885,2.11474
2023-05-31,315.91751,251.08205,144.97922,12.00713,34.03245,27.98711,23.73190,1.84792
2023-06-01,293.18246,279.17819,108.99309,13.04105,57.10833,27.23519,23.70262,1.86350
2023-06-02,310.33245,250.37535,128.62157,8.46965,48.93378,27.78569,24.18432,1.92585
2023-06-03,305.10092,266.98592,57.27151,12.45201,68.48066,27.26748,24.50352,2.15117
2023-06-04,248.68538,232.73270,29.07805,9.42538,106.68554,27.16459,23.54228,2.10849
2023-06-05,278.93049,260.67775,45.85492,9.29139,129.86848,26.56076,23.42710,1.96195
2023-06-06,288.54621,255.00539,80.57162,12.06168,107.33508,25.67134,23.73703,1.78153
2023-06-07,299.37668,250.46131,103.41568,16.49072,81.30260,25.79849,22.97774,1.80231
2023-06-08,318.21229,254.59154,106.19090,12.82674,70.91636,26.37707,22.44255,1.83897
2023-06-09,329.44255,257.63227,117.30676,14.67757,48.12056,26.60248,22.48085,2.24377
2023-06-10,315.49258,248.21440,100.84452,14.82593,41.31261,26.25370,22.95057,2.30593
2023-06-11,300.73677,223.93610,49.82427,11.25427,53.58393,26.07120,22.22987,2.20736
2023-06-12,313.85062,237.42622,98.33988,7.95893,90.74328,26.51519,21.86265,2.27703
2023-06-13,293.26005,239.39488,119.24802,11.18183,76.59108,26.50877,22.12522,2.35459
2023-06-14,319.10731,258.61287,109.57461,10.58405,67.96438,26.39387,23.38383,2.38391
2023-06-15,325.05338,279.05330,110.20854,14.59175,49.10642,25.20289,22.25138,2.41596
2023-06-16,328.76721,280.18650,93.14648,13.59315,65.23973,24.49119,22.24310,2.40381
2023-06-17,326.56517,266.94876,65.09494,15.03707,62.74600,26.42970,22.88014,2.34135
2023-06-18,307.61903,240.89603,30.45484,15.82342,64.50835,27.58455,23.84405,2.25388
2023-06-19,336.65635,265.38663,68.58122,13.40893,82.48253,26.17582,23.76640,2.18151
2023-06-20,353.49877,259.67632,87.39179,13.49156,74.69413,25.54419,25.02202,2.28192
2023-06-21,349.41736,256.33806,82.26731,11.54179,92.71699,25.35502,25.19004,2.25145
2023-06-22,318.82243,272.54920,65.46724,16.21157,126.54604,24.48192,24.92679,2.15593
2023-06-23,330.20335,263.72653,80.73995,16.16595,101.28157,24.39243,25.14418,2.23739
2023-06-24,327.84855,265.22629,80.22869,16.66200,59.79691,25.23613,25.73900,2.25584
2023-06-25,296.06049,250.99072,77.72675,16.57305,40.82990,25.07731,25.66399,2.28408
2023-06-26,306.73385,227.30876,80.38952,16.04682,65.86178,24.69941,24.10129,2.37879
2023-06-27,242.17997,226.21536,27.59950,15.72877,112.44299,24.79273,24.60730,2.22098
2023-06-28,206.41559,207.91173,35.08645,15.58868,58.54324,25.28617,23.94721,2.19678
2023-06-29,211.49058,207.50230,40.40365,15.27508,71.73619,25.42972,23.26966,2.25329
2023-06-30,217.12205,225.15454,35.58633,15.39963,81.36521,25.20241,22.47128,2.22502
2023-07-01,261.75758,216.68566,53.76755,16.48751,41.15478,25.48034,22.53932,2.19772
2023-07-02,283.75970,228.90646,75.32847,16.36815,27.43987,25.05417,22.75807,2.19595
2023-07-03,337.73763,228.31815,196.63342,16.03581,44.11339,24.69627,23.36263,2.22070
2023-07-04,364.21307,188.34227,235.46974,15.86981,72.33185,24.02002,22.37757,2.29445
2023-07-05,363.17519,196.45603,219.02475,16.07507,100.07071,23.59268,23.27251,2.26278
2023-07-06,367.73558,195.28765,234.11700,15.94530,98.71716,24.48789,23.79820,2.23732
2023-07-07,364.57464,192.12132,239.05690,15.51736,100.12410,23.93815,23.97262,2.26872
2023-07-08,371.24016,194.90184,148.65796,13.30485,129.32412,23.76492,23.37001,2.25580
2023-07-09,324.28978,194.97783,50.32244,12.59125,156.45029,24.94257,23.81951,2.18143
2023-07-10,372.69624,203.36077,145.94874,9.24714,124.59568,24.77854,23.72288,2.24090
2023-07-11,387.98443,222.85496,182.40608,16.14987,75.35314,24.11522,24.24482,2.25647
2023-07-12,395.59131,225.92800,223.73227,16.19513,50.27272,23.55027,24.27009,2.26470
2023-07-13,384.50997,251.52494,232.39400,16.14380,60.02525,22.72707,23.91414,2.16452
2023-07-14,370.36849,234.69795,252.77676,16.27732,89.52572,22.18012,23.56204,2.26314
2023-07-15,364.46399,241.17844,122.84430,15.98564,136.38745,21.88317,23.57520,2.21362
2023-07-16,333.02152,208.93973,73.12491,16.46943,170.78049,22.68115,23.03665,2.17445
2023-07-17,363.74170,216.23128,172.72653,16.41516,161.76050,23.00285,23.31893,2.19174
2023-07-18,367.56049,215.57574,205.37722,16.48733,149.89890,23.00281,22.15570,2.19141
2023-07-19,363.45883,206.28764,240.11329,16.23081,137.36280,22.97354,22.26546,2.18009
2023-07-20,359.54216,233.89230,315.66381,16.18579,60.96817,22.82745,22.51894,2.17857
2023-07-21,366.51077,223.12812,317.39182,15.85724,70.67653,22.36682,22.84431,2.19941
2023-07-22,373.80906,205.07586,301.98824,15.92318,59.52814,22.41281,23.24164,2.18681
2023-07-23,358.64475,181.72540,225.14243,15.92292,82.78093,22.32500,23.76790,2.23994
2023-07-24,377.23461,190.77695,265.39020,14.93776,142.31492,22.32038,23.36794,2.28391
2023-07-25,373.94450,198.50362,307.02773,15.94027,96.24581,23.10612,22.83221,2.24227
2023-07-26,377.75605,227.84600,333.78267,15.75711,60.71772,22.83312,23.50859,2.23711
2023-07-27,376.02245,201.25478,313.26467,15.31887,104.43424,23.15056,23.74998,2.23746
2023-07-28,364.58952,195.67443,283.02098,14.82806,107.93208,24.09050,24.56490,2.18764
2023-07-29,361.57692,200.12560,218.69276,15.89099,112.21420,24.43683,25.05864,2.18833
2023-07-30,337.12285,190.32062,122.58753,16.14966,134.12137,24.17563,25.03444,2.20947
2023-07-31,361.13009,182.24636,275.27939,15.85288,102.19717,23.96137,24.73202,2.28105
2023-08-01,360.13402,197.55066,316.81924,15.47223,76.21463,23.15640,24.00274,2.32154
2023-08-02,364.33396,213.66148,346.02622,15.11849,30.88235,23.09848,24.23292,2.32969
2023-08-03,369.37730,211.80701,349.31005,15.13605,40.87782,23.37787,24.44773,2.16216
2023-08-04,366.06739,210.61113,332.05789,15.34258,72.02043,23.05669,24.61240,2.18037
2023-08-05,360.72834,190.49863,333.20451,15.48851,55.54823,23.20397,24.22370,2.32823
2023-08-06,360.06323,151.74825,209.81338,15.12875,113.21811,23.69245,24.38687,2.28754
2023-08-07,368.54417,205.09722,332.65405,15.08699,46.61486,23.27896,24.09412,2.25245
2023-08-08,364.47752,171.21138,308.82427,14.69034,129.31804,22.67017,23.96481,2.12565
2023-08-09,355.95723,156.08014,273.62540,14.64239,174.62921,22.61187,23.94157,1.96690
2023-08-10,359.12826,168.32283,345.02441,14.65115,85.64744,23.20315,24.10029,1.59696
2023-08-11,373.07096,157.86117,279.42352,14.45074,129.39250,22.95135,24.69891,2.03867
2023-08-12,366.91652,179.45656,176.35732,14.72950,157.60414,23.21348,24.96560,2.04756
2023-08-13,341.10951,154.05958,150.47995,13.06502,146.21200,23.75498,24.67855,2.05516
2023-08-14,374.85092,195.32715,273.45776,12.29774,117.23683,23.57337,23.76834,2.04722
2023-08-15,365.12361,210.78973,336.42969,13.16887,76.61284,23.33565,24.14203,2.07695
2023-08-16,363.12758,204.73616,352.31334,14.25261,78.54439,23.18911,24.88851,2.07947
2023-08-17,371.78348,188.72156,335.30618,14.17304,110.57904,22.98558,24.41420,2.08100
2023-08-18,358.35360,188.02419,330.82617,13.71762,120.51234,22.76451,24.03488,2.19228
2023-08-19,355.39356,155.36707,286.96406,14.14212,130.17981,22.96308,23.57186,2.18985
2023-08-20,331.31225,141.38417,207.44067,14.24211,147.56178,22.79722,22.82954,2.18746
2023-08-21,348.64762,167.50472,287.47641,14.44473,156.54435,21.96198,22.34395,2.18590
2023-08-22,343.95050,185.63133,316.49628,14.66387,144.56776,22.25311,22.94488,1.54203
2023-08-23,338.46466,186.11853,350.30673,14.70343,122.37567,22.55219,23.52754,1.53216
2023-08-24,343.98966,176.32909,367.03484,13.99212,107.50355,22.65868,23.40907,1.50022
2023-08-25,336.35170,157.31076,357.81204,13.72255,127.10455,23.35186,23.59183,1.84813
2023-08-26,358.10513,140.07567,284.16239,14.43474,132.04034,24.10479,24.94312,2.25927
2023-08-27,353.10528,141.18849,200.73106,13.99288,114.31429,24.87367,24.63432,2.26549
2023-08-28,353.31681,145.24650,325.28588,11.58458,92.46476,24.44416,24.54277,2.28627
2023-08-29,363.93038,155.24874,348.82906,13.74008,54.94046,24.25054,24.93828,2.29774
2023-08-30,367.87037,145.02593,308.51651,13.85496,46.70756,24.05205,25.03935,2.30061
2023-08-31,359.11199,168.35090,351.98226,13.65717,46.34611,24.50634,25.55097,2.30583
2023-09-01,360.83696,146.12258,359.42789,13.54439,64.88560,24.35715,25.15355,2.29797
2023-09-02,343.62069,132.42774,242.41197,12.49813,161.47727,24.47974,25.10367,2.25833
2023-09-03,326.31622,122.91045,136.89150,8.40913,185.33940,24.55347,25.46697,2.22209
2023-09-04,363.87782,142.36692,235.17198,8.00883,125.40134,25.20161,25.23214,2.26806
2023-09-05,372.69007,123.74857,263.32966,12.93955,119.27706,25.78578,25.42282,2.20714
2023-09-06,376.77936,120.49894,264.88685,13.64151,132.19843,25.09687,25.21237,2.24278
2023-09-07,376.22541,119.63758,251.07800,13.52373,150.38328,24.73161,26.27313,2.24274
2023-09-08,378.12898,137.05039,196.58177,13.30144,175.34432,24.54582,25.93254,2.23741
2023-09-09,375.04055,130.32217,160.71571,13.09395,162.50771,24.82820,26.02911,2.27847
2023-09-10,313.93545,122.75083,85.70493,11.02983,190.79759,24.99842,24.96559,2.26305
2023-09-11,343.02574,132.10983,154.87262,9.77919,187.73687,24.97123,24.66086,2.25316
2023-09-12,353.51258,124.33520,219.81857,13.57836,131.48505,25.69680,24.37702,2.22696
2023-09-13,351.72932,130.38590,239.65446,13.24484,91.50251,25.85522,23.67036,2.27427
2023-09-14,364.42539,132.99322,252.57169,13.53857,66.06892,25.79186,23.75929,2.25798
2023-09-15,356.68673,133.26251,256.53728,13.78696,67.66658,25.79280,24.00294,2.29299
2023-09-16,328.57276,128.76162,199.57641,13.64833,116.40191,25.45485,24.92961,2.34884
2023-09-17,294.60240,127.50737,91.92745,13.46766,170.83713,25.09788,24.71837,2.24771
2023-09-18,331.82810,134.62958,147.05029,12.17788,179.40647,26.03461,24.73152,2.28045
2023-09-19,352.13490,126.79187,203.74503,12.51936,126.06398,26.20634,24.46189,2.26519
2023-09-20,351.11690,129.07443,272.00905,12.61155,61.36846,26.40864,24.60005,2.04992
2023-09-21,349.72164,141.62947,284.88957,12.47596,40.54932,26.41881,24.05423,2.07893
2023-09-22,352.85616,134.41684,307.93107,12.62948,23.52016,25.99949,24.56685,2.05633
2023-09-23,344.38928,144.49333,261.41699,12.47845,38.42883,25.12318,24.11816,2.08547
2023-09-24,338.21374,110.21040,182.67814,12.24856,67.75638,25.27720,23.58685,2.06741
2023-09-25,353.62444,124.40813,219.84066,12.05603,113.97802,25.52775,23.09314,2.04976
2023-09-26,365.85327,127.26648,203.18018,12.15936,134.23610,25.64373,23.03547,2.03424
2023-09-27,371.73628,127.85023,223.57794,12.02296,105.70322,26.17698,22.84290,2.02605
2023-09-28,361.04795,137.06118,268.31886,10.83495,51.55966,26.19452,23.98046,1.98175
2023-09-29,363.32309,125.17672,272.76459,11.59653,36.52844,26.63415,23.68251,1.99820
2023-09-30,359.88196,114.42424,206.89674,10.39303,68.01517,27.00343,24.13048,1.99815
2023-10-01,316.04480,117.94533,103.88854,6.18348,105.68353,26.54831,23.16316,1.88077
2023-10-02,321.86865,132.59540,128.36375,4.50653,164.00744,26.52408,22.45547,1.19411
2023-10-03,340.98978,132.41541,128.61766,11.22712,142.90972,26.86073,22.37274,1.19786
2023-10-04,352.60207,137.39842,200.51509,11.87296,46.63452,27.59747,22.86987,1.37581
2023-10-05,355.25534,124.32760,208.14601,12.56680,45.95419,28.09760,22.89880,1.94920
2023-10-06,356.21006,121.51515,197.80695,12.47345,59.47063,28.21136,23.43539,1.96496
2023-10-07,343.74237,125.31568,129.64490,11.66639,92.81215,27.94714,23.86987,1.94487
2023-10-08,336.84665,118.51548,116.70840,10.69026,32.74024,28.10829,23.25402,1.91009
2023-10-09,348.71555,126.94470,146.69991,10.27466,107.55451,27.64681,22.50298,1.91260
2023-10-10,355.99740,126.46475,191.77070,11.58907,70.83450,27.72691,22.37176,1.93683
2023-10-11,331.43658,135.55514,112.51160,11.70529,164.83391,27.99982,21.72693,1.96529
2023-10-12,334.81118,130.77116,204.97283,12.02593,69.25620,27.49817,22.52042,1.97369
2023-10-13,343.17787,141.30111,235.36642,11.94086,18.55125,27.55942,23.11136,1.94945
2023-10-14,353.14612,135.17886,180.34559,11.75679,31.06821,28.12714,22.97297,1.95218
2023-10-15,354.79478,117.50905,127.71987,8.89761,24.01266,28.35451,22.35218,1.88125
2023-10-16,359.17514,108.17475,155.45756,10.83606,97.91487,28.47207,22.72953,1.90040
2023-10-17,361.88390,134.61131,173.69876,11.45307,71.09557,28.72119,23.25710,1.87010
2023-10-18,355.04084,138.04118,227.94843,7.37809,54.71617,29.54656,23.65727,1.87348
2023-10-19,349.77682,136.12234,235.61722,10.18791,25.36021,29.03490,23.30827,1.85558
2023-10-20,344.71105,119.48110,174.62134,11.85512,91.56482,28.59070,23.78378,1.84172
2023-10-21,347.96660,121.01789,154.77606,11.43789,61.87788,27.31918,23.42937,1.86417
2023-10-22,334.55399,109.47281,122.33301,11.04933,32.52438,27.15095,23.96021,1.83733
2023-10-23,347.01180,138.97438,215.94247,10.85017,21.18075,27.10876,24.39961,1.87510
2023-10-24,336.10744,134.98632,264.24175,10.95617,10.72314,27.31197,24.56654,1.86594
2023-10-25,325.16112,97.56249,230.65375,10.30660,96.57118,28.09041,24.74947,2.06842
2023-10-26,337.79925,111.41859,166.11880,6.64714,146.77532,28.19497,25.62282,2.01540
2023-10-27,331.71118,107.79150,136.83124,9.88435,161.14512,27.81751,25.90807,2.03546
2023-10-28,330.68486,102.99021,118.08239,9.58277,120.80565,27.59027,26.40867,2.01410
2023-10-29,330.00259,100.08156,123.42182,10.64996,27.92949,27.94059,26.77511,2.02259
2023-10-30,348.24936,129.33165,205.74401,8.53874,40.17736,28.00440,26.37398,2.10320
2023-10-31,344.33466,130.86678,256.12073,7.75053,23.00139,28.26951,25.16080,2.19912
2023-11-01,350.57504,136.21148,218.42279,5.66220,59.19530,28.28129,24.48754,2.17414
2023-11-02,359.54445,102.24423,232.61960,6.56476,75.34871,28.25022,24.57380,2.16811
2023-11-03,366.34799,99.16509,139.52066,9.33488,140.94857,27.26250,25.22416,1.82246
2023-11-04,347.75511,108.27905,73.18101,10.98297,172.30040,26.36704,25.37185,1.69193
2023-11-05,310.07122,86.87489,58.00273,10.30649,155.79830,27.22151,24.51812,1.70975
2023-11-06,339.24404,120.64641,148.79582,10.41977,101.00117,27.66615,24.03567,1.86125
2023-11-07,373.07398,125.31201,222.29021,10.99161,11.70101,28.20708,24.00972,1.94941
2023-11-08,376.18448,96.36039,218.94906,11.24079,40.73253,28.79216,24.79902,1.94231
2023-11-09,378.17019,108.88265,204.93665,7.64243,62.60820,29.07076,25.61481,1.96781
2023-11-10,378.97403,119.75762,193.88814,10.02170,47.64314,29.35999,25.28274,1.93722
2023-11-11,354.05241,111.77549,69.25724,9.94411,194.66292,28.25673,24.93847,2.13385
2023-11-12,345.92898,115.89760,84.25703,7.23391,93.68970,28.19328,24.96113,2.09698
2023-11-13,370.50012,110.14511,148.95368,5.95787,115.73419,29.53092,25.67936,2.20483
2023-11-14,369.03340,126.83858,209.86354,2.65855,60.45551,29.95295,25.81543,2.26627
2023-11-15,370.41274,120.40449,139.37052,9.12223,116.51755,29.55329,24.71595,2.21972
2023-11-16,378.21543,127.65400,180.86794,7.95860,96.64746,29.47505,24.99027,2.20658
2023-11-17,362.42194,129.78660,175.22246,7.89738,79.13850,30.48633,25.55756,2.18636
2023-11-18,342.30045,142.69254,95.15814,6.02397,172.44232,30.48855,25.15322,2.13999
2023-11-19,308.30188,146.12131,82.25559,7.33041,126.54735,31.35259,23.79797,2.10858
2023-11-20,351.68648,182.50650,185.04914,4.47097,72.35876,31.45903,24.93387,2.21063
2023-11-21,355.87637,166.78797,196.47633,10.28917,79.36478,30.30007,24.24674,2.28076
2023-11-22,343.67297,150.40118,158.64125,7.72403,156.25323,29.23532,23.83155,2.19127
2023-11-23,340.71142,176.70927,221.19013,9.93319,53.72535,29.44735,24.85118,2.28516
2023-11-24,343.72322,151.59572,181.12767,9.55391,112.81645,29.35313,24.65043,2.23398
2023-11-25,334.85700,176.32386,71.69404,2.69690,211.03398,28.23573,24.66780,2.11000
2023-11-26,306.27666,161.43180,78.87355,5.22925,149.78591,30.04068,23.77654,2.05671
2023-11-27,351.46414,194.07607,195.11570,6.34553,82.67798,31.23844,24.80420,2.22558
2023-11-28,352.64285,189.93634,127.10157,10.26989,170.57478,30.85031,24.94434,2.18563
2023-11-29,341.66490,192.31454,131.53259,3.29098,195.72024,28.92244,25.29969,2.19489
2023-11-30,357.51771,202.41085,196.09842,6.15361,88.02665,28.04454,25.24657,2.25592
2023-12-01,345.65571,178.30851,102.18101,9.60434,167.70736,29.03740,25.31807,2.20335
2023-12-02,333.96011,168.75072,69.21113,8.78516,179.11851,29.22411,25.73648,2.10635
2023-12-03,279.83802,160.25331,58.42640,7.64874,170.00584,28.91895,25.43004,1.97623
2023-12-04,346.10442,185.40334,141.60352,8.07337,121.19342,29.21569,25.83288,2.10730
2023-12-05,363.49211,177.35400,233.60862,8.49814,53.56313,30.21531,24.03008,2.25809
2023-12-06,363.00482,203.80989,237.62278,4.94215,48.82187,30.55038,24.98485,2.29561
2023-12-07,366.58082,211.51470,219.04987,5.04741,58.34712,30.73446,25.68507,2.29683
2023-12-08,365.82555,225.94937,141.52490,1.58610,136.45163,31.12217,25.48348,2.20976
2023-12-09,338.66619,217.46972,128.03724,4.81186,133.24811,31.36971,24.83588,2.24252
2023-12-10,344.46098,209.18350,112.26617,5.32157,39.34300,31.59787,25.09107,2.23277
2023-12-11,357.34914,243.73870,199.86379,2.29267,40.49935,31.17735,25.08629,2.30112
2023-12-12,344.23794,250.76895,243.54030,6.47096,22.48194,31.46086,25.84200,2.34502
2023-12-13,333.08611,246.75589,183.92775,6.88133,75.65120,31.11871,25.71059,2.14149
2023-12-14,308.35359,220.94941,111.18141,7.82963,181.95654,30.49407,25.87154,2.12211
2023-12-15,324.45227,238.00095,114.08417,7.80916,148.05794,29.27064,25.92585,2.17890
2023-12-16,321.07866,218.67247,91.71071,7.73069,160.98547,29.79489,26.19605,2.25286
2023-12-17,283.72576,207.50248,55.64380,2.90525,160.26058,30.62310,25.11754,1.94474
2023-12-18,332.03305,238.81518,152.17822,9.31379,89.01701,30.38663,24.63447,2.17701
2023-12-19,354.09916,232.49511,211.47903,9.24074,45.25683,30.86048,25.26272,2.25313
2023-12-20,338.95530,203.84651,199.41718,9.44750,94.44469,30.98243,25.00852,2.25713
2023-12-21,339.55729,235.66770,208.63258,2.47218,99.50093,30.61863,25.69062,2.29738
2023-12-22,339.27983,264.66979,154.49990,5.03983,109.47300,31.11231,25.67628,2.27471
2023-12-23,329.21721,229.09242,98.37128,7.41336,126.39518,31.03713,25.35348,2.20912
2023-12-24,295.65042,210.08496,64.98118,7.99075,113.63635,31.20780,25.22772,2.11017
2023-12-25,303.76035,236.85899,101.08557,9.43507,131.41512,31.05459,24.89702,2.16185
2023-12-26,334.90107,241.83191,103.38873,9.33235,112.26222,30.88213,25.26328,2.24276
2023-12-27,335.51223,243.29330,145.61287,9.31805,69.07308,30.88747,25.85847,2.23750
2023-12-28,358.38524,243.83137,137.08455,9.15198,47.57876,30.78373,26.00723,2.21952
2023-12-29,361.86334,231.49557,132.11843,8.26724,42.40820,31.19637,26.47144,2.21232
2023-12-30,352.94829,220.00780,92.33266,9.29801,49.71472,30.71087,26.25774,2.15510
2023-12-31,351.50203,199.51705,73.20636,8.23639,13.07535,30.85098,25.90609,2.12649
2024-01-01,305.32793,199.84046,53.52995,6.22246,71.41404,31.13009,25.61244,2.00153
2024-01-02,347.25352,219.81174,145.05776,4.26191,96.34831,31.09922,24.94395,2.13213
2024-01-03,364.18927,227.25472,132.39031,7.64892,115.64742,30.61777,25.45204,2.12127
2024-01-04,357.18456,226.38978,126.47803,4.51528,139.09378,29.98106,25.48975,2.05768
2024-01-05,350.80068,233.67795,162.73785,7.03972,73.87435,30.39278,25.37915,2.10399
2024-01-06,327.28180,214.57057,79.87958,9.97943,147.76275,30.39651,25.34594,1.99564
2024-01-07,254.52354,212.55544,32.74532,4.16883,217.86823,28.89896,25.53895,1.83671
2024-01-08,305.36625,256.52670,86.18077,3.77912,190.65622,30.18506,25.46107,1.97803
2024-01-09,332.94104,277.22864,133.07393,3.94043,146.39930,30.92233,24.52814,1.87302
2024-01-10,332.21354,274.38784,147.07311,4.54418,159.68576,31.14132,24.95581,1.68447
2024-01-11,350.50248,294.09036,196.04016,1.95690,72.28684,31.54017,24.91388,1.69051
2024-01-12,356.53870,281.32434,197.01853,4.69347,75.56703,31.82217,25.26392,1.71331
2024-01-13,343.82476,279.76767,118.36011,6.31322,108.35107,31.63881,25.89780,1.69531
2024-01-14,346.64659,228.74833,93.06651,10.77796,56.61858,31.92559,25.31431,1.63696
2024-01-15,342.45987,289.49923,102.80637,8.81579,154.64515,30.83352,25.32873,1.66669
2024-01-16,323.85110,278.38017,167.37979,4.71922,144.19358,30.49016,25.08960,1.75345
2024-01-17,342.11382,295.62652,223.82978,6.83531,29.73806,29.33759,25.21070,1.75707
2024-01-18,332.12036,270.31350,97.16820,7.44690,183.45641,30.41828,25.18353,1.73445
2024-01-19,320.81022,292.02896,64.09046,4.10709,184.72540,28.71159,25.55086,1.71350
2024-01-20,321.45099,286.66159,54.50020,6.77302,154.91197,30.00933,24.87516,1.72906
2024-01-21,271.76809,268.07863,39.24859,1.48260,178.76809,31.17817,24.09764,1.64610
2024-01-22,278.30431,317.21868,93.19387,4.18864,180.86952,31.49070,24.14074,1.71909
2024-01-23,310.00406,338.34801,152.07815,2.58834,101.24538,31.81784,25.32998,1.56677
2024-01-24,307.40519,311.17028,136.37100,7.96107,122.61973,31.91169,26.06320,1.68505
2024-01-25,335.16060,312.76618,193.69741,7.94083,50.09345,31.55373,26.63265,1.75664
2024-01-26,343.64177,310.25039,189.48892,3.60205,70.06493,31.65897,26.98768,1.77192
2024-01-27,348.57875,305.96347,121.25052,7.20686,64.12398,31.79691,25.86547,1.72537
2024-01-28,339.00805,230.68055,46.87506,6.62471,128.29095,31.58977,26.12080,1.65518
2024-01-29,355.90989,274.83527,97.55477,5.39980,177.35593,31.65178,26.71630,1.73739
2024-01-30,370.36888,260.50769,93.26881,5.97022,207.80383,31.61123,25.56589,1.69313
2024-01-31,360.59571,260.39820,97.91445,6.33497,194.54442,31.54423,26.45522,1.67569
2024-02-01,377.53706,243.19783,174.86413,9.74644,80.85309,31.43606,26.00961,1.67640
2024-02-02,378.34329,245.43099,184.28543,12.43715,54.44946,31.43489,26.54527,1.67851
2024-02-03,378.04358,230.20742,146.64035,11.43536,63.36775,31.45382,26.74654,1.67667
2024-02-04,368.06041,206.48085,97.46259,10.17633,49.52291,31.46525,26.95586,1.63922
2024-02-05,373.71488,230.64754,143.09411,7.45532,107.56720,31.02651,26.88336,1.71411
2024-02-06,364.08235,220.70685,133.99992,12.11882,108.28954,30.70219,26.80687,1.69995
2024-02-07,338.67363,216.19280,89.60603,12.18838,180.49079,30.25635,27.04581,1.67320
2024-02-08,347.60716,244.74833,68.70970,7.71354,177.94322,29.64942,27.12476,1.69754
2024-02-09,354.79205,246.20033,104.09338,9.94656,110.80927,30.54410,27.03817,1.71936
2024-02-10,308.28920,229.66542,32.09113,12.42225,190.32550,30.29936,27.08095,1.65902
2024-02-11,242.93494,188.63196,28.92046,10.26733,207.89986,29.24193,26.31102,1.62211
2024-02-12,310.00003,249.02945,47.70541,7.37966,199.80492,29.38926,26.16922,1.71872
2024-02-13,365.71054,272.39769,129.26962,5.17536,80.76660,30.67244,25.84246,1.70079
2024-02-14,368.62173,251.60213,118.30224,3.20223,137.23895,30.70642,25.61800,1.70953
2024-02-15,356.56436,280.36913,58.60004,10.44158,163.71572,30.13813,24.90751,1.68993
2024-02-16,360.10397,315.79701,60.39253,4.58815,127.78285,30.91374,25.45048,1.77113
2024-02-17,353.91396,310.58025,47.56535,5.14905,107.59012,30.92114,26.14309,1.89330
2024-02-18,331.57042,255.42012,36.64909,7.83166,80.95601,30.86890,26.18331,1.93010
2024-02-19,349.50447,305.04803,97.19346,6.95352,86.70178,31.02543,27.23584,1.99545
2024-02-20,354.50282,289.97002,141.30519,12.92498,51.29468,30.66714,26.77560,2.05951
2024-02-21,358.45688,291.11234,176.03982,12.21648,27.01249,31.10289,26.84738,2.09962
2024-02-22,362.23082,278.73897,182.07222,8.37153,20.80860,30.93592,26.69455,2.15698
2024-02-23,343.70344,277.56775,98.77794,13.87323,87.50513,30.61078,26.68313,1.67722
2024-02-24,317.30767,275.54333,58.99524,14.72732,81.38360,30.29744,26.21901,1.68050
2024-02-25,302.17460,244.61829,46.18464,15.71411,43.53996,30.21554,25.63385,1.60621
2024-02-26,341.13799,282.28153,102.47245,9.04496,73.88478,29.73467,25.77034,1.70669
2024-02-27,340.40327,273.43705,147.59286,12.37878,33.62139,29.83746,25.15411,1.73258
2024-02-28,354.84372,266.58282,155.20680,15.89531,16.36592,29.87433,25.52171,1.91855
2024-02-29,352.09832,241.67209,154.25299,16.36049,22.28258,28.91137,25.66590,2.07463
2024-03-01,355.93801,254.83010,131.39499,13.33303,58.02490,29.63187,25.58291,2.11877
2024-03-02,332.28413,245.67542,115.59893,13.01015,59.05395,30.45925,25.43720,2.21280
2024-03-03,329.22347,225.22070,100.49701,9.73562,17.49719,30.34362,25.51097,2.19031
2024-03-04,348.04206,225.57877,184.03354,14.00711,15.19959,29.49385,25.60521,2.31894
2024-03-05,330.87422,223.20873,166.57165,13.38113,91.98584,30.07690,26.02945,2.25897
2024-03-06,336.68352,235.45514,224.51768,6.72786,54.72684,30.55349,26.38355,2.23140
2024-03-07,347.17931,219.45967,222.32535,11.56875,33.27648,30.52644,26.16951,2.28605
2024-03-08,359.69550,218.04235,183.95909,12.31872,66.80841,30.42926,25.56892,2.26619
2024-03-09,344.33832,210.94005,193.38875,5.83391,56.92921,30.61049,25.28628,2.28059
2024-03-10,331.05023,184.88700,124.51078,10.08255,32.86946,30.48980,25.31967,2.19402
2024-03-11,344.52541,190.70538,149.82139,17.27614,71.91782,29.80798,25.92870,2.21142
2024-03-12,335.63027,178.00609,104.81819,16.31737,170.65437,29.23692,25.73854,2.18809
2024-03-13,351.95769,203.16838,159.66467,7.10245,110.26915,29.43507,25.40123,2.27620
2024-03-14,355.98924,188.73909,216.99872,14.20294,30.85172,30.30603,24.95013,2.22695
2024-03-15,363.11313,187.84129,235.33114,8.66608,27.37842,30.18294,25.84766,2.29087
2024-03-16,356.78818,198.04066,175.77723,14.55466,19.60699,30.49532,26.49087,2.21400
2024-03-17,314.27486,166.34260,126.84161,11.89804,46.97428,30.40589,26.45948,2.16496
2024-03-18,342.43936,188.04236,181.52135,10.97865,68.70065,29.78946,26.52315,2.20880
2024-03-19,338.75128,180.80488,193.63844,14.99079,67.31575,29.65218,26.03455,2.23185
2024-03-20,347.70392,182.78992,151.71766,14.34492,135.53357,30.18656,25.32261,2.24173
2024-03-21,319.16564,245.90124,198.39291,5.22808,76.38429,30.68970,25.56617,2.28030
2024-03-22,322.72340,229.26612,182.32978,11.25833,92.33315,30.74806,25.42449,2.18882
2024-03-23,300.49462,258.09175,161.89558,6.44378,44.80867,30.58095,26.17991,2.22408
2024-03-24,257.64814,206.73239,88.93815,17.47789,79.08044,30.01616,26.36425,2.10572
2024-03-25,289.03738,233.81225,97.10965,15.19177,166.51601,29.48683,26.21792,2.15384
2024-03-26,292.80862,265.61172,175.64625,13.58000,60.68031,29.46184,26.53558,1.97427
2024-03-27,301.24141,259.41733,132.34141,9.88565,107.06741,28.32704,25.37705,2.19576
2024-03-28,290.01893,264.94555,85.40161,16.45157,121.39893,27.86399,25.02333,2.20857
2024-03-29,294.43084,275.70935,129.21911,12.16636,43.07420,28.12423,26.03333,2.25456
2024-03-30,283.51010,257.52102,107.20957,18.38303,26.41549,27.44775,26.31502,2.16479
2024-03-31,244.74219,191.26897,61.17741,16.90060,63.56356,27.22741,25.75477,2.08877
2024-04-01,270.93806,258.23292,87.62321,18.20895,56.44885,27.24640,25.27750,2.18741
2024-04-02,273.73868,271.37270,72.15274,18.11358,85.43265,27.57108,25.20793,2.15199
2024-04-03,280.60230,272.96580,90.64595,17.53302,67.49046,27.88398,25.91224,2.14059
2024-04-04,280.83749,292.34583,93.76233,17.05207,47.34995,28.33088,25.86402,2.13621
2024-04-05,271.21567,288.96812,70.75406,16.57267,75.79741,28.42646,25.89063,2.15174
2024-04-06,237.54208,289.68768,57.32841,16.73298,83.98512,28.33861,26.54133,2.13491
2024-04-07,195.72458,255.38983,39.12949,16.32532,126.50521,29.70023,26.15717,2.09187
2024-04-08,169.67823,251.88541,22.48448,10.72579,189.09539,28.85422,25.46522,2.11377
2024-04-09,156.28701,239.21560,11.52028,9.56279,144.76602,28.45826,25.72123,2.08440
2024-04-10,123.30059,209.18184,17.85022,6.20618,93.31589,28.12766,26.81775,2.12840
2024-04-11,110.43000,187.19542,12.90114,8.14459,127.74271,27.58148,26.13072,2.07128
2024-04-12,110.85350,218.23144,12.57121,9.45083,122.78896,27.35366,25.52385,2.13373
2024-04-13,120.37164,244.44288,16.77705,10.90471,125.56070,26.90549,26.26357,2.07958
2024-04-14,124.89046,255.16969,19.80932,14.39140,117.85361,27.15225,26.12209,2.11501
2024-04-15,186.87037,288.87058,113.79848,18.97495,55.76319,27.22505,26.42912,2.12135
2024-04-16,204.13081,258.94848,97.93580,19.13278,126.71986,27.17409,26.09106,1.48666
2024-04-17,211.03390,291.48873,70.67927,18.05165,153.22404,26.57869,26.02624,1.45894
2024-04-18,220.75532,288.44969,87.02164,17.62384,138.21969,27.03441,26.40857,1.46848
2024-04-19,238.65180,290.38018,121.38569,18.98594,81.06224,28.08850,25.89141,1.47156
2024-04-20,231.05917,285.94432,54.56486,12.32696,147.50385,29.17922,25.65172,1.41770
2024-04-21,213.25509,268.65585,45.52786,18.75171,87.55459,29.01269,25.76812,1.39342
2024-04-22,236.60719,296.92290,110.11771,18.72382,76.24470,28.17870,25.05764,1.40650
2024-04-23,241.93257,273.01624,103.89226,15.98407,92.43956,26.13123,24.06467,1.68416
2024-04-24,241.72418,304.91388,112.83625,15.19054,119.28521,24.09978,24.19329,2.20264
2024-04-25,244.72471,304.34304,170.05428,8.19432,82.53181,26.11406,24.43771,2.28073
2024-04-26,247.36908,289.38308,179.14424,15.57144,50.69951,27.06244,24.82779,2.22655
2024-04-27,244.15425,275.55232,106.58739,10.38705,119.02978,27.04869,26.27051,2.21889
2024-04-28,197.74276,242.58478,56.39415,12.68918,146.81874,26.89464,26.03979,2.11853
2024-04-29,234.46462,270.30696,93.75082,13.31720,158.81743,26.51939,25.31471,2.02669
2024-04-30,254.19163,298.46809,88.89306,10.48219,136.23220,26.74773,25.69912,2.09412
2024-05-01,242.89877,271.23498,65.72462,8.99626,126.02466,26.99384,25.12779,2.19763
2024-05-02,252.76725,305.07649,141.41849,16.93614,47.51802,27.76791,26.22980,2.19748
2024-05-03,243.55243,294.90795,149.81935,15.88072,62.14524,27.62430,26.07922,2.22568
2024-05-04,253.13047,310.63503,95.18740,14.38619,65.30851,28.64050,26.45951,2.11911
2024-05-05,210.52581,256.63212,27.27301,9.54574,143.97574,28.56612,26.13536,1.99238
2024-05-06,236.64746,295.58228,95.97174,18.41900,80.28447,28.36874,24.97071,1.85322
2024-05-07,247.01826,289.81219,153.02721,19.29080,41.32790,27.47719,25.54517,1.90814
2024-05-08,247.25148,280.46337,168.87715,19.28079,39.45042,26.95763,25.74502,1.89045
2024-05-09,249.73843,272.15558,166.33274,16.82404,71.35969,27.35373,25.66004,1.90021
2024-05-10,239.97245,244.62228,89.19227,16.77711,173.90532,27.85879,25.94080,1.88460
2024-05-11,247.10610,259.11718,51.54745,11.40331,179.75588,28.20558,26.52824,1.86668
2024-05-12,232.58168,243.84806,38.26418,11.34017,117.89384,27.58407,26.91380,1.88098
2024-05-13,274.62322,290.83103,81.55658,15.06962,103.84191,27.86703,26.51218,2.25786
2024-05-14,282.57479,278.15235,121.46005,19.22193,62.50143,28.11869,26.23475,2.19602
2024-05-15,274.60136,267.84830,138.63363,19.01910,61.08874,27.71387,27.24956,2.16811
2024-05-16,296.57525,266.99165,151.40275,17.99978,48.41092,27.62321,26.45849,2.26407
2024-05-17,299.97781,276.63734,135.89515,15.48118,52.52403,26.85185,26.45422,2.25528
2024-05-18,283.20791,262.22261,119.23338,19.33288,38.24898,25.62915,26.72061,2.26490
2024-05-19,257.09084,241.52285,63.62391,15.06796,66.90471,25.18286,26.57032,2.16467
2024-05-20,280.99231,274.05842,115.35360,18.61572,65.65171,25.26259,26.55845,2.08488
2024-05-21,279.65802,272.92607,152.90010,20.90080,52.65166,25.05340,26.41860,2.25635
2024-05-22,283.65562,268.74040,177.67354,17.73232,43.97934,25.53909,24.72843,2.23997
2024-05-23,284.12967,245.56149,178.47580,19.04418,65.79873,25.67823,24.22081,2.13337
2024-05-24,286.48013,258.97873,133.87161,12.32759,94.42095,26.63417,25.07518,2.07512
2024-05-25,264.52206,249.88947,62.10511,14.91808,131.75027,25.98444,25.72565,2.01884
2024-05-26,231.65118,205.12831,34.31876,17.79698,137.88013,26.84234,24.25452,1.87128
2024-05-27,270.81052,253.19361,82.50194,10.99853,125.51074,26.78223,24.51972,1.95983
2024-05-28,301.71480,248.58066,133.75149,14.88741,54.74912,26.34398,24.62099,2.21118
2024-05-29,307.10794,254.34022,143.23876,20.25493,25.75951,26.68467,24.81599,2.23636
2024-05-30,301.96819,249.07620,150.83861,19.60456,35.94515,26.59159,25.08860,2.28092
2024-05-31,298.80878,248.71834,139.89281,18.78436,47.98505,26.00168,25.51395,2.12501
2024-06-01,290.34545,245.55849,117.67471,21.87055,42.54917,25.29231,25.86959,2.04919
2024-06-02,272.93146,222.97396,84.66845,21.65849,27.18876,24.38097,25.93746,2.11885
2024-06-03,315.09625,273.28903,153.26746,22.28544,31.11690,23.53052,25.11710,2.21826
2024-06-04,321.07714,285.62020,208.32721,21.49229,25.73477,23.19845,25.26234,2.19528
2024-06-05,324.85273,267.34907,240.09268,21.21192,31.48749,23.12251,24.62188,2.23977
2024-06-06,326.64193,263.86371,238.26114,21.24613,49.89244,23.24711,24.38923,2.17934
2024-06-07,324.03012,258.88911,216.18644,18.33000,90.07122,23.25966,24.69909,2.18597
2024-06-08,328.27846,224.41295,143.34249,16.58430,126.83544,23.58466,25.55327,2.07795
2024-06-09,314.79684,194.00505,91.98431,19.55203,102.19805,23.58226,25.05697,2.08502
2024-06-10,342.78235,232.49683,213.30457,21.34892,44.88147,23.35619,24.65465,2.09442
2024-06-11,337.13414,237.40657,256.64849,21.98326,47.37444,23.04268,25.03618,2.08335
2024-06-12,325.03631,257.85167,278.63208,21.74567,48.03878,23.09530,25.99028,2.10486
2024-06-13,330.28746,279.32183,284.11381,20.91705,44.82316,22.79720,25.91818,2.08442
2024-06-14,333.04502,248.00378,222.93947,20.06646,91.85182,23.44281,25.74266,2.11657
2024-06-15,275.99806,226.18518,52.55353,21.87734,87.82976,24.68393,25.22407,2.06399
2024-06-16,232.47811,197.27509,17.82239,20.55575,74.85216,24.71920,25.00887,1.94384
2024-06-17,236.59883,196.11345,22.70229,21.99365,85.66606,24.35753,25.12873,2.00197
2024-06-18,231.88708,201.90669,14.87882,21.60878,129.98141,23.66906,25.11603,2.01500
2024-06-19,236.86738,208.23096,22.78290,21.97546,149.95461,23.02685,24.45240,1.99939
2024-06-20,290.36930,223.38955,91.21668,22.14683,145.09684,22.86740,25.55653,2.10907
2024-06-21,293.16848,216.41008,95.61128,22.33126,186.22161,22.40917,25.79963,2.06618
2024-06-22,314.96251,193.18026,101.36435,22.23566,162.49259,23.07095,25.92846,2.06316
2024-06-23,311.42335,178.36562,96.87419,22.35446,119.24950,23.47683,25.97338,1.96832
2024-06-24,362.59076,203.30690,214.37709,22.35657,94.07664,23.85262,25.56875,2.11503
2024-06-25,361.03975,166.82822,235.34560,22.24578,155.11149,23.72011,26.12298,2.17256
2024-06-26,366.49002,154.10198,209.73281,22.16599,181.55308,23.08541,25.98967,2.21693
2024-06-27,377.02070,179.72489,226.97088,22.83525,109.94629,23.71539,26.23572,2.24093
2024-06-28,375.42391,175.49178,222.28400,20.90800,129.24405,24.08906,26.41182,2.23970
2024-06-29,360.25484,147.81311,123.79709,21.53614,214.71397,23.71671,25.96763,2.05403
2024-06-30,321.56444,142.34898,104.24847,21.29796,178.61757,23.95872,25.46130,2.13174
2024-07-01,363.86589,189.28340,207.89078,21.46717,123.65553,23.87538,25.40162,2.17409
2024-07-02,359.04111,236.28547,263.80510,22.29084,60.74062,24.23511,25.35094,2.15682
2024-07-03,352.55669,244.03186,264.29671,21.37630,74.09818,24.01386,25.07782,2.19100
2024-07-04,346.14313,246.08770,274.00719,21.35310,64.29182,24.87088,25.12435,2.14773
2024-07-05,354.52513,187.03901,263.44598,21.78570,98.15372,24.88545,26.01552,1.99556
2024-07-06,355.82856,158.50562,153.52665,20.75068,188.24385,24.00486,26.42171,1.97791
2024-07-07,318.59069,147.30857,115.20529,20.39175,189.27468,23.33025,26.40755,1.91187
2024-07-08,372.71767,198.28483,198.18457,19.77603,174.58892,22.84111,25.45431,1.90920
2024-07-09,370.38761,223.08229,236.05079,21.27312,168.11639,22.30138,25.17766,1.64546
2024-07-10,380.18016,223.13598,265.07339,19.73345,148.33101,22.43391,24.83677,1.15539
2024-07-11,381.79106,240.26189,278.42410,21.44644,102.81367,23.78789,24.75890,1.16546
2024-07-12,375.98288,224.79990,280.85128,21.47561,110.88744,23.73436,25.27694,1.18027
2024-07-13,376.06539,191.80086,232.56546,20.98317,130.18615,23.61656,25.79771,1.15482
2024-07-14,346.55979,160.83886,144.86771,19.69141,168.68923,23.19496,25.19200,1.16071
2024-07-15,366.48147,178.01952,153.56929,21.23642,163.31922,23.30520,24.57322,1.15779
2024-07-16,384.67463,215.94851,250.39153,21.54571,135.00885,23.22201,24.61882,1.17837
2024-07-17,398.24923,221.82786,278.40028,20.78264,123.84934,23.03346,25.07628,1.18177
2024-07-18,389.93551,223.25054,274.77258,21.80226,151.51971,22.04800,25.48925,1.15417
2024-07-19,373.61731,210.13207,269.53918,20.88334,187.25189,21.71981,25.88212,1.30819
2024-07-20,382.32111,204.87128,247.15286,21.42478,145.75505,22.65668,25.85854,1.99686
2024-07-21,399.83632,206.42783,211.87520,21.92105,62.84412,23.38746,25.72859,1.97520
2024-07-22,400.54915,255.38308,314.59235,21.54828,60.16510,23.36291,25.63689,2.05731
2024-07-23,393.40396,235.24588,329.76011,20.58415,109.43146,23.07363,24.25952,2.11404
2024-07-24,380.94414,212.67742,318.11430,19.49061,138.54617,23.22583,24.42152,2.13258
2024-07-25,377.03815,197.15692,309.09527,19.54458,142.95462,23.91528,25.46290,2.15232
2024-07-26,377.08856,186.20312,301.89534,16.34856,113.75666,24.17313,25.20433,2.07625
2024-07-27,376.63032,190.48208,195.80224,18.43972,146.25887,24.04284,25.97455,2.09428
2024-07-28,350.45578,159.19499,144.61264,20.47289,156.02355,23.81665,25.84962,2.02758
2024-07-29,397.45856,180.19526,242.17821,21.80374,132.60528,23.26349,26.10988,2.04767
2024-07-30,385.04585,162.59568,250.86820,21.72778,185.85525,22.93921,25.79318,2.05831
2024-07-31,378.28680,164.08853,260.87324,21.00422,171.54388,22.77695,26.32727,2.08238
2024-08-01,386.04303,170.57525,291.35635,20.68615,127.14298,23.09912,26.02931,2.08866
2024-08-02,395.69894,179.07262,322.39448,21.28531,72.77369,23.79506,26.06497,2.07051
2024-08-03,399.60152,185.27263,289.23295,21.39231,43.38875,24.19764,25.95213,2.12600
2024-08-04,378.66425,151.15469,229.25396,21.15417,55.74877,23.93445,26.73230,2.09030
2024-08-05,386.84244,174.82686,300.06636,19.93276,100.68850,23.31283,26.98119,2.11193
2024-08-06,382.55867,193.09752,340.24984,20.54646,65.22465,23.51031,26.77529,2.10065
2024-08-07,381.02039,162.73150,312.85036,20.58346,118.03125,23.31743,26.44492,1.89135
2024-08-08,378.95825,169.46357,318.91855,20.82383,107.28012,23.68892,26.33980,2.08224
2024-08-09,388.79085,169.91658,311.07846,20.36392,101.93324,23.50117,25.58422,2.04796
2024-08-10,386.17977,150.95352,244.10149,18.84951,137.18900,23.65295,25.55316,2.07563
2024-08-11,343.03741,135.79072,142.60560,19.70819,193.80506,23.28594,25.00221,2.03298
2024-08-12,392.12653,170.42263,230.07141,20.64094,160.57235,22.88888,24.88504,2.03984
2024-08-13,384.57811,195.93434,305.18129,21.15194,100.78343,23.07386,25.33160,2.05827
2024-08-14,381.40925,174.25245,315.12804,21.15269,121.51839,23.16691,25.48934,2.07440
2024-08-15,371.87158,173.23833,289.78445,20.50649,156.78542,22.81025,25.50190,2.01583
2024-08-16,353.78427,184.84024,239.89021,20.48717,189.34980,23.08544,25.90669,1.99885
2024-08-17,353.67168,154.91378,194.00710,20.13250,183.88593,23.84088,25.61857,2.06090
2024-08-18,365.37838,152.43494,183.89069,19.92460,91.52127,24.72905,25.44580,2.03213
2024-08-19,386.54823,199.51125,322.04231,20.67394,33.59059,23.76571,24.86166,2.06897
2024-08-20,391.54179,210.82258,337.38160,18.59446,38.54017,23.31252,25.74091,2.07406
2024-08-21,379.67067,200.18434,341.95416,19.54646,65.42516,24.01509,25.06645,2.11134
2024-08-22,366.30160,189.56165,321.04318,19.93141,106.07253,24.01318,25.05255,2.05910
2024-08-23,363.14909,173.92076,302.90325,19.17809,135.67046,24.85905,25.54832,2.05673
2024-08-24,375.71817,155.43330,217.74981,16.13494,157.57246,24.83137,26.00315,2.03256
2024-08-25,362.15433,119.09496,158.64812,18.08325,143.89866,25.38247,25.60916,2.13183
2024-08-26,385.34559,174.47082,253.86180,17.88371,105.46177,25.49733,25.07118,2.06057
2024-08-27,388.78843,175.95416,283.62692,19.63997,84.76540,26.54164,25.34738,2.09799
2024-08-28,387.92151,181.38037,291.13073,16.92187,68.43480,26.51876,25.49407,2.08716
2024-08-29,387.66701,192.94520,289.30161,17.20890,53.88443,26.58482,25.57597,2.05806
2024-08-30,377.09624,158.95422,222.06758,19.37767,56.70871,26.59217,26.00626,2.05568
2024-08-31,371.83006,137.46617,211.27963,18.73708,63.74124,26.61650,25.94395,2.05664
2024-09-01,336.78888,122.57558,193.15496,15.58262,67.95266,27.31171,24.85450,2.04086
2024-09-02,360.34739,169.19416,289.91481,16.31397,34.13206,26.71087,24.66457,2.05090
2024-09-03,374.52861,167.72763,298.13990,15.83723,44.45967,26.39425,24.60801,2.10345
2024-09-04,380.62745,167.64267,256.87219,16.48983,92.27103,26.19001,25.00854,2.07364
2024-09-05,378.51253,170.78061,257.11541,15.05916,93.00641,25.88408,23.51156,2.08864
2024-09-06,362.39156,169.62978,263.86490,17.62091,86.13911,25.90603,23.94762,2.08813
2024-09-07,377.38170,148.52917,223.99021,18.94512,87.52569,25.99811,23.70164,2.08100
2024-09-08,340.53060,117.43304,145.60316,16.72920,130.06634,26.44054,23.15627,2.04653
2024-09-09,383.13322,174.09798,231.76427,18.61500,60.18329,26.73615,22.91969,2.02614
2024-09-10,385.67614,172.78229,260.27288,18.07646,63.95466,25.75319,22.54102,1.99378
2024-09-11,380.47473,168.20602,240.20624,19.12472,86.89938,27.54273,21.64036,2.07387
2024-09-12,371.10999,181.10062,275.97750,19.37279,40.78868,27.21289,22.07229,2.06636
2024-09-13,383.42439,175.52899,246.22739,19.85121,58.23248,27.53845,22.67646,2.05440
2024-09-14,385.13479,147.51428,194.53862,19.51519,86.64998,27.29008,22.58252,2.06759
2024-09-15,362.31203,116.67706,164.77181,18.40291,64.46557,27.96620,23.74592,2.06319
2024-09-16,390.55256,149.45154,213.25528,18.89278,43.65246,28.89384,23.09556,2.09796
2024-09-17,385.23273,163.35833,200.49507,18.28922,63.29219,28.32807,23.89230,1.61606
2024-09-18,388.85238,160.44692,185.80012,16.98151,83.34866,28.00161,24.43307,1.72933
2024-09-19,388.16946,152.01833,157.42011,16.07855,110.58214,27.89051,24.14460,1.76200
2024-09-20,374.20230,153.73224,149.46512,15.21471,105.71479,28.18287,23.85497,2.14222
2024-09-21,359.86194,144.75622,81.91337,13.88632,146.88283,27.93750,24.24757,2.06754
2024-09-22,328.80755,110.92671,76.00182,10.78603,125.26820,28.24470,23.42867,2.04881
2024-09-23,374.54774,165.43379,141.93767,18.03603,49.59472,28.67178,25.05350,2.12771
2024-09-24,369.49242,192.93952,201.92616,15.24754,16.61340,28.62531,25.01575,2.07924
2024-09-25,369.29425,167.22073,213.47915,19.32694,18.91618,28.23535,25.48687,2.09223
2024-09-26,374.72077,169.44101,201.04175,19.32045,31.80567,27.79623,25.94842,2.06301
2024-09-27,382.89231,169.99020,185.21080,19.32680,35.82601,27.19990,25.88426,2.07937
2024-09-28,380.76391,166.39000,170.01075,19.17215,19.79765,27.63970,25.55827,2.07142
2024-09-29,347.00664,131.85368,129.34103,18.84653,32.73313,27.64137,25.66415,2.02827
2024-09-30,379.22318,176.33469,103.75767,15.02936,100.15619,28.23166,25.23589,2.02564
2024-10-01,389.83547,168.22398,152.31850,12.77607,63.89359,28.96675,24.39797,2.06636
2024-10-02,375.16231,154.85433,176.48689,15.11309,56.70787,29.09119,24.41970,2.09431
2024-10-03,364.33257,157.65202,208.48153,18.52648,21.41722,28.81432,24.64267,2.11342
2024-10-04,362.46232,158.98305,183.18801,18.80709,46.89277,28.37865,25.28789,2.09718
2024-10-05,348.54501,160.79898,170.64492,18.56394,37.60200,27.53501,25.36721,2.09949
2024-10-06,311.01550,131.20727,134.57084,17.87463,52.77068,27.98574,25.37911,2.07894
2024-10-07,347.94027,165.14817,192.66649,16.86342,40.95494,27.91269,25.57878,2.11762
2024-10-08,338.87880,170.57993,227.65105,16.77276,34.90711,28.04586,25.97452,2.13327
2024-10-09,342.72047,138.97111,227.10988,17.41965,57.64553,28.35169,26.15502,2.13233
2024-10-10,358.90177,136.40564,218.52133,16.67704,59.94398,28.33724,26.02925,1.71316
2024-10-11,360.01253,146.79805,221.34997,15.79789,53.20573,27.74294,26.01439,2.09005
2024-10-12,362.87297,121.79614,187.26861,15.96378,68.51883,27.56111,26.09508,2.08873
2024-10-13,337.25866,111.44999,113.15705,14.76118,71.80413,28.02284,26.15209,2.07680
2024-10-14,369.73155,133.32661,181.23684,14.30364,66.35953,28.52014,26.03246,2.04184
2024-10-15,368.97286,125.12418,191.91228,15.53706,81.98242,28.64732,25.32114,1.88651
2024-10-16,361.17704,120.91219,146.44314,15.86269,134.54168,28.23276,25.69266,2.07185
2024-10-17,354.14209,117.35566,101.91782,9.44969,206.59388,29.50320,26.94899,2.06774
2024-10-18,359.83919,131.28576,114.56423,14.81304,157.47096,30.18502,27.10041,2.01530
2024-10-19,344.64118,132.89222,123.09110,15.57383,117.72264,30.72094,26.85355,2.04072
2024-10-20,308.20333,125.66078,72.08872,16.75601,122.37015,30.79652,26.93329,2.01008
2024-10-21,347.72480,143.85936,111.57341,16.07878,155.29984,30.38804,26.74449,1.99237
2024-10-22,366.14858,134.16076,154.27798,13.56984,148.04061,29.76519,26.57138,1.45933
2024-10-23,362.39248,122.14334,200.03754,16.80386,104.43826,29.96130,26.88486,1.30485
2024-10-24,359.15512,113.03696,168.85884,16.46296,148.60300,30.01836,26.13984,1.02732
2024-10-25,367.07726,127.63918,161.65168,14.84425,135.55655,30.29740,26.58467,1.23904
2024-10-26,357.03446,113.12664,154.11977,15.92805,117.17688,30.65936,25.72517,1.86987
2024-10-27,319.10950,123.06389,136.14445,15.74329,55.22260,30.75629,24.92117,1.84456
2024-10-28,343.01918,128.12837,170.30176,16.50536,45.56743,30.90176,25.19277,1.80433
2024-10-29,340.30854,94.66509,111.53286,14.88763,128.40128,30.42066,25.28852,1.77784
2024-10-30,364.29519,129.48416,138.03932,15.11908,145.86848,30.02767,24.85566,1.83921
2024-10-31,374.66467,139.82328,152.46187,13.98503,135.33569,29.86659,24.75174,1.89962
2024-11-01,371.08073,151.87830,185.98140,14.36303,74.41653,29.85335,24.46549,1.91319
2024-11-02,368.30142,136.43835,219.58059,14.05410,28.78403,30.41845,25.10479,1.84413
2024-11-03,322.77111,109.25817,85.26402,11.53805,167.95666,30.25618,24.52341,1.84033
2024-11-04,372.27944,151.89070,162.35466,13.78950,103.06380,29.46092,24.70484,1.88382
2024-11-05,362.76169,128.86406,148.65004,13.83154,175.51718,29.59050,25.20255,1.88954
2024-11-06,368.64847,126.55139,186.99163,14.16503,133.27936,29.84428,26.25207,1.90654
2024-11-07,366.76678,121.01390,172.02543,14.03442,155.87038,29.83837,26.00217,1.95239
2024-11-08,369.24657,120.32310,181.79759,13.90841,136.63556,29.73384,26.48726,1.94116
2024-11-09,361.14765,129.88616,135.49926,13.48958,148.10736,30.26604,26.38038,1.91065
2024-11-10,363.26215,110.37720,107.88459,6.00159,135.53068,31.01833,26.48967,1.86017
2024-11-11,377.22851,154.90140,230.29476,9.56524,58.16025,30.85242,26.61147,1.93377
2024-11-12,384.75031,125.38453,279.75799,10.99967,38.40259,30.70773,25.28920,1.97060
2024-11-13,380.26661,123.68646,290.55841,12.12764,34.85596,30.03755,26.41647,1.94184
2024-11-14,371.87629,142.77916,295.20402,11.15851,26.38348,30.20950,26.16172,1.94093
2024-11-15,370.98319,127.64747,285.39500,10.47793,57.30081,29.91004,25.56558,1.91480
2024-11-16,370.48124,116.10479,176.05804,10.71111,151.37850,30.84634,25.50824,2.40400
2024-11-17,372.27911,108.86171,163.81473,4.12693,97.13657,30.97552,24.90009,2.03672
2024-11-18,385.61788,171.69811,291.53403,6.80442,14.71938,31.52687,23.93927,2.20600
2024-11-19,383.34087,166.87034,300.41393,10.51457,7.87988,30.94846,24.86516,2.26422
2024-11-20,380.11339,116.72288,199.22924,11.12607,161.99177,30.41616,25.05855,2.18670
2024-11-21,354.83321,128.15966,191.87901,7.34891,207.33606,28.82126,25.01563,2.08447
2024-11-22,378.78988,133.99743,192.31031,5.04200,163.57297,29.29238,25.48681,2.12736
2024-11-23,356.87804,128.06087,148.92165,7.32889,195.44045,29.79519,25.20986,2.11109
2024-11-24,338.84374,132.03187,116.13934,5.48364,169.72928,31.84347,23.92720,2.08539
2024-11-25,369.12402,188.91708,223.39973,5.52881,104.92550,31.70938,24.53977,2.15356
2024-11-26,369.57966,206.13117,314.32103,5.15788,44.10336,32.08981,24.83842,1.86588
2024-11-27,378.22973,183.18992,320.99051,6.48313,38.26739,31.90386,24.70864,1.83212
2024-11-28,365.68617,183.19651,342.33672,11.41014,24.48474,31.84236,24.84101,1.88506
2024-11-29,337.49565,178.63680,335.31067,11.64406,32.06799,32.09611,25.41628,2.01928
2024-11-30,329.86698,152.16848,250.08194,11.55490,86.38501,31.47647,26.37040,2.19971
2024-12-01,337.18535,116.92731,166.40343,11.95628,119.94252,31.01420,26.09045,2.15029
2024-12-02,350.04098,162.26930,284.72589,11.88669,76.99271,31.31256,26.17317,2.28265
2024-12-03,354.80902,129.73768,323.48770,7.72474,108.40736,31.59638,26.65038,2.24029
2024-12-04,367.39420,146.62593,353.91080,8.12915,57.76601,31.71564,26.09235,2.19838
2024-12-05,365.61894,130.80647,356.89690,7.79975,61.44348,31.43832,25.57838,2.10329
2024-12-06,370.12742,133.09797,329.89852,5.46809,66.94852,31.40085,25.32974,2.11796
2024-12-07,357.22134,113.43130,229.62213,4.85798,158.22332,30.46982,25.32941,2.03701
2024-12-08,344.84686,118.46807,131.54689,7.19675,166.36071,30.15084,25.82168,1.70442
2024-12-09,344.58421,130.20623,186.05437,8.95819,197.08442,29.38827,25.51443,1.92822
2024-12-10,374.19243,127.86923,203.21968,8.61416,169.39216,29.76581,26.03942,2.07135
2024-12-11,380.00269,152.15285,315.42421,6.18644,61.00194,30.03910,25.78932,2.16822
2024-12-12,380.77152,145.73699,336.63529,6.86495,53.12182,30.65632,25.28646,2.18597
2024-12-13,382.79412,140.86040,279.21037,6.66546,111.25573,31.07417,25.07203,2.19672
2024-12-14,362.80916,133.36762,263.38507,11.58995,82.77949,32.63111,24.72621,2.19352
2024-12-15,342.64236,106.05441,175.12566,8.70911,163.34129,32.55891,24.48136,2.14535
2024-12-16,363.99346,168.91866,315.66679,2.51405,99.88867,32.24097,24.96857,2.19718
2024-12-17,376.24161,138.11459,331.16645,10.45412,71.37713,32.78990,25.18801,2.16563
2024-12-18,378.66802,146.47149,346.07265,11.72603,43.98774,32.06027,24.99772,2.20077
2024-12-19,378.48706,156.09365,357.37615,10.25803,29.92668,31.88160,24.57174,2.12330
2024-12-20,379.15060,136.25117,280.90381,6.27545,132.05520,31.78649,24.95826,2.08827
2024-12-21,360.96668,132.48034,225.17220,6.83730,156.31324,30.91620,25.71558,2.02184
2024-12-22,351.41213,107.37589,250.64224,9.76896,72.16766,32.22733,25.04519,2.02872
2024-12-23,359.56888,140.16196,262.70387,3.78773,152.47209,32.02520,25.55414,2.02849
2024-12-24,366.99514,141.13732,270.11803,4.98131,160.77727,31.76461,25.28747,2.05665
2024-12-25,360.92943,164.78187,270.62000,4.34354,125.37315,30.61798,24.76817,2.12824
2024-12-26,374.88593,158.82822,233.35286,7.15895,159.01063,32.18846,24.24599,2.09547
2024-12-27,361.28958,182.29623,208.74274,4.66126,186.13516,32.24302,25.58643,2.07071
2024-12-28,367.54234,166.96847,188.67851,6.29185,159.75109,32.73963,25.40028,2.06906
2024-12-29,362.88629,145.99837,124.42202,3.25745,170.05985,32.10067,25.77145,1.96789
2024-12-30,370.99201,171.04166,243.73676,3.45411,118.60522,31.76654,25.56933,2.06629
2024-12-31,367.77094,165.73539,227.37026,5.53412,71.03572,31.95707,25.13143,2.05097
2025-01-01,336.77436,139.79095,165.13254,12.30662,41.25514,32.07784,24.55133,2.02674
2025-01-02,354.06332,144.38827,261.24128,12.55773,83.95654,32.00442,24.99032,2.09764
2025-01-03,350.84091,140.74885,209.47317,11.89963,171.26343,31.73072,25.04704,2.03344
2025-01-04,343.63812,153.00852,241.39227,7.62606,123.13679,32.22418,24.99886,2.09374
2025-01-05,346.78105,124.31164,259.16289,3.54111,50.19438,32.13644,25.47757,2.11497
2025-01-06,355.10592,158.55935,309.95212,6.91752,56.58192,32.41712,24.88438,2.12573
2025-01-07,353.47058,144.56328,233.24971,10.91214,160.03141,32.16454,25.27064,2.17471
2025-01-08,359.91634,153.52705,250.84157,11.43279,124.76079,31.63816,25.07944,2.16122
2025-01-09,362.06934,152.50477,304.24701,11.80569,61.80351,31.85619,25.45671,2.20746
2025-01-10,358.79295,147.70480,271.36126,10.03382,97.37867,32.39592,25.52976,2.17480
2025-01-11,365.94112,141.91090,246.66365,10.36991,97.99062,32.45597,25.31126,2.17340
2025-01-12,357.90688,129.09772,165.58662,8.72888,117.38878,31.87259,25.08449,2.09788
2025-01-13,369.76912,145.42226,250.95272,6.89414,156.08009,31.89638,25.17492,2.12382
2025-01-14,373.81045,139.99734,265.71068,10.61299,151.34404,32.21435,25.24777,2.13018
2025-01-15,349.19811,167.07767,312.67449,8.85498,106.33944,32.08007,25.55410,2.07186
2025-01-16,352.13242,163.94781,312.06567,9.44578,100.78155,32.06710,25.64706,2.13151
2025-01-17,345.62728,159.12576,280.43582,9.53040,110.73573,32.91393,25.14136,2.10987
2025-01-18,346.61327,210.93947,186.34860,13.52245,94.09611,33.11359,25.52546,2.10170
2025-01-19,332.72969,168.37628,136.21946,14.09787,90.35033,33.11672,25.34504,2.04772
2025-01-20,336.02966,217.68855,197.09530,14.69779,108.71382,32.79950,26.02019,2.12553
2025-01-21,357.77614,153.16108,326.56727,14.10121,62.16186,32.75984,26.24891,2.16830
2025-01-22,355.34044,186.76936,338.95162,4.69926,57.98225,32.05008,25.81888,2.15901
2025-01-23,359.60834,190.73794,355.37808,7.51234,33.85437,32.21886,25.40198,2.12593
2025-01-24,363.51717,148.04852,322.82828,9.95410,62.61649,32.67214,25.82773,2.06385
2025-01-25,363.12734,136.81484,280.41898,12.65842,74.39744,32.75312,26.44259,1.98939
2025-01-26,346.53520,133.37082,204.68412,14.90673,42.46783,32.64819,26.02087,1.98323
2025-01-27,360.67966,174.22720,283.83340,14.85136,43.90589,32.65494,25.54115,2.02356
2025-01-28,365.25495,139.57029,261.57162,16.13314,102.23593,32.67322,26.30257,1.97058
2025-01-29,356.14215,132.71356,234.94975,16.60008,134.32594,32.49612,26.36525,2.08338
2025-01-30,359.68483,151.46638,289.71485,15.85769,72.25253,32.59395,25.79524,2.06024
2025-01-31,367.05161,154.78520,310.40075,15.22419,25.65698,32.53604,25.64561,2.05489
2025-02-01,352.42408,127.91321,275.00415,16.25115,39.39395,32.28998,25.75398,2.11282
2025-02-02,341.68395,102.14563,215.18722,16.23196,43.72208,31.50667,26.26337,2.04703
2025-02-03,364.48535,144.12852,293.03337,16.30213,35.99275,32.27540,26.85203,2.13541
2025-02-04,358.41561,120.74031,262.30365,11.45002,173.34316,32.31579,25.46688,2.24656
2025-02-05,355.34163,132.74853,269.28115,4.97345,208.27105,32.71803,24.80637,2.20776
2025-02-06,352.32064,108.46349,276.93399,11.83137,211.98449,32.82931,24.87151,2.21253
2025-02-07,347.06990,119.66548,289.04274,10.20462,197.29889,32.75008,24.91521,2.02351
2025-02-08,347.86825,111.38169,229.48066,8.62674,188.60303,32.66968,25.21158,2.13647
2025-02-09,343.45191,101.77071,168.07268,8.31564,166.18911,33.21723,25.96680,2.06968
2025-02-10,353.94424,126.85932,305.32400,9.29608,143.98084,33.07424,25.92908,2.07707
2025-02-11,334.15686,142.53731,354.34254,6.77394,127.07454,33.25416,25.72473,2.13578
2025-02-12,349.32581,216.12496,275.87318,7.00317,120.42539,33.26181,24.77279,1.83374
2025-02-13,353.96784,233.83864,302.86543,8.25489,65.30179,33.07621,24.89248,2.15339
2025-02-14,361.92293,236.18048,235.04722,17.07004,71.89351,33.23998,24.46753,2.08864
2025-02-15,350.50871,145.44929,249.55225,17.07934,86.62333,32.53543,24.47335,2.12634
2025-02-16,333.26785,116.95386,220.54806,18.04305,40.58915,32.36698,24.77468,2.16878
2025-02-17,356.04252,135.82379,281.47570,17.86664,83.19592,32.27024,25.17660,2.12234
2025-02-18,358.57761,149.28651,330.21496,7.46087,90.28696,32.64412,25.20462,2.21537
2025-02-19,358.39498,124.41600,320.75934,5.71116,132.75898,33.13666,26.47156,2.13915
2025-02-20,364.20824,117.74510,251.26599,15.21230,196.06287,32.90561,26.84258,2.13191
2025-02-21,360.50136,112.12311,253.65183,16.48873,188.85187,33.10361,26.46125,2.10281
2025-02-22,361.13672,191.58636,165.90235,14.07162,150.73069,33.79650,25.79157,2.10328
2025-02-23,341.03875,155.01481,184.03090,16.24989,82.27637,32.84839,25.11518,2.04846
2025-02-24,353.85456,207.41127,289.67236,17.93810,42.90057,33.55402,25.31656,1.96976
2025-02-25,352.73152,148.94239,396.43188,18.68846,36.60320,33.58300,25.32992,1.99535
2025-02-26,359.87747,210.51597,313.12171,18.51890,24.60928,32.80820,25.66624,1.99999
2025-02-27,357.11003,164.22919,305.98983,21.24037,53.37288,32.64959,25.99707,1.99264
2025-02-28,355.66849,144.69710,362.79184,12.88137,38.07483,32.14972,26.09294,1.32735
2025-03-01,351.29293,129.62904,269.05962,18.80840,38.34489,32.30589,25.02112,1.13513
2025-03-02,319.29011,112.40831,217.53365,21.19246,32.32419,32.39896,24.82715,1.13279
2025-03-03,364.75446,114.58771,258.52372,7.01133,156.84945,32.45082,24.99239,1.53991
2025-03-04,354.07534,118.72438,184.44134,17.32127,187.22588,32.46324,25.57796,1.60070
2025-03-05,347.16423,125.74012,211.78045,22.00607,122.64727,31.91690,25.54920,1.54793
2025-03-06,349.76079,138.46273,221.43831,22.18690,92.34433,31.44123,25.35193,1.58249
2025-03-07,331.51650,136.10401,207.04418,24.28579,100.45066,30.20241,25.53267,1.53437
2025-03-08,323.60280,151.45295,188.27069,22.19783,75.78671,31.73057,26.04258,1.50491
2025-03-09,297.20344,127.06117,175.72187,21.46397,42.69960,31.87316,25.94010,1.93855
2025-03-10,350.06439,146.85384,212.67278,21.75300,52.39975,31.62851,26.21362,2.01493
2025-03-11,329.24283,168.08908,120.32473,23.28681,151.78423,31.18775,25.58029,2.01433
2025-03-12,325.90745,173.42762,111.09141,23.27251,158.79927,30.47934,25.12836,2.02861
2025-03-13,304.47672,167.63286,99.41704,22.59877,192.41511,30.13901,24.78142,2.16276
2025-03-14,306.46609,161.81075,131.87248,23.98699,137.44478,29.91135,25.53078,2.20929
2025-03-15,292.72391,172.62039,123.35224,23.98126,110.46168,29.32451,25.74645,2.22345
2025-03-16,243.64689,158.59286,67.39326,16.01048,149.45512,28.76338,25.40840,2.09869
2025-03-17,287.05068,219.08719,135.83858,10.97879,124.29639,29.69974,24.99152,2.23555
2025-03-18,294.10139,189.15483,169.41705,18.60543,154.86039,31.58250,25.04715,2.24628
2025-03-19,309.87219,208.46858,137.58104,8.24214,220.25417,32.70950,25.15370,2.15864
2025-03-20,313.84855,235.73100,182.10208,14.25770,167.48095,32.59664,25.16213,2.22379
2025-03-21,312.80553,208.26559,221.85107,12.82437,128.07664,31.95426,25.93766,2.24952
2025-03-22,300.77053,233.34799,209.06388,19.43580,39.80073,32.10340,26.01049,2.19611
2025-03-23,262.12227,182.84342,140.40999,23.73153,77.22650,31.53849,26.06014,2.17174
2025-03-24,301.06271,206.32592,172.16626,14.57157,149.97823,31.12697,26.27583,2.24379
2025-03-25,299.26431,200.62506,197.09624,18.13532,116.19293,30.67762,26.44564,2.22978
2025-03-26,279.11024,234.33099,250.32775,16.73112,50.85534,30.03740,25.29284,2.26211
2025-03-27,285.14064,194.90631,215.78724,23.12884,73.08161,29.41481,25.10259,2.20663
2025-03-28,273.47474,205.38279,161.43175,15.69714,119.27261,29.26469,24.62895,2.17740
2025-03-29,204.41285,202.97064,88.00450,17.06220,98.44978,31.76096,25.56897,2.13871
2025-03-30,180.55312,184.26249,63.87424,17.22847,61.57427,31.98032,25.79646,2.07272
2025-03-31,177.67003,171.05746,55.96896,14.43864,74.97592,31.18859,25.52293,2.10538
2025-04-01,165.26454,206.80577,36.62484,8.83792,154.55923,31.46010,24.93590,2.08157
2025-04-02,208.64306,245.78983,146.28836,13.15782,100.85907,31.74348,25.25712,2.13871
2025-04-03,242.46367,252.58616,202.34955,17.54566,54.33895,31.31239,25.45526,2.25897
2025-04-04,243.62735,236.80174,191.19242,19.04603,58.41207,31.67256,25.18277,2.25644
2025-04-05,247.69253,254.08442,161.94947,17.86633,45.67871,32.27435,25.04098,2.22155
2025-04-06,194.68304,219.29438,61.22617,17.38708,149.78242,31.89941,25.30911,2.14488
2025-04-07,231.15277,255.61542,114.59322,21.90129,166.01081,31.99124,24.89736,2.12353
2025-04-08,246.81306,258.50742,215.17605,17.23209,110.90666,32.92844,24.73932,2.28920
2025-04-09,253.07117,263.90828,223.13220,13.37653,104.67336,32.78190,24.22090,2.27854
2025-04-10,252.13191,239.30233,212.29367,15.56322,107.07477,32.82654,23.70957,2.21917
2025-04-11,264.47814,248.37543,206.00991,17.74576,118.81491,33.05927,24.73238,2.23864
2025-04-12,267.08111,255.74411,161.87550,24.16449,94.83720,33.27532,25.15190,2.18157
2025-04-13,235.60990,225.91090,114.85169,20.80428,79.73652,32.52803,24.57287,2.02161
2025-04-14,263.41339,243.03134,199.38911,20.02490,94.98958,31.98166,23.93761,2.17243
2025-04-15,258.17269,234.53653,205.88192,22.03359,86.35377,31.34107,23.68129,2.19071
2025-04-16,259.30609,224.80734,200.42726,26.47257,64.35874,30.13873,23.62891,2.22694
2025-04-17,258.17092,228.93711,186.32775,28.13141,48.82619,29.43892,23.48539,2.19275
2025-04-18,265.69240,239.20904,178.67283,27.84433,35.99633,29.25586,23.11139,2.19736
2025-04-19,271.30612,239.11780,131.20540,27.33261,53.99206,30.10566,23.65796,2.20937
2025-04-20,248.29748,215.04001,97.57346,23.58005,37.20617,29.97731,23.54253,2.22763
2025-04-21,281.83475,250.76261,133.21943,27.99116,33.94230,29.32668,23.57380,2.25550
2025-04-22,280.03996,263.23281,162.81998,25.15049,39.30199,29.03149,23.27904,2.24147
2025-04-23,262.86413,234.64639,105.99261,25.70464,61.07803,28.59875,22.69468,2.21051
2025-04-24,284.55150,258.22563,145.18764,23.24254,73.00989,30.26595,22.72992,2.21091
2025-04-25,290.84203,270.34104,154.39367,19.68427,52.45459,30.38512,23.39550,2.26018
2025-04-26,268.10178,274.30471,137.25161,18.98417,35.84411,30.34077,23.34864,2.18796
2025-04-27,192.59319,205.93504,68.35953,21.28851,135.77021,30.17661,22.87306,2.17037
2025-04-28,196.84671,233.61305,64.95911,27.02174,216.51073,30.35315,23.70820,2.08722
2025-04-29,228.50912,266.11626,70.05100,18.04562,204.91682,30.29441,24.38159,2.09275
2025-04-30,250.32707,253.62205,80.73663,18.72755,187.61435,30.58875,24.11256,2.17636
2025-05-01,187.64154,243.59518,64.96057,20.93719,192.23427,31.01690,24.23503,2.09592
2025-05-02,207.09130,267.57186,109.20054,18.16333,150.52596,30.43769,24.55787,2.16301
2025-05-03,198.93223,272.98212,104.57214,20.71652,94.32179,29.93042,25.00397,2.14276
2025-05-04,190.01538,242.14181,94.66355,23.98156,33.32718,29.62158,24.67686,2.19864
2025-05-05,225.16604,258.06755,141.80003,27.41508,62.95296,28.81624,24.73023,2.15904
2025-05-06,231.11981,265.01030,139.00933,27.16616,85.87108,26.53993,25.06336,2.20957
2025-05-07,227.64940,260.80433,127.97636,27.48570,126.74741,25.89453,24.91344,2.18769
2025-05-08,239.42953,255.34730,172.17228,21.28199,88.22923,25.11971,24.49400,2.16996
2025-05-09,241.97435,260.10880,166.02210,27.64699,65.68757,25.61431,24.53385,2.22441
2025-05-10,249.95528,250.89591,99.40604,23.52871,122.96567,26.11792,25.39048,2.16513
2025-05-11,224.70662,226.87879,77.60881,20.06942,84.95536,27.29592,25.75815,2.16516
2025-05-12,266.70367,255.87994,136.24368,24.32581,76.72633,27.60973,26.04591,2.18842
2025-05-13,259.06912,251.67537,103.62833,18.13091,154.76121,27.57818,25.61662,2.21735
2025-05-14,273.84937,261.08656,111.30393,25.11931,100.48751,28.42689,25.87430,2.18878
2025-05-15,280.54747,262.79435,145.09531,27.79439,39.41520,28.74058,25.00459,2.18774
2025-05-16,266.16091,244.57755,119.70754,29.35461,118.46372,27.16155,25.04020,2.12202
2025-05-17,227.35545,241.74701,86.78693,25.05328,155.73963,26.82437,24.33284,2.03292
2025-05-18,229.85826,216.64487,96.19063,26.30172,69.88762,28.79776,24.54287,2.13862
2025-05-19,234.33919,224.41591,94.43304,31.36020,53.67949,29.47163,24.97567,2.14625
2025-05-20,279.82955,238.05634,148.59702,31.29031,55.36425,28.73196,25.12957,2.18242
2025-05-21,286.82360,241.11901,175.79362,33.42313,37.13503,28.04507,25.33690,2.13102
2025-05-22,288.48671,245.24736,192.08750,31.03434,34.63801,27.27455,25.54415,2.13138
2025-05-23,287.50810,238.96791,188.79606,31.74922,48.28111,27.42000,24.98981,2.18468
2025-05-24,279.25517,227.99965,146.02704,31.92418,75.35722,26.45654,24.62214,2.13095
2025-05-25,235.96067,190.52272,99.44306,28.00656,116.36854,26.51815,24.48658,2.11634
2025-05-26,284.89988,244.53960,170.46246,22.46995,87.79928,28.27729,25.45644,2.16489
2025-05-27,288.38841,214.49264,187.63407,30.91146,67.99414,28.71197,25.63766,2.18921
2025-05-28,299.92506,200.42217,199.16716,27.56119,60.59646,28.54249,24.62118,2.17515
2025-05-29,318.63544,200.97016,195.96904,22.07525,55.76434,28.85609,23.75982,2.03827
2025-05-30,315.61962,193.55895,137.07910,20.91195,106.04417,29.64450,23.77673,1.87287
2025-05-31,283.77274,186.77632,71.77041,26.84199,148.57649,30.10281,23.66368,1.82834
2025-06-01,254.46924,160.78047,69.30472,21.22914,120.46987,29.52454,24.45637,1.80708
2025-06-02,310.60447,192.85481,111.20548,27.32757,77.04330,28.39187,23.95368,1.87253
2025-06-03,320.00640,193.72250,115.07372,27.71199,77.13073,28.19822,24.23681,1.78588
2025-06-04,305.67837,189.96412,91.87636,32.11639,79.17544,27.29395,25.28685,1.80467
2025-06-05,238.50234,168.67702,41.62436,20.39193,78.81483,26.59987,25.34625,1.88096
2025-06-06,203.68461,148.56288,18.09437,10.53061,72.48607,25.64725,22.39955,1.93457
2025-06-07,197.61530,153.60870,17.58396,16.66703,83.49604,26.45615,23.43066,1.96951
2025-06-08,212.94483,163.29054,30.15151,19.60565,66.28315,26.62862,25.29313,1.97829
2025-06-09,238.75620,147.84024,45.14170,28.84015,79.15712,26.21934,25.09926,2.09410
2025-06-10,269.73076,192.94885,47.84017,32.79674,193.00391,25.78560,24.52568,2.02995
2025-06-11,338.13393,189.42729,111.84005,32.15822,133.80818,25.39236,25.37704,2.08103
2025-06-12,344.67276,167.99390,166.54674,32.00669,120.19305,25.43141,25.73502,2.16646
2025-06-13,335.26680,154.81557,155.31311,31.82397,155.73959,25.26861,26.22573,2.16089
2025-06-14,312.82297,152.79393,104.03800,29.06114,178.78340,26.16678,25.86812,2.11839
2025-06-15,284.57686,143.24708,70.75644,26.30909,146.64202,26.33017,25.29083,2.08375
2025-06-16,346.56715,156.37564,118.71326,33.83592,136.39883,25.77264,25.84646,1.98777
2025-06-17,366.46186,147.69345,154.17682,33.95859,121.96917,24.95486,25.66765,1.90488
2025-06-18,357.35186,143.53013,161.26050,33.88197,138.11856,24.77688,25.92792,1.96439
2025-06-19,370.75005,169.27064,184.33036,34.90571,99.03112,24.50202,25.17698,1.98458
2025-06-20,365.15864,159.84398,198.63104,34.68395,102.33189,24.09837,25.72837,2.08757
2025-06-21,333.44632,160.96762,111.87090,31.47434,179.59086,25.19485,25.75392,2.11859
2025-06-22,269.95660,142.13375,84.53171,23.75587,178.52504,26.49654,24.82329,2.04629
2025-06-23,352.58234,158.87732,145.77432,34.62817,130.93579,26.33184,25.10366,2.12859
2025-06-24,370.58156,153.54384,209.12526,35.20628,93.91406,25.51629,25.67791,2.16832
2025-06-25,367.42354,158.36377,217.54795,35.35218,113.67881,24.43554,24.55372,2.15741
2025-06-26,355.25499,158.53748,250.69108,34.58059,125.49895,23.39524,24.17099,2.17009
2025-06-27,355.46007,167.22062,228.40295,34.13540,155.04496,22.95136,24.87199,2.14424
2025-06-28,346.13481,128.48030,183.73845,33.79283,188.55299,23.83811,25.43538,2.12936
2025-06-29,283.50859,126.89364,106.36457,23.55597,224.64198,24.86383,25.43717,1.92029
2025-06-30,345.21960,140.03767,195.27183,30.81149,151.60695,24.85463,24.89921,1.33139
2025-07-01,359.62559,137.33158,248.85477,33.58002,140.66890,23.97855,24.21502,1.30369
2025-07-02,366.70652,131.07464,197.93972,32.41670,187.90438,24.17818,24.57690,1.32570
2025-07-03,360.98002,140.00680,189.58071,33.31206,171.99804,24.76224,25.17269,1.31245
2025-07-04,354.98673,148.46384,195.28627,31.22628,166.44962,24.88298,24.73509,1.35034
2025-07-05,351.40295,137.39775,203.12032,32.01771,125.68906,24.09949,25.01010,1.53512
2025-07-06,317.83991,143.05772,170.14536,33.67568,100.74250,24.64082,24.62820,2.10115
2025-07-07,372.11731,186.54502,275.34941,34.19874,68.55221,24.75707,25.23879,2.18685
2025-07-08,368.71141,207.01787,329.84793,33.70729,43.59961,24.92853,24.57703,1.97000
2025-07-09,368.59605,198.09650,336.56512,33.49551,60.84023,24.48147,23.11337,2.22089
2025-07-10,376.08309,180.25236,297.03337,32.92587,105.52905,24.97710,24.53990,2.19391
2025-07-11,360.80341,189.55169,256.91530,31.81152,140.14543,25.69990,24.42723,2.18978
2025-07-12,356.57372,191.79986,221.10970,32.39685,131.54368,25.56335,24.08912,2.13722
2025-07-13,321.41114,153.74278,157.51906,31.37776,168.37795,24.76088,24.33442,2.10288
2025-07-14,373.99206,189.20606,184.61586,29.40742,180.93878,24.40018,25.23613,2.17328
2025-07-15,364.86384,159.02857,180.86877,28.19846,183.80918,24.37809,25.24228,2.15463
2025-07-16,373.02603,188.63526,273.29547,26.34129,139.97285,24.24881,24.83130,2.21979
2025-07-17,377.52260,212.38657,350.10281,30.64105,43.86996,24.28861,24.23406,2.20654
2025-07-18,372.89736,207.02479,352.48662,29.98659,59.18146,24.61200,23.81358,2.19038
2025-07-19,356.02815,180.78958,277.27411,30.33670,91.73202,24.46993,25.35883,2.16265
2025-07-20,342.00196,156.79713,192.23886,31.03734,105.60759,23.97747,24.98640,2.08107
2025-07-21,368.66235,216.96402,297.39251,31.40828,85.57019,23.67350,24.78134,2.16784
2025-07-22,368.24345,240.25795,345.59722,31.69370,54.06797,23.61280,24.39978,2.16210
2025-07-23,366.41631,230.74996,356.92982,32.06604,77.88609,23.38922,25.01416,2.22443
2025-07-24,368.94857,181.84487,348.54876,31.82726,153.81121,23.45984,24.01690,2.21112
2025-07-25,364.16350,160.21832,349.04260,31.44909,181.26567,22.74804,24.69223,1.64519
2025-07-26,361.25499,153.40824,285.05535,29.73918,192.68029,23.00102,24.98648,1.35584
2025-07-27,365.21766,163.38140,293.71022,29.73709,73.58701,23.49863,24.90491,2.16015
2025-07-28,366.00819,252.33068,386.86388,28.63029,36.39244,24.87076,24.66931,2.18764
2025-07-29,373.23353,246.78504,394.55249,28.70163,50.53862,25.41389,24.80136,2.17152
2025-07-30,370.52175,221.75850,385.26583,27.41997,82.55671,25.65648,24.05942,2.19495
2025-07-31,373.19647,168.14664,352.55540,26.84382,155.93830,25.47923,24.32264,2.03022
2025-08-01,373.08618,142.86250,299.46633,26.81440,201.07683,25.15814,24.68354,2.22443
2025-08-02,369.43584,151.93897,264.11300,23.84296,172.85481,25.73285,24.58399,2.11705
2025-08-03,356.98204,136.85718,233.80830,30.74771,94.21463,25.90451,24.28701,2.12749
2025-08-04,369.86922,173.54354,332.57578,30.52879,82.95423,25.42426,24.39100,2.20624
2025-08-05,377.14764,163.07903,344.79713,30.62857,117.16648,25.52466,23.47217,2.19965
2025-08-06,370.17623,168.48379,343.89152,29.55473,147.10806,25.30276,23.10647,2.19403
2025-08-07,366.93298,141.11253,292.91006,28.08072,222.64281,24.46100,23.43905,2.21929
2025-08-08,375.74518,144.27214,273.09010,29.14497,236.78964,23.90879,24.11490,2.20860
2025-08-09,376.81389,137.78014,240.77785,30.24742,211.16298,23.68937,23.46944,2.18601
2025-08-10,334.15260,132.43679,199.09142,30.89044,206.85109,23.36451,24.07068,2.15153
2025-08-11,383.71656,136.03528,290.89371,31.17158,188.52925,23.71538,23.92890,2.19673
2025-08-12,390.95856,144.68132,278.81066,31.69539,203.72702,23.44024,24.08438,2.21181
2025-08-13,388.62888,145.43791,302.03969,31.34666,182.41967,24.32256,24.29634,2.28146
2025-08-14,383.66779,157.71640,323.13853,30.69631,150.65751,24.53619,24.05425,2.26176
2025-08-15,374.17953,151.02699,290.20897,31.30031,176.48661,24.94668,24.00733,2.25007
2025-08-16,358.97473,137.04284,214.56507,30.67031,200.81813,25.15177,24.08382,2.15901
2025-08-17,351.60189,134.67493,215.63256,31.52042,104.79027,25.53123,24.20305,2.14777
2025-08-18,393.68586,170.11236,338.78286,30.97834,50.41264,24.52458,23.22872,2.25940
2025-08-19,396.24681,140.83474,298.63481,29.87874,139.91017,23.75568,23.82706,2.24291
2025-08-20,378.10342,161.36171,310.48152,30.08225,124.95658,24.00779,24.17715,2.25648
2025-08-21,369.64792,171.96127,339.92704,31.43006,84.22797,25.31408,23.85171,2.23220
2025-08-22,380.25254,167.68420,361.00975,32.04129,52.44109,25.48322,24.77501,2.24019
2025-08-23,372.62249,141.45500,325.55406,31.31078,73.38517,25.57508,25.27209,2.23155
2025-08-24,328.48477,114.10360,223.67514,30.62307,140.62607,25.28942,25.81418,2.15253
2025-08-25,374.11213,119.99221,232.39873,29.94927,195.73568,25.39858,25.48170,2.21213
2025-08-26,381.10019,120.51154,245.02320,30.13200,182.85791,25.13018,26.12463,2.21107
2025-08-27,386.81637,125.67600,208.49784,30.03964,199.57832,25.54426,26.26530,2.21837
2025-08-28,395.33280,129.53666,209.68306,30.40903,186.94795,25.11679,26.18144,2.18501
2025-08-29,395.03594,144.56784,261.61344,29.88084,108.80751,26.14027,25.73517,2.17776
2025-08-30,375.71666,140.76395,243.99032,26.84676,35.33097,26.56036,25.39879,2.21324
2025-08-31,338.64910,127.97446,194.17876,29.60648,76.67278,26.19173,25.11834,2.15767
2025-09-01,369.07076,150.93106,326.34955,29.66529,48.93226,25.76135,25.45885,2.22938
2025-09-02,365.90852,142.09445,302.05852,28.79655,121.35296,25.31207,25.04038,2.21622
2025-09-03,365.59024,134.89872,266.75737,28.48953,171.36556,24.39817,25.27047,2.17732
2025-09-04,378.98687,130.03438,258.22584,28.49992,167.14572,25.28212,24.68075,2.17560
2025-09-05,370.53043,129.73269,284.64369,28.34562,137.74339,26.01290,24.18476,2.04623
2025-09-06,349.16478,107.91657,262.46028,28.05679,125.63130,26.33107,23.39014,2.06299
2025-09-07,309.16328,100.69209,162.40715,27.17603,156.88066,26.64567,24.41379,2.08537
2025-09-08,365.73842,114.45656,213.12729,23.58265,148.68264,26.60210,24.41023,2.18840
2025-09-09,368.55560,115.45339,266.95445,28.83240,92.45362,26.89161,23.79094,2.21652
2025-09-10,360.63058,125.78686,281.48979,29.76907,75.94075,26.86241,24.48343,2.20582
2025-09-11,355.90910,115.61243,294.91927,29.40107,84.38770,26.29809,23.59620,2.21979
2025-09-12,362.77822,109.92264,299.29345,29.64354,76.11352,26.04858,24.01511,2.17806
2025-09-13,338.73805,102.14870,191.13815,28.19336,175.06524,26.21683,24.30047,2.21336
2025-09-14,309.96742,91.79940,155.90731,24.29250,147.99586,26.78863,24.33996,2.17937
2025-09-15,375.05513,94.21247,239.83698,27.64103,113.36960,27.09244,24.64638,2.28151
2025-09-16,386.68325,93.73050,231.42943,28.02404,125.82976,26.60776,23.42964,2.28704
2025-09-17,384.26138,95.41471,271.63661,28.52828,83.75175,26.26225,23.59252,2.25570
2025-09-18,361.76219,86.83455,174.41872,23.57262,211.29040,27.11233,24.44201,2.23249
2025-09-19,347.84021,87.74148,132.26565,25.70421,209.38626,27.59176,24.17833,2.13186
2025-09-20,319.62493,105.93764,98.78938,25.27995,187.78207,27.53708,24.57674,2.05874
2025-09-21,290.54638,92.90999,87.60224,13.88358,151.61653,27.37156,24.96232,2.00491
2025-09-22,358.48051,111.66194,165.73687,29.53086,95.28587,27.10330,25.33553,2.10326
2025-09-23,367.50638,119.03735,264.78219,28.96324,23.88520,27.33817,25.52303,2.11072
2025-09-24,370.38755,105.10979,268.98112,28.30791,38.54721,27.40623,25.96328,2.09793
2025-09-25,350.80454,107.13247,192.33678,27.25258,135.38661,27.01895,26.41120,2.14839
2025-09-26,331.96527,102.32963,116.22369,25.89729,229.81603,27.45733,26.24565,2.14709
2025-09-27,324.43994,100.28454,110.87668,25.87072,188.98614,28.04169,25.56182,2.05974
2025-09-28,322.92566,87.94649,126.64870,21.75461,102.94698,28.66208,24.03479,2.17255
2025-09-29,365.97105,91.94418,248.52473,20.56087,70.95957,29.10039,22.92300,2.21498
2025-09-30,379.47819,99.84940,241.30254,15.22331,72.12526,28.75609,23.27802,2.23380
2025-10-01,363.35953,100.87955,172.81094,25.56316,102.31422,28.83340,24.08074,2.17280
2025-10-02,359.40941,114.20268,158.24477,25.66973,112.99689,28.72282,24.48345,2.18019
2025-10-03,372.29614,119.15529,154.14601,23.12943,127.00214,28.96766,24.01331,2.18229
2025-10-04,337.22039,106.01581,133.81262,24.08858,128.31031,29.75338,23.65092,2.15813
2025-10-05,316.70897,81.77579,126.31444,18.60713,80.26466,30.02925,23.36207,2.11215
2025-10-06,350.47508,102.41064,170.64588,26.06525,88.74634,29.60731,23.49638,1.86897
2025-10-07,375.76861,96.64572,185.11274,21.93354,118.50746,29.88809,23.86709,2.16462
2025-10-08,378.66604,93.05899,220.79959,17.33169,85.85406,30.84010,24.38117,2.22735
2025-10-09,372.91500,103.09924,242.43199,15.76880,69.11710,30.28639,23.92909,2.26086
2025-10-10,359.35309,100.34372,236.09191,24.69993,37.72429,29.96030,24.73647,2.19394
2025-10-11,355.40032,90.56360,170.48586,24.20387,74.27551,29.94377,24.80548,2.17711
2025-10-12,325.33630,88.20179,112.74574,13.03607,112.79138,30.26574,24.85544,2.08641
2025-10-13,366.72469,87.10764,190.94929,24.17532,63.15872,30.25415,24.26062,2.26822
2025-10-14,362.32385,84.96362,245.40290,24.59899,35.47304,30.06509,24.10533,2.25677
2025-10-15,367.59088,72.96107,237.64216,24.62189,55.37600,29.99379,24.77214,2.22936
2025-10-16,350.08020,68.86394,220.11789,24.98404,101.70468,30.28381,24.52592,2.18446
2025-10-17,354.08811,88.05354,250.80605,25.25587,45.73912,29.68564,25.11737,2.21324
2025-10-18,346.71954,79.92802,256.89991,23.40958,21.37035,29.66195,25.51445,2.18618
2025-10-19,319.27842,78.45179,184.43120,21.02650,60.50501,30.27830,25.25644,2.15700
2025-10-20,350.09532,94.48892,290.66156,16.80259,33.62325,29.91063,24.64219,2.21457
2025-10-21,357.65165,94.96381,322.33117,13.03383,21.27326,29.89792,24.20749,2.17427
2025-10-22,364.02567,79.66413,297.40659,15.74882,53.08835,29.22932,25.12110,2.19820
2025-10-23,368.13057,76.27001,248.11731,16.81330,115.03379,29.08901,24.95777,2.00862
2025-10-24,352.07989,76.43332,154.31479,18.19012,200.34314,28.77298,25.21686,2.13226
2025-10-25,357.91001,87.79964,197.77271,18.66236,82.82736,28.73393,26.09893,2.19348
2025-10-26,327.19549,72.00613,125.93845,16.59554,107.46963,29.78778,25.73372,2.14930
2025-10-27,321.77156,76.82521,117.95524,20.80344,197.08168,28.30720,25.44957,2.09559
2025-10-28,363.34670,80.82724,160.64682,17.45484,114.69770,28.15993,25.46198,2.10166
2025-10-29,334.49284,92.18995,140.90769,20.00046,73.80965,30.40613,25.74636,2.10288
2025-10-30,355.76445,114.73374,216.88395,24.29933,34.21917,30.80193,26.00570,2.11592
2025-10-31,355.83897,111.44643,247.13750,23.59385,26.94934,30.64170,25.11035,2.07742
2025-11-01,355.08239,107.25194,222.98151,20.05638,20.59593,30.59746,25.80264,2.12280
2025-11-02,327.61732,95.35593,166.28391,19.62836,38.88952,30.55028,26.59321,2.05722
2025-11-03,363.09191,111.99105,250.58320,18.95168,25.18000,29.49707,26.34158,2.09441
2025-11-04,360.79200,108.88544,280.77913,19.11738,32.63969,29.90401,26.10983,2.09062
2025-11-05,354.58591,89.82208,210.14405,19.78442,119.42295,29.92726,25.58219,2.08560
2025-11-06,366.15416,89.36130,224.25393,14.18758,130.23683,30.48083,24.10884,2.11222
2025-11-07,365.33938,108.40997,250.97836,14.06618,71.41024,30.89187,24.55719,2.09269
2025-11-08,362.03660,79.64356,230.62779,18.96473,49.06116,30.76019,25.44801,2.00295
2025-11-09,325.39098,86.78131,156.33663,18.26352,58.30141,30.83715,25.83972,2.04212
2025-11-10,371.45537,87.38023,231.76491,15.44679,74.25889,31.11217,25.67794,2.08285
2025-11-11,368.20966,101.83598,240.24508,13.53754,101.12071,31.50563,25.10863,2.09886
2025-11-12,375.02450,101.87678,274.80593,14.94721,54.39664,31.62830,25.08892,2.09550
2025-11-13,378.51826,94.22656,290.01349,11.72835,71.48643,31.83666,25.60361,2.05239
2025-11-14,373.65219,100.33869,267.42565,13.79868,82.50063,32.14694,25.53674,2.10405
2025-11-15,373.58049,107.59240,232.83171,8.78003,76.91426,32.64103,24.95686,2.11519
2025-11-16,341.49002,114.08472,176.06983,17.40242,41.95061,32.36470,25.88160,2.05130
2025-11-17,351.79976,121.98521,144.23256,19.35020,162.18093,31.82839,26.01630,2.03697
2025-11-18,349.48031,115.37398,148.04000,18.67569,190.68844,31.20822,26.01286,2.01794
2025-11-19,369.82083,121.76653,174.42655,18.16802,151.58600,30.96559,26.40451,2.05639
2025-11-20,366.52311,112.54230,159.78925,18.43237,168.08904,30.28633,26.76375,2.01634
2025-11-21,358.90133,121.82317,155.09063,17.53116,172.22545,30.71028,26.42778,2.04004
2025-11-22,358.73246,114.79442,128.21540,15.54428,166.52121,30.48041,26.29925,2.02748
2025-11-23,320.42984,100.50274,107.24455,13.60067,158.15744,30.88125,25.48313,1.99217
2025-11-24,360.67580,150.36876,247.09887,11.42475,61.35700,31.54980,25.54150,2.05704
2025-11-25,361.18560,126.82853,288.69653,10.54742,73.88343,32.11433,25.75009,2.08318
2025-11-26,365.86526,111.26213,197.36335,13.91305,168.72810,31.31827,26.12972,2.10893
2025-11-27,364.15346,122.85883,196.80516,16.33965,151.05524,30.70496,26.14234,2.06206
2025-11-28,374.28733,109.60707,247.50863,14.59379,106.96033,29.98653,26.67552,2.14439
2025-11-29,363.22851,102.32327,214.67125,13.70314,128.76600,31.13166,26.36755,2.15051
2025-11-30,361.34355,98.60100,207.15317,9.49565,70.92255,31.69998,26.22585,2.13087
2025-12-01,372.66756,137.87803,305.97851,14.37343,29.00542,31.85834,26.01005,2.11911
2025-12-02,366.29860,150.63945,336.74354,16.77444,9.66872,31.82357,26.09874,2.05743
2025-12-03,364.87276,152.22639,329.34900,17.01974,19.21619,31.83709,25.58623,2.06832
2025-12-04,366.75252,142.95158,320.87271,9.47675,69.62014,31.50427,26.23864,2.03651
2025-12-05,360.33503,131.34358,229.06908,8.53965,182.53809,31.04234,25.95818,2.13825
2025-12-06,350.33492,157.32058,216.28537,4.74886,144.00609,31.56578,26.11790,2.07650
2025-12-07,347.52433,123.53982,169.39396,5.82306,126.25748,32.45147,25.57530,2.06689
2025-12-08,353.11898,150.91036,256.85068,7.29739,132.55165,32.10633,26.32093,1.70765
2025-12-09,356.46780,130.51227,274.01499,5.34077,161.23434,32.27290,26.41441,1.50447
2025-12-10,372.18952,147.35368,310.58132,10.61858,68.67634,31.76498,26.53318,1.51228
2025-12-11,386.47605,136.23576,309.60787,6.12848,93.19076,32.47412,25.54609,1.52015
2025-12-12,380.65160,143.71653,332.83197,10.80064,44.35882,32.53888,24.69238,1.52699
2025-12-13,359.44074,122.92287,225.24141,12.42066,131.99206,32.45563,25.63711,1.46794
2025-12-14,355.58013,121.49479,193.90445,13.77310,65.59517,32.84034,26.55981,1.46248
2025-12-15,362.38006,153.95738,268.29645,8.52970,125.69926,32.69772,26.05918,1.51896
2025-12-16,376.27179,141.28715,296.47938,11.92029,109.79400,32.87649,26.10668,1.54027
2025-12-17,372.85744,144.53182,298.03937,16.17233,77.79620,32.23555,25.70092,1.52522
2025-12-18,385.19740,147.39116,334.64815,17.90561,29.39145,32.20737,26.59510,1.55847
2025-12-19,385.03490,135.25228,322.22654,17.41793,45.19011,32.83144,26.41155,1.61583
2025-12-20,373.76929,101.41027,287.92186,14.32750,83.25239,32.94741,26.36848,1.64042
2025-12-21,380.49724,93.31622,245.90319,7.72055,76.21389,32.07247,26.58498,1.61426
2025-12-22,387.74613,120.14313,278.51651,8.52909,128.01955,32.12067,26.58459,1.74753
2025-12-23,390.04203,110.48439,331.52335,9.43902,115.39977,31.69970,25.31521,2.10452
2025-12-24,390.52772,115.36455,365.55508,9.44931,47.66917,31.42742,26.36913,2.12306
2025-12-25,378.28463,105.27345,374.07667,7.79772,79.41616,31.62771,26.71220,2.16839
2025-12-26,356.18482,127.68481,373.09728,5.72649,98.93788,32.02870,26.28929,2.14144
2025-12-27,337.74633,102.54620,315.82926,6.55436,154.88920,32.81915,26.32440,2.18019
2025-12-28,334.59304,92.20314,214.79075,14.40780,144.35983,32.62817,25.96835,2.07589
2025-12-29,362.20916,112.43088,332.56978,10.69415,125.18163,32.10914,25.93589,2.17619
2025-12-30,378.05324,106.22874,211.90164,15.70351,216.23375,32.25836,26.07736,1.94852
2025-12-31,376.99589,115.71297,266.18446,2.91196,170.20515,32.86265,26.03903,1.74577
2026-01-01,364.25809,96.02613,213.12727,4.91683,104.89505,33.51937,24.26549,1.91751
2026-01-02,360.43674,105.77985,273.50625,12.96033,144.88377,33.03051,24.63246,2.15723
2026-01-03,346.79262,81.63738,187.64279,13.43356,258.98449,32.47146,24.48483,2.19647
2026-01-04,315.79278,73.79141,132.43101,14.16831,254.22518,31.48270,24.14934,2.04516
2026-01-05,357.69828,92.55950,242.74497,16.67345,201.83436,31.62897,24.53078,2.08356
2026-01-06,358.05309,86.54459,240.22107,15.34932,224.48948,30.77388,24.95557,2.23481
2026-01-07,346.18611,96.75744,205.71061,12.15450,256.04766,29.84689,25.19646,2.20352
2026-01-08,342.81487,114.88741,247.37145,6.09605,248.28294,29.78254,24.35687,2.18828
2026-01-09,342.64943,132.89527,336.28296,6.38048,144.82846,32.06508,24.94632,2.30306
2026-01-10,332.93146,120.22491,171.94002,15.38509,247.97943,30.97434,25.63922,2.24872
2026-01-11,338.44915,119.59095,159.15112,8.38748,196.52841,30.76031,24.39027,2.11817
2026-01-12,349.42260,168.98799,304.74355,4.53468,160.66569,31.81757,23.93959,2.27960
2026-01-13,353.96168,187.23160,370.09973,7.26927,95.14804,31.56327,23.94865,2.31432
2026-01-14,366.78714,168.59892,393.78519,10.67091,66.56611,31.79079,24.31200,2.17292
2026-01-15,361.83715,159.63055,381.39584,13.22054,69.31070,31.79514,24.76756,1.81468
2026-01-16,369.15188,141.91939,374.33204,16.42146,63.78631,31.77370,24.85487,1.82376
2026-01-17,359.41841,136.20405,246.20116,8.93334,187.08920,31.95456,24.15081,1.71478
2026-01-18,348.20433,114.67665,153.09728,11.06769,205.64803,32.41907,23.76593,1.72957
2026-01-19,355.87475,143.43441,267.11782,13.92997,204.40626,32.30968,24.06773,1.80895
2026-01-20,361.53738,127.15106,323.80371,15.24871,169.65370,32.37841,23.90656,1.83312
2026-01-21,366.86443,156.46906,383.24201,10.41556,123.59164,31.82632,23.42645,1.90126
2026-01-22,366.88045,149.48815,343.01430,5.01294,176.95767,31.82666,23.89936,1.83075
2026-01-23,362.95099,147.72872,366.81923,9.90677,103.08576,32.24061,23.93310,1.84205
2026-01-24,367.85001,136.10281,351.90577,10.55033,57.37091,31.68484,23.62988,1.83082
2026-01-25,348.35228,115.68755,169.81464,17.05776,130.42730,31.06815,23.98237,1.74793
2026-01-26,371.81312,144.87399,179.86760,16.28952,198.82322,31.07427,23.69931,1.78903
2026-01-27,353.45635,163.90318,209.33727,9.40284,217.09346,31.16073,23.12853,1.75267
2026-01-28,351.13241,196.26113,271.84237,9.76123,114.77750,32.00766,24.22747,1.84646
2026-01-29,350.07683,151.02369,169.91982,11.50214,250.93849,30.81284,24.87886,1.81766
2026-01-30,350.08755,186.91075,206.42045,7.35404,190.16402,30.88756,24.58332,2.20769
2026-01-31,344.80952,212.00165,198.63105,8.19809,131.47254,31.50820,23.65306,2.27243
2026-02-01,310.26523,186.40243,85.88283,11.91969,170.40869,31.09267,23.10159,2.17339
2026-02-02,339.53039,210.21600,190.21236,8.11462,179.83103,31.59378,22.84274,2.20869
2026-02-03,359.45528,240.12320,274.69574,9.68090,51.98545,31.45732,22.76044,2.19802
2026-02-04,351.82035,255.63705,191.54127,22.30318,67.16290,31.73654,23.37151,2.00322
2026-02-05,332.85182,238.40940,96.92219,16.05969,232.58611,30.98420,22.58943,1.91561
2026-02-06,345.98063,255.95759,110.80042,6.15028,212.49037,30.61352,22.90609,1.92638
2026-02-07,358.84592,263.98373,99.26756,10.61667,132.91139,29.97644,23.32251,1.86799
2026-02-08,345.21310,238.53351,93.65225,14.03110,71.44050,31.47745,23.41030,1.87289
2026-02-09,370.59900,264.80894,169.09647,14.19479,65.46064,31.64240,24.37599,1.85846
2026-02-10,365.77485,273.48207,174.17949,8.36554,126.18926,31.76714,25.49101,1.79602
2026-02-11,373.07439,288.23443,190.29850,13.89483,58.11002,31.56604,25.30232,1.80256
2026-02-12,330.64781,293.69206,72.86028,5.94856,233.28514,31.08780,24.95442,1.80779
2026-02-13,322.37213,322.72341,84.02050,5.13145,195.61191,31.72994,24.38082,1.94697
2026-02-14,307.74041,327.92362,46.49305,16.82443,115.93032,31.78882,24.61045,2.14345
2026-02-15,229.50039,230.70501,21.57610,13.26464,173.81017,30.56456,23.32509,1.76451
2026-02-16,263.05604,284.19500,44.21309,18.86086,208.26606,31.25614,22.87158,1.92538
2026-02-17,278.16194,319.73316,41.42456,12.14282,237.66601,31.92471,23.26005,1.95700
2026-02-18,311.19341,361.80671,87.06889,9.79482,155.15537,32.75568,23.96804,2.14193
2026-02-19,318.78005,346.18513,101.00173,22.14202,79.97315,33.02356,25.00737,2.11003
2026-02-20,285.04330,288.07714,36.05892,20.53679,196.03537,32.28543,25.35065,2.02130
2026-02-21,295.41416,317.87491,35.05118,22.69060,128.21679,32.32839,25.59452,1.93917
2026-02-22,275.83927,299.59384,22.82835,14.48532,129.67913,32.54295,25.05397,1.86911
2026-02-23,335.94499,352.45700,77.24968,17.00855,69.21988,32.44166,26.12109,1.93011
2026-02-24,319.16027,338.48943,71.14983,24.91294,95.21918,31.84466,25.99979,1.97450
2026-02-25,351.90175,367.76803,73.27813,10.95795,112.83514,32.06926,24.77127,2.09563
2026-02-26,326.82551,352.15507,42.61488,14.81200,187.34875,32.94788,24.85502,1.97128
2026-02-27,331.92158,355.70194,46.88278,15.84997,178.93684,33.02921,24.00070,1.98914
2026-02-28,299.37625,335.58012,32.51164,15.05540,171.31449,32.85499,23.90055,1.96584
2026-03-01,278.93819,289.62993,22.41081,13.04230,134.55303,32.62680,23.97634,1.98549
2026-03-02,311.57717,349.92923,80.71205,29.12674,54.91569,32.09019,23.50202,2.06955
2026-03-03,332.08976,352.54338,106.23189,27.61405,41.43345,32.07470,23.99601,2.12833
2026-03-04,296.53339,352.72146,61.84844,23.02595,129.42791,31.87194,24.01834,2.03751
2026-03-05,322.14797,362.53698,98.35912,27.01514,38.28621,31.75711,24.63725,2.08611
2026-03-06,340.29907,355.14594,88.54295,17.46206,72.53785,31.27951,24.92882,2.04856
2026-03-07,270.85754,325.60144,37.65175,20.50653,159.90316,31.65674,25.51615,2.06668
2026-03-08,249.02764,259.96378,23.72907,18.44519,137.55333,31.55858,25.06887,1.96254
2026-03-09,233.35873,288.02619,47.32134,27.71179,210.72833,31.33752,25.18444,2.07589
2026-03-10,274.19656,306.47234,82.25403,31.03196,126.70206,31.18045,24.60649,2.17729
2026-03-11,290.93139,300.51496,146.63478,31.37010,48.86383,31.11284,24.51939,2.26078
2026-03-12,305.07136,307.75352,131.85326,29.35929,62.04377,31.18674,24.54588,2.23860
2026-03-13,300.56600,325.63660,104.06801,26.63320,86.88318,31.19837,24.83064,2.08953
2026-03-14,294.35828,335.07472,70.25551,12.97191,129.21259,31.08603,25.59327,2.29857
2026-03-15,266.98763,294.23598,41.33591,10.51943,145.06390,31.30967,25.05365,2.19646
2026-03-16,283.46407,355.59692,105.99134,18.41729,66.24947,30.75959,24.34535,2.20122
2026-03-17,267.28096,353.74448,69.98956,27.13233,103.85762,30.80901,24.71286,2.16264
2026-03-18,247.07756,350.23109,33.89587,17.85103,170.35091,30.60329,25.17383,2.12971
2026-03-19,196.13300,284.99608,20.93633,6.23068,229.69558,31.27719,23.64921,2.05437
2026-03-20,165.71789,263.14503,18.02338,8.86387,161.53763,32.08514,23.46546,2.01913
2026-03-21,154.38326,258.62297,18.78569,10.50006,173.10873,32.20816,23.52080,2.03076
2026-03-22,170.55874,285.91069,19.71423,11.38967,143.93576,31.34006,22.88360,2.01085
2026-03-23,242.24905,401.72903,88.40363,17.99004,90.72674,31.47128,22.64019,2.15587
2026-03-24,262.49424,414.84933,67.36332,17.16899,120.05079,31.98075,23.64431,2.04452
2026-03-25,230.69791,369.66050,44.48412,19.16028,198.94076,31.17715,23.24164,2.06450
2026-03-26,249.70364,452.61232,80.53469,15.81736,56.59944,30.92465,23.64607,2.25835
2026-03-27,222.91795,368.51748,42.87599,23.65736,148.54120,30.81895,23.72023,2.06670
2026-03-28,233.49020,368.96428,47.82418,20.07030,132.22009,30.92201,22.97873,2.09267
2026-03-29,221.71073,383.59495,40.44068,12.07515,98.57213,30.37055,23.09219,2.07017
2026-03-30,237.22105,437.02159,95.30497,14.90892,82.49158,30.52353,23.06915,2.07410
2026-03-31,231.81287,415.50534,86.24482,23.78692,78.12188,31.32185,23.20131,2.10765
2026-04-01,217.29085,406.53409,56.80156,24.53710,122.12118,30.92650,22.82584,2.01797
2026-04-02,197.83000,386.95455,40.42299,14.61292,227.04177,30.25952,23.17458,1.98534
2026-04-03,207.82596,409.79232,37.93239,13.37378,180.21082,30.99217,22.21490,2.03518
2026-04-04,198.49147,423.69348,56.37597,24.69103,73.31527,30.64106,23.26846,2.04204
2026-04-05,182.05540,342.12282,27.08722,14.99780,97.21923,30.87241,23.31001,2.04197
2026-04-06,204.32281,385.04235,76.71633,21.69181,53.28912,30.25971,23.78880,2.07936
2026-04-07,216.38491,409.28989,65.62060,23.39707,52.99693,30.33248,23.92650,2.00766
2026-04-08,201.08987,415.50062,55.49459,18.46450,137.47509,30.37853,22.23219,2.00386
2026-04-09,225.65625,430.40951,95.72620,22.80915,52.42175,30.85714,22.80771,2.18906
2026-04-10,231.11625,440.69367,94.13793,21.73975,48.86009,31.04219,23.08206,2.16228
2026-04-11,211.86306,426.62769,99.00015,21.24000,28.02839,31.54232,24.07271,2.01381
2026-04-12,186.30543,370.43314,64.35232,16.52096,39.22280,31.46220,23.16886,1.92485
2026-04-13,200.99574,381.45838,98.81719,27.28262,53.37180,31.28256,22.63230,2.04361
2026-04-14,222.11349,399.97524,99.62432,27.25668,44.83121,30.86747,22.61218,2.03840
2026-04-15,205.20902,395.08052,90.57634,27.53111,57.86859,29.71032,22.86792,2.08786
2026-04-16,192.12843,369.77786,59.42604,27.50910,122.68829,29.01772,23.21227,2.03585
2026-04-17,164.49965,378.28725,56.98303,15.61522,187.81320,29.32942,24.10729,2.07603
2026-04-18,151.43054,367.37445,40.93277,15.03986,215.70252,30.74844,24.36251,2.10304
2026-04-19,155.34386,380.76585,28.83071,7.31109,118.81794,30.71176,23.72676,2.02932
2026-04-20,177.64873,408.71326,89.80482,22.00012,60.04226,30.40800,22.99974,2.14204
2026-04-21,205.20076,372.64433,87.77024,27.18773,57.36187,29.80639,23.18805,2.12114
2026-04-22,195.25127,381.68429,95.45423,22.20777,95.19279,29.93504,22.89827,2.15188
2026-04-23,179.52570,363.50329,84.17698,19.95506,80.12891,31.22879,22.75085,2.12180
2026-04-24,180.83158,396.11351,96.17872,22.61609,45.48860,30.24587,23.76649,2.16114
2026-04-25,175.79439,371.63806,68.89998,24.14694,39.91313,29.72865,23.40891,2.15736
2026-04-26,167.49843,332.13128,52.96907,16.51058,32.21694,28.61700,23.36212,1.81370
2026-04-27,163.30593,341.26080,59.31593,23.97178,124.40771,28.72260,22.77021,2.09676
2026-04-28,168.00741,376.33720,78.75917,26.32250,82.36724,29.47557,23.15026,2.08196
2026-04-29,181.56986,378.16507,72.29034,27.30399,69.54061,29.50434,23.17453,2.15870
2026-04-30,189.33951,382.24703,76.87655,26.33388,58.19209,29.10353,22.97810,2.01221
2026-05-01,134.18979,342.02993,41.45685,19.53115,152.19439,30.66785,22.74145,1.94945
2026-05-02,135.61601,388.09658,33.50824,12.89259,159.20748,31.21558,21.84300,1.90599
2026-05-03,136.49644,370.58024,34.38232,6.44871,168.67411,32.02366,21.36372,1.90446
2026-05-04,172.18845,401.22399,90.75065,17.17759,144.99103,31.45128,21.33186,1.98930
2026-05-05,183.02740,429.54090,125.61810,18.50954,67.01325,30.74083,22.13920,1.94980
2026-05-06,180.08696,398.00076,144.12461,23.48030,30.23100,29.20955,22.67068,1.50166
2026-05-07,186.88331,362.27227,137.50750,27.64499,30.60973,29.03711,21.93379,1.52841
2026-05-08,173.54849,371.47804,132.18088,25.25273,43.48283,29.47652,21.38064,1.97915
2026-05-09,166.42415,379.74701,105.04303,21.82625,52.52354,29.23166,22.05064,1.95700
2026-05-10,152.40496,348.33436,80.47990,22.75286,21.23532,29.17244,22.22266,1.94834
2026-05-11,155.85770,386.05471,133.59300,26.75722,31.29962,28.31945,22.61766,2.01823
2026-05-12,151.01798,376.97712,106.63848,24.19718,99.15953,27.71371,21.83553,1.96648
2026-05-13,151.68359,383.66814,116.49048,26.26991,81.36957,27.95628,22.02575,2.10844
2026-05-14,144.17658,397.44674,140.31981,21.64216,86.21650,29.21262,22.09045,2.08136
2026-05-15,143.90155,426.23010,150.08636,21.37613,43.96201,29.36001,21.23718,2.12925
2026-05-16,128.44483,383.27591,105.64649,27.05484,85.25889,29.23433,21.73795,1.95420
2026-05-17,129.96360,371.37579,65.62468,22.64282,88.68198,28.96920,21.71883,2.01262
2026-05-18,136.88512,404.97269,129.36623,24.93424,57.27422,29.33058,21.59671,2.12500
2026-05-19,134.11932,396.67504,110.62671,23.74303,62.68506,28.74743,22.16872,2.02997
2026-05-20,137.03253,437.30255,109.60552,14.67526,114.73835,29.11778,22.04230,2.07104
2026-05-21,152.95700,416.79605,124.41073,21.20504,92.49305,28.48374,21.45762,2.08435
2026-05-22,149.35182,416.31781,123.77398,24.10634,53.27616,28.76479,21.84036,2.05615
2026-05-23,145.04264,407.43656,101.95986,17.03623,65.33098,28.89518,21.62112,1.94256
2026-05-24,123.61316,374.99684,26.27223,17.32375,106.81029,29.22620,22.31215,1.91666
2026-05-25,130.88019,367.14684,25.83916,16.34473,101.10532,28.43919,22.76686,1.93311
2026-05-26,122.58843,319.17126,22.97807,20.35401,76.35956,27.73477,23.46778,1.94145
2026-05-27,101.93992,306.73122,32.12741,16.59024,30.78267,27.96266,22.70185,1.93371
2026-05-28,96.71336,343.78503,35.58967,11.62851,40.95714,29.29658,21.96390,1.91562
2026-05-29,101.47545,312.65714,22.76469,15.42287,83.23028,28.80297,21.94884,1.93099
2026-05-30,112.96907,313.95440,27.14121,24.44125,48.06871,29.03550,23.09519,1.93176
2026-05-31,118.44237,342.31596,46.99479,23.83907,34.82969,28.35290,23.19506,1.98740
2026-06-01,140.14781,388.28908,120.94776,29.92711,32.36044,27.32202,22.81524,2.07441
2026-06-02,176.20824,393.01556,131.17289,30.96667,35.16147,26.07198,22.62016,2.10572
2026-06-03,181.29017,402.58992,120.80149,29.31811,49.11260,26.73763,22.83761,2.05171
2026-06-04,187.27847,383.04319,114.18483,32.03153,64.31752,26.68392,23.73931,2.01109
2026-06-05,190.94929,395.76027,131.54051,32.95800,42.76513,26.93390,24.43591,2.01136
2026-06-06,173.85511,365.08001,120.30331,25.52318,60.20919,26.65926,24.74789,1.98137
2026-06-07,172.38999,333.53200,68.41604,28.47188,59.97467,25.80589,24.15877,1.88152
2026-06-08,184.68689,363.39687,85.79898,30.78364,117.83774,25.05969,23.94002,1.81704
2026-06-09,207.68199,358.94962,100.24652,33.38700,113.12409,24.81344,24.91043,1.87688
2026-06-10,213.13432,359.37890,115.08891,33.31257,98.03671,25.57481,24.50839,1.91399
2026-06-11,236.57793,349.29590,131.88608,36.53870,61.92818,25.42693,24.38835,1.95857
2026-06-12,238.31744,356.01455,111.20831,36.04713,74.14452,25.57929,24.44079,1.91327
2026-06-13,210.34578,340.82659,50.64202,22.73098,152.86959,26.68739,24.25355,1.79815
2026-06-14,191.82233,304.52628,44.48436,20.74101,90.06251,27.00023,24.17442,1.81914
2026-06-15,234.80186,356.05530,104.79550,37.84301,40.90944,26.46769,23.34067,2.00268
2026-06-16,245.65182,365.15318,126.63016,36.75949,47.14679,24.28538,23.54447,2.03630
2026-06-17,224.70997,370.84971,121.87271,36.96890,86.66337,24.61622,23.80871,2.09622
2026-06-18,222.47256,367.79190,83.50161,32.27767,153.75219,25.37887,23.48794,1.90010
2026-06-19,213.63920,345.30705,52.19230,25.71893,209.55410,26.86194,23.31311,2.07843
2026-06-20,206.04254,338.71863,52.91807,26.29569,154.65379,26.55327,23.39457,2.03221
2026-06-21,198.40063,291.80772,34.34402,24.73134,143.43841,25.74443,24.17873,1.88978
2026-06-22,237.43802,332.00138,48.74761,34.53514,172.84788,25.23448,23.59156,1.85340
2026-06-23,272.98415,344.43518,51.23071,36.15366,161.41147,25.23539,23.26695,1.29199
2026-06-24,262.91497,341.99360,73.56392,37.66935,149.54603,25.86233,23.12854,1.25416
2026-06-25,288.98287,346.97660,70.56793,36.96053,156.91334,25.34954,24.25633,1.11296
2026-06-26,281.77362,346.12585,61.94970,36.86382,179.81994,24.79328,24.44791,1.51639
2026-06-27,259.17452,318.26208,38.67382,33.16431,205.75077,24.53537,24.07753,1.85673
2026-06-28,234.72474,263.64182,28.55501,28.92835,175.66471,24.73280,23.96332,1.80727
2026-06-29,286.36858,332.60436,64.49723,39.97354,159.33050,24.74845,23.50211,1.82514
2026-06-30,316.63461,355.56661,86.63387,40.81264,140.02163,24.58229,23.05376,1.91533
2026-07-01,338.86923,340.76120,131.75687,40.23927,96.19600,24.91219,21.74030,2.12008
2026-07-02,357.24898,340.51398,164.69203,39.81193,67.25337,25.12061,22.64676,2.09527
2026-07-03,365.77904,335.54206,154.69069,37.81566,76.64221,25.06354,22.77060,1.88591
2026-07-04,343.35632,311.88212,76.12361,35.43431,141.74603,24.92672,23.04854,1.98642
2026-07-05,289.23603,242.11847,46.07849,30.15090,180.72920,25.24190,23.27096,2.00650
2026-07-06,325.01291,301.59105,79.26693,36.02084,156.20792,25.81139,24.21674,1.95374
2026-07-07,349.38608,299.17868,85.54153,37.51139,145.46702,25.36917,23.98849,2.05760
2026-07-08,363.37558,321.38038,121.05485,39.30725,77.83186,25.64134,23.32503,2.05612
2026-07-09,371.82063,309.86142,147.36932,37.93617,69.36832,25.99668,23.78203,2.04525
2026-07-10,376.20532,308.73525,134.65859,39.25907,67.54534,25.98320,24.55146,2.05664
2026-07-11,333.93550,304.75781,100.56093,38.25509,97.18943,25.59737,23.92930,2.02347
2026-07-12,321.22977,246.96065,72.96308,35.73017,107.93816,25.43007,23.86624,1.97548
2026-07-13,367.00847,315.74280,98.44222,40.39325,108.61775,25.16219,24.22704,2.00713
2026-07-14,352.38089,316.11903,91.61042,38.79433,148.60203,25.50364,24.80981,1.97992
2026-07-15,324.73261,288.64025,64.87532,39.78962,146.27864,25.35284,24.80055,1.93333
2026-07-16,358.94049,291.42616,104.44716,39.40073,168.36519,24.80422,24.29005,2.06923
2026-07-17,355.01943,278.76187,105.48453,39.36424,191.67739,24.43376,24.04965,2.05649
2026-07-18,330.18126,298.03887,104.00547,39.81234,154.50148,24.25171,24.23747,2.04534
2026-07-19,325.69948,264.69297,109.08035,40.03193,92.34178,24.63649,24.35860,1.99582
2026-07-20,374.74889,304.72088,178.09213,40.05328,80.36972,24.51889,23.50716,2.06831
2026-07-21,369.47071,307.06678,196.14687,40.18715,102.61267,23.74046,23.19636,2.08623
2026-07-22,376.79229,301.03312,221.93647,39.79945,87.64332,24.05973,23.19509,2.12903
2026-07-23,381.13870,294.55520,150.73249,38.39250,145.52507,24.73695,23.95918,2.00324
2026-07-24,384.88213,273.16240,147.73409,36.88571,127.76453,26.32006,23.91118,2.05624
2026-07-25,337.16842,262.75432,69.97187,26.95597,194.75112,27.00542,23.57777,2.02704
2026-07-26,337.80096,219.37769,79.14911,31.95475,86.70018,26.84764,23.70105,1.99786
2026-07-27,374.88271,283.40392,121.20048,40.18589,65.71975,25.69827,22.88137,1.97541
2026-07-28,371.36018,299.43508,100.40715,39.47488,140.44043,24.22477,22.28614,1.96107
2026-07-29,318.49666,268.63778,71.12962,36.00374,255.50094,23.98147,21.99633,1.77289
2026-07-30,326.54304,266.89653,67.14276,34.65961,263.11620,24.99767,21.74455,1.96645
2026-07-31,337.12972,267.04316,67.80109,36.74976,254.93306,25.02473,21.87048,1.91076
2026-08-01,339.00708,267.54344,65.93905,37.10421,204.30447,25.45574,22.45662,1.91220
2026-08-02,344.19204,229.54026,81.08317,37.50646,149.39980,25.83463,22.41349,1.87262
2026-08-03,392.50481,279.01662,163.04987,39.93609,116.96824,25.43677,22.28244,1.98804
2026-08-04,387.86011,286.56496,171.79517,39.33695,139.33552,24.59267,22.60992,1.92140
2026-08-05,387.03017,289.97147,165.59247,38.87946,156.12271,24.55452,23.19605,1.71636
2026-08-06,392.27506,291.93456,172.20587,39.05704,151.00046,24.44435,24.20745,1.99336
2026-08-07,392.10932,305.24155,190.49801,39.08203,113.62482,24.98034,24.04385,1.90710
2026-08-08,368.67535,294.90678,142.82616,38.13334,141.21064,24.40077,23.45025,1.97772
2026-08-09,315.69167,258.62328,63.65503,31.99875,216.09144,23.66341,23.90255,1.94933
2026-08-10,357.85309,308.73949,113.73598,36.52679,216.30904,23.73488,23.66959,1.97277
2026-08-11,383.71433,314.38815,145.25847,38.28090,168.50470,23.87375,23.90256,1.94725
2026-08-12,378.63480,315.81417,130.20854,37.98717,186.55323,23.62358,24.19199,1.89632
2026-08-13,370.67081,307.19857,94.86334,36.31997,252.36740,23.64873,24.34664,1.87119
2026-08-14,352.54725,296.11309,81.79301,34.05105,260.40250,24.65237,24.00640,1.94654
2026-08-15,326.24278,274.03529,72.30097,33.96291,234.21874,25.99575,24.50824,1.94636
2026-08-16,306.67116,246.61017,73.30797,33.08617,174.12032,26.77430,25.15082,1.94636
2026-08-17,363.19554,312.52488,154.63610,34.39213,84.96445,26.27006,24.71413,2.04463
2026-08-18,387.72834,318.56644,198.72988,38.04201,27.14437,26.33620,24.38271,2.06457
2026-08-19,395.92802,323.75876,180.98599,37.06577,50.92429,26.36533,24.69167,1.99553
2026-08-20,392.36244,305.45278,152.55506,38.87325,109.25927,25.17347,24.46292,2.02699
2026-08-21,389.37729,316.82451,161.91883,40.09280,95.51486,24.93438,24.15112,2.05075
2026-08-22,388.76863,301.71240,192.31731,39.13161,42.81580,25.47880,25.39958,2.04612
2026-08-23,347.51643,259.39097,110.29507,36.13279,113.78865,24.59651,24.68194,1.92245
2026-08-24,375.59083,282.75250,122.67530,37.11693,194.49861,24.02265,24.10189,1.95408
2026-08-25,375.04245,317.84838,161.25130,37.48500,148.56490,24.65322,23.59339,1.95644
2026-08-26,382.79447,302.42174,221.35679,38.06177,91.53002,24.92099,23.36055,2.05404
2026-08-27,382.55041,307.44099,172.19908,36.97794,136.09174,24.59873,23.68154,2.02589
2026-08-28,375.64856,300.85060,111.60867,32.66866,179.74651,24.57085,23.14092,2.00285
2026-08-29,344.31116,277.01784,53.90555,23.12012,195.09026,26.01693,23.10486,2.01906
2026-08-30,309.87147,250.08334,38.80028,25.05584,159.40811,25.69519,22.76996,1.95615
2026-08-31,364.46531,306.63538,85.39695,30.95587,146.74547,25.12002,22.60135,1.92162
2026-09-01,380.03593,319.64646,133.34615,36.95523,93.89029,24.49098,22.75698,1.97048
2026-09-02,365.19826,282.84619,146.51510,38.25102,129.56290,24.40108,23.65281,1.96697
2026-09-03,355.27000,288.80153,130.70752,37.56553,148.73646,24.45088,22.96443,1.84647
2026-09-04,357.29864,284.92350,102.66297,35.69242,181.18594,25.13149,21.94781,1.81347
2026-09-05,346.29361,296.96095,105.51443,35.42946,118.60380,25.17578,22.74674,1.93680
